ISO-10303-21;
HEADER;
/* Generated by software containing ST-Developer
 * from STEP Tools, Inc. (www.steptools.com) 
 */
/* OPTION: strings as raw bytes, not using required /X/ escapes */

FILE_DESCRIPTION(
/* description */ ('Unknown'),
/* implementation_level */ '2;1');

FILE_NAME(
/* name */ '374524B60023G',
/* time_stamp */ '2025-01-08T14:39:14+02:00',
/* author */ ('Unknown'),
/* organization */ ('Unknown'),
/* preprocessor_version */ 'ST-DEVELOPER v19.4',
/* originating_system */ 'Solid Edge',
/* authorisation */ 'Unknown');

FILE_SCHEMA (('AUTOMOTIVE_DESIGN {1 0 10303 214 3 1 1}'));
ENDSEC;

DATA;
#10=PROPERTY_DEFINITION_REPRESENTATION(#14,#12);
#11=PROPERTY_DEFINITION_REPRESENTATION(#15,#13);
#12=REPRESENTATION('',(#16),#9251);
#13=REPRESENTATION('',(#17),#9251);
#14=PROPERTY_DEFINITION('pmi validation property','',#9256);
#15=PROPERTY_DEFINITION('pmi validation property','',#9256);
#16=VALUE_REPRESENTATION_ITEM('number of annotations',COUNT_MEASURE(0.));
#17=VALUE_REPRESENTATION_ITEM('number of views',COUNT_MEASURE(0.));
#18=SHAPE_REPRESENTATION_RELATIONSHIP('','',#5613,#19);
#19=ADVANCED_BREP_SHAPE_REPRESENTATION('',(#5611),#9251);
#20=CIRCLE('',#5657,0.74943809328879);
#21=CIRCLE('',#5658,0.74943809328879);
#22=CIRCLE('',#5660,0.74943809328879);
#23=CIRCLE('',#5661,0.74943809328879);
#24=CIRCLE('',#5663,0.74943809328879);
#25=CIRCLE('',#5664,0.74943809328879);
#26=CIRCLE('',#5666,0.74943809328879);
#27=CIRCLE('',#5667,0.74943809328879);
#28=CIRCLE('',#5669,0.74943809328879);
#29=CIRCLE('',#5670,0.74943809328879);
#30=CIRCLE('',#5672,0.787274454147179);
#31=CIRCLE('',#5673,0.787274454147179);
#32=CIRCLE('',#5675,0.787274454147179);
#33=CIRCLE('',#5676,0.787274454147179);
#34=CIRCLE('',#5678,0.787274454147179);
#35=CIRCLE('',#5679,0.787274454147179);
#36=CIRCLE('',#5681,0.787274454147179);
#37=CIRCLE('',#5682,0.787274454147179);
#38=CIRCLE('',#5684,0.787274454147179);
#39=CIRCLE('',#5685,0.787274454147179);
#40=CIRCLE('',#5697,1.01455806826531);
#41=CIRCLE('',#5698,1.01455806826531);
#42=CIRCLE('',#5700,1.01455806826531);
#43=CIRCLE('',#5701,1.01455806826531);
#44=CIRCLE('',#5703,1.01455806826531);
#45=CIRCLE('',#5704,1.01455806826531);
#46=CIRCLE('',#5706,1.01455806826531);
#47=CIRCLE('',#5707,1.01455806826531);
#48=CIRCLE('',#5709,1.01455806826531);
#49=CIRCLE('',#5710,1.01455806826531);
#50=CIRCLE('',#5712,0.857192786283968);
#51=CIRCLE('',#5713,0.857192786283968);
#52=CIRCLE('',#5715,0.857192786283968);
#53=CIRCLE('',#5716,0.857192786283968);
#54=CIRCLE('',#5718,0.857192786283968);
#55=CIRCLE('',#5719,0.857192786283968);
#56=CIRCLE('',#5721,0.857192786283968);
#57=CIRCLE('',#5722,0.857192786283968);
#58=CIRCLE('',#5724,0.857192786283968);
#59=CIRCLE('',#5725,0.857192786283968);
#60=CIRCLE('',#5737,0.316815426245363);
#61=CIRCLE('',#5738,0.316815426245363);
#62=CIRCLE('',#5740,0.316815426245363);
#63=CIRCLE('',#5741,0.316815426245363);
#64=CIRCLE('',#5743,0.316815426245363);
#65=CIRCLE('',#5744,0.316815426245363);
#66=CIRCLE('',#5746,0.316815426245363);
#67=CIRCLE('',#5747,0.316815426245363);
#68=CIRCLE('',#5749,0.316815426245363);
#69=CIRCLE('',#5750,0.316815426245363);
#70=CIRCLE('',#5767,0.800970372350037);
#71=CIRCLE('',#5768,0.800970372350037);
#72=CIRCLE('',#5770,0.800970372350037);
#73=CIRCLE('',#5771,0.800970372350037);
#74=CIRCLE('',#5773,0.800970372350037);
#75=CIRCLE('',#5774,0.800970372350037);
#76=CIRCLE('',#5776,0.800970372350037);
#77=CIRCLE('',#5777,0.800970372350037);
#78=CIRCLE('',#5779,0.800970372350037);
#79=CIRCLE('',#5780,0.800970372350037);
#80=CIRCLE('',#5797,0.316815426245363);
#81=CIRCLE('',#5798,0.316815426245363);
#82=CIRCLE('',#5800,0.316815426245363);
#83=CIRCLE('',#5801,0.316815426245363);
#84=CIRCLE('',#5803,0.316815426245363);
#85=CIRCLE('',#5804,0.316815426245363);
#86=CIRCLE('',#5806,0.316815426245363);
#87=CIRCLE('',#5807,0.316815426245363);
#88=CIRCLE('',#5809,0.316815426245363);
#89=CIRCLE('',#5810,0.316815426245363);
#90=CIRCLE('',#5822,0.946070280024653);
#91=CIRCLE('',#5823,0.946070280024653);
#92=CIRCLE('',#5825,0.946070280024653);
#93=CIRCLE('',#5826,0.946070280024653);
#94=CIRCLE('',#5828,0.946070280024653);
#95=CIRCLE('',#5829,0.946070280024653);
#96=CIRCLE('',#5831,0.946070280024653);
#97=CIRCLE('',#5832,0.946070280024653);
#98=CIRCLE('',#5834,0.946070280024653);
#99=CIRCLE('',#5835,0.946070280024653);
#100=CIRCLE('',#5847,0.857192786283968);
#101=CIRCLE('',#5848,0.857192786283968);
#102=CIRCLE('',#5850,0.857192786283968);
#103=CIRCLE('',#5851,0.857192786283968);
#104=CIRCLE('',#5853,0.857192786283968);
#105=CIRCLE('',#5854,0.857192786283968);
#106=CIRCLE('',#5856,0.857192786283968);
#107=CIRCLE('',#5857,0.857192786283968);
#108=CIRCLE('',#5859,0.857192786283968);
#109=CIRCLE('',#5860,0.857192786283968);
#110=CIRCLE('',#5862,1.01455806826531);
#111=CIRCLE('',#5863,1.01455806826531);
#112=CIRCLE('',#5865,1.01455806826531);
#113=CIRCLE('',#5866,1.01455806826531);
#114=CIRCLE('',#5868,1.01455806826531);
#115=CIRCLE('',#5869,1.01455806826531);
#116=CIRCLE('',#5871,1.01455806826531);
#117=CIRCLE('',#5872,1.01455806826531);
#118=CIRCLE('',#5874,1.01455806826531);
#119=CIRCLE('',#5875,1.01455806826531);
#120=CIRCLE('',#5887,0.74943809328879);
#121=CIRCLE('',#5888,0.74943809328879);
#122=CIRCLE('',#5890,0.74943809328879);
#123=CIRCLE('',#5891,0.74943809328879);
#124=CIRCLE('',#5893,0.74943809328879);
#125=CIRCLE('',#5894,0.74943809328879);
#126=CIRCLE('',#5896,0.74943809328879);
#127=CIRCLE('',#5897,0.74943809328879);
#128=CIRCLE('',#5899,0.74943809328879);
#129=CIRCLE('',#5900,0.74943809328879);
#130=CIRCLE('',#5902,0.787274454147179);
#131=CIRCLE('',#5903,0.787274454147179);
#132=CIRCLE('',#5905,0.787274454147179);
#133=CIRCLE('',#5906,0.787274454147179);
#134=CIRCLE('',#5908,0.787274454147179);
#135=CIRCLE('',#5909,0.787274454147179);
#136=CIRCLE('',#5911,0.787274454147179);
#137=CIRCLE('',#5912,0.787274454147179);
#138=CIRCLE('',#5914,0.787274454147179);
#139=CIRCLE('',#5915,0.787274454147179);
#140=CIRCLE('',#5917,0.991109993294813);
#141=CIRCLE('',#5918,0.991109993294813);
#142=CIRCLE('',#5920,0.991109993294813);
#143=CIRCLE('',#5921,0.991109993294813);
#144=CIRCLE('',#5923,0.991109993294813);
#145=CIRCLE('',#5924,0.991109993294813);
#146=CIRCLE('',#5926,0.991109993294813);
#147=CIRCLE('',#5927,0.991109993294813);
#148=CIRCLE('',#5929,0.991109993294813);
#149=CIRCLE('',#5930,0.991109993294813);
#150=CIRCLE('',#5932,0.991109993294813);
#151=CIRCLE('',#5933,0.991109993294813);
#152=CIRCLE('',#5935,0.991109993294813);
#153=CIRCLE('',#5936,0.991109993294813);
#154=CIRCLE('',#5938,0.991109993294813);
#155=CIRCLE('',#5939,0.991109993294813);
#156=CIRCLE('',#5941,0.991109993294813);
#157=CIRCLE('',#5942,0.991109993294813);
#158=CIRCLE('',#5944,0.991109993294813);
#159=CIRCLE('',#5945,0.991109993294813);
#160=CIRCLE('',#5955,0.991109993294813);
#161=CIRCLE('',#5956,0.991109993294813);
#162=CIRCLE('',#5957,0.787274454147179);
#163=CIRCLE('',#5958,0.74943809328879);
#164=CIRCLE('',#5959,0.857192786283968);
#165=CIRCLE('',#5960,1.01455806826531);
#166=CIRCLE('',#5961,0.316815426245363);
#167=CIRCLE('',#5962,0.800970372350037);
#168=CIRCLE('',#5963,0.316815426245363);
#169=CIRCLE('',#5964,0.946070280024653);
#170=CIRCLE('',#5965,1.01455806826531);
#171=CIRCLE('',#5966,0.857192786283968);
#172=CIRCLE('',#5967,0.74943809328879);
#173=CIRCLE('',#5968,0.787274454147179);
#174=CIRCLE('',#5973,0.74943809328879);
#175=CIRCLE('',#5975,0.787274454147179);
#176=CIRCLE('',#5979,1.01455806826531);
#177=CIRCLE('',#5981,0.857192786283968);
#178=CIRCLE('',#5985,0.316815426245363);
#179=CIRCLE('',#5990,0.800970372350037);
#180=CIRCLE('',#5995,0.316815426245363);
#181=CIRCLE('',#5999,0.946070280024653);
#182=CIRCLE('',#6003,0.857192786283968);
#183=CIRCLE('',#6005,1.01455806826531);
#184=CIRCLE('',#6010,0.74943809328879);
#185=CIRCLE('',#6012,0.787274454147179);
#186=CIRCLE('',#6014,0.991109993294813);
#187=CIRCLE('',#6016,0.991109993294813);
#188=CYLINDRICAL_SURFACE('',#5656,0.74943809328879);
#189=CYLINDRICAL_SURFACE('',#5659,0.74943809328879);
#190=CYLINDRICAL_SURFACE('',#5662,0.74943809328879);
#191=CYLINDRICAL_SURFACE('',#5665,0.74943809328879);
#192=CYLINDRICAL_SURFACE('',#5668,0.74943809328879);
#193=CYLINDRICAL_SURFACE('',#5671,0.787274454147179);
#194=CYLINDRICAL_SURFACE('',#5674,0.787274454147179);
#195=CYLINDRICAL_SURFACE('',#5677,0.787274454147179);
#196=CYLINDRICAL_SURFACE('',#5680,0.787274454147179);
#197=CYLINDRICAL_SURFACE('',#5683,0.787274454147179);
#198=CYLINDRICAL_SURFACE('',#5696,1.01455806826531);
#199=CYLINDRICAL_SURFACE('',#5699,1.01455806826531);
#200=CYLINDRICAL_SURFACE('',#5702,1.01455806826531);
#201=CYLINDRICAL_SURFACE('',#5705,1.01455806826531);
#202=CYLINDRICAL_SURFACE('',#5708,1.01455806826531);
#203=CYLINDRICAL_SURFACE('',#5711,0.857192786283968);
#204=CYLINDRICAL_SURFACE('',#5714,0.857192786283968);
#205=CYLINDRICAL_SURFACE('',#5717,0.857192786283968);
#206=CYLINDRICAL_SURFACE('',#5720,0.857192786283968);
#207=CYLINDRICAL_SURFACE('',#5723,0.857192786283968);
#208=CYLINDRICAL_SURFACE('',#5736,0.316815426245363);
#209=CYLINDRICAL_SURFACE('',#5739,0.316815426245363);
#210=CYLINDRICAL_SURFACE('',#5742,0.316815426245363);
#211=CYLINDRICAL_SURFACE('',#5745,0.316815426245363);
#212=CYLINDRICAL_SURFACE('',#5748,0.316815426245363);
#213=CYLINDRICAL_SURFACE('',#5766,0.800970372350037);
#214=CYLINDRICAL_SURFACE('',#5769,0.800970372350037);
#215=CYLINDRICAL_SURFACE('',#5772,0.800970372350037);
#216=CYLINDRICAL_SURFACE('',#5775,0.800970372350037);
#217=CYLINDRICAL_SURFACE('',#5778,0.800970372350037);
#218=CYLINDRICAL_SURFACE('',#5796,0.316815426245363);
#219=CYLINDRICAL_SURFACE('',#5799,0.316815426245363);
#220=CYLINDRICAL_SURFACE('',#5802,0.316815426245363);
#221=CYLINDRICAL_SURFACE('',#5805,0.316815426245363);
#222=CYLINDRICAL_SURFACE('',#5808,0.316815426245363);
#223=CYLINDRICAL_SURFACE('',#5821,0.946070280024653);
#224=CYLINDRICAL_SURFACE('',#5824,0.946070280024653);
#225=CYLINDRICAL_SURFACE('',#5827,0.946070280024653);
#226=CYLINDRICAL_SURFACE('',#5830,0.946070280024653);
#227=CYLINDRICAL_SURFACE('',#5833,0.946070280024653);
#228=CYLINDRICAL_SURFACE('',#5846,0.857192786283968);
#229=CYLINDRICAL_SURFACE('',#5849,0.857192786283968);
#230=CYLINDRICAL_SURFACE('',#5852,0.857192786283968);
#231=CYLINDRICAL_SURFACE('',#5855,0.857192786283968);
#232=CYLINDRICAL_SURFACE('',#5858,0.857192786283968);
#233=CYLINDRICAL_SURFACE('',#5861,1.01455806826531);
#234=CYLINDRICAL_SURFACE('',#5864,1.01455806826531);
#235=CYLINDRICAL_SURFACE('',#5867,1.01455806826531);
#236=CYLINDRICAL_SURFACE('',#5870,1.01455806826531);
#237=CYLINDRICAL_SURFACE('',#5873,1.01455806826531);
#238=CYLINDRICAL_SURFACE('',#5886,0.74943809328879);
#239=CYLINDRICAL_SURFACE('',#5889,0.74943809328879);
#240=CYLINDRICAL_SURFACE('',#5892,0.74943809328879);
#241=CYLINDRICAL_SURFACE('',#5895,0.74943809328879);
#242=CYLINDRICAL_SURFACE('',#5898,0.74943809328879);
#243=CYLINDRICAL_SURFACE('',#5901,0.787274454147179);
#244=CYLINDRICAL_SURFACE('',#5904,0.787274454147179);
#245=CYLINDRICAL_SURFACE('',#5907,0.787274454147179);
#246=CYLINDRICAL_SURFACE('',#5910,0.787274454147179);
#247=CYLINDRICAL_SURFACE('',#5913,0.787274454147179);
#248=CYLINDRICAL_SURFACE('',#5916,0.991109993294813);
#249=CYLINDRICAL_SURFACE('',#5919,0.991109993294813);
#250=CYLINDRICAL_SURFACE('',#5922,0.991109993294813);
#251=CYLINDRICAL_SURFACE('',#5925,0.991109993294813);
#252=CYLINDRICAL_SURFACE('',#5928,0.991109993294813);
#253=CYLINDRICAL_SURFACE('',#5931,0.991109993294813);
#254=CYLINDRICAL_SURFACE('',#5934,0.991109993294813);
#255=CYLINDRICAL_SURFACE('',#5937,0.991109993294813);
#256=CYLINDRICAL_SURFACE('',#5940,0.991109993294813);
#257=CYLINDRICAL_SURFACE('',#5943,0.991109993294813);
#258=CYLINDRICAL_SURFACE('',#5972,0.74943809328879);
#259=CYLINDRICAL_SURFACE('',#5974,0.787274454147179);
#260=CYLINDRICAL_SURFACE('',#5978,1.01455806826531);
#261=CYLINDRICAL_SURFACE('',#5980,0.857192786283968);
#262=CYLINDRICAL_SURFACE('',#5984,0.316815426245363);
#263=CYLINDRICAL_SURFACE('',#5989,0.800970372350037);
#264=CYLINDRICAL_SURFACE('',#5994,0.316815426245363);
#265=CYLINDRICAL_SURFACE('',#5998,0.946070280024653);
#266=CYLINDRICAL_SURFACE('',#6002,0.857192786283968);
#267=CYLINDRICAL_SURFACE('',#6004,1.01455806826531);
#268=CYLINDRICAL_SURFACE('',#6009,0.74943809328879);
#269=CYLINDRICAL_SURFACE('',#6011,0.787274454147179);
#270=CYLINDRICAL_SURFACE('',#6013,0.991109993294813);
#271=CYLINDRICAL_SURFACE('',#6015,0.991109993294813);
#272=ORIENTED_EDGE('',*,*,#1892,.T.);
#273=ORIENTED_EDGE('',*,*,#1893,.T.);
#274=ORIENTED_EDGE('',*,*,#1894,.F.);
#275=ORIENTED_EDGE('',*,*,#1895,.T.);
#276=ORIENTED_EDGE('',*,*,#1896,.F.);
#277=ORIENTED_EDGE('',*,*,#1897,.T.);
#278=ORIENTED_EDGE('',*,*,#1898,.T.);
#279=ORIENTED_EDGE('',*,*,#1899,.F.);
#280=ORIENTED_EDGE('',*,*,#1900,.F.);
#281=ORIENTED_EDGE('',*,*,#1901,.T.);
#282=ORIENTED_EDGE('',*,*,#1902,.T.);
#283=ORIENTED_EDGE('',*,*,#1903,.F.);
#284=ORIENTED_EDGE('',*,*,#1904,.F.);
#285=ORIENTED_EDGE('',*,*,#1905,.T.);
#286=ORIENTED_EDGE('',*,*,#1906,.T.);
#287=ORIENTED_EDGE('',*,*,#1907,.F.);
#288=ORIENTED_EDGE('',*,*,#1908,.F.);
#289=ORIENTED_EDGE('',*,*,#1909,.T.);
#290=ORIENTED_EDGE('',*,*,#1910,.T.);
#291=ORIENTED_EDGE('',*,*,#1911,.F.);
#292=ORIENTED_EDGE('',*,*,#1912,.T.);
#293=ORIENTED_EDGE('',*,*,#1913,.T.);
#294=ORIENTED_EDGE('',*,*,#1914,.F.);
#295=ORIENTED_EDGE('',*,*,#1915,.T.);
#296=ORIENTED_EDGE('',*,*,#1916,.F.);
#297=ORIENTED_EDGE('',*,*,#1917,.T.);
#298=ORIENTED_EDGE('',*,*,#1918,.T.);
#299=ORIENTED_EDGE('',*,*,#1919,.F.);
#300=ORIENTED_EDGE('',*,*,#1920,.F.);
#301=ORIENTED_EDGE('',*,*,#1921,.T.);
#302=ORIENTED_EDGE('',*,*,#1922,.T.);
#303=ORIENTED_EDGE('',*,*,#1923,.F.);
#304=ORIENTED_EDGE('',*,*,#1924,.F.);
#305=ORIENTED_EDGE('',*,*,#1925,.T.);
#306=ORIENTED_EDGE('',*,*,#1926,.T.);
#307=ORIENTED_EDGE('',*,*,#1927,.F.);
#308=ORIENTED_EDGE('',*,*,#1928,.F.);
#309=ORIENTED_EDGE('',*,*,#1929,.T.);
#310=ORIENTED_EDGE('',*,*,#1930,.T.);
#311=ORIENTED_EDGE('',*,*,#1931,.F.);
#312=ORIENTED_EDGE('',*,*,#1932,.T.);
#313=ORIENTED_EDGE('',*,*,#1933,.T.);
#314=ORIENTED_EDGE('',*,*,#1934,.F.);
#315=ORIENTED_EDGE('',*,*,#1935,.T.);
#316=ORIENTED_EDGE('',*,*,#1936,.F.);
#317=ORIENTED_EDGE('',*,*,#1937,.T.);
#318=ORIENTED_EDGE('',*,*,#1938,.T.);
#319=ORIENTED_EDGE('',*,*,#1939,.F.);
#320=ORIENTED_EDGE('',*,*,#1940,.F.);
#321=ORIENTED_EDGE('',*,*,#1941,.T.);
#322=ORIENTED_EDGE('',*,*,#1942,.T.);
#323=ORIENTED_EDGE('',*,*,#1943,.F.);
#324=ORIENTED_EDGE('',*,*,#1944,.F.);
#325=ORIENTED_EDGE('',*,*,#1945,.T.);
#326=ORIENTED_EDGE('',*,*,#1946,.T.);
#327=ORIENTED_EDGE('',*,*,#1947,.F.);
#328=ORIENTED_EDGE('',*,*,#1948,.F.);
#329=ORIENTED_EDGE('',*,*,#1949,.T.);
#330=ORIENTED_EDGE('',*,*,#1950,.T.);
#331=ORIENTED_EDGE('',*,*,#1951,.F.);
#332=ORIENTED_EDGE('',*,*,#1952,.T.);
#333=ORIENTED_EDGE('',*,*,#1953,.T.);
#334=ORIENTED_EDGE('',*,*,#1954,.F.);
#335=ORIENTED_EDGE('',*,*,#1955,.T.);
#336=ORIENTED_EDGE('',*,*,#1956,.F.);
#337=ORIENTED_EDGE('',*,*,#1957,.T.);
#338=ORIENTED_EDGE('',*,*,#1958,.T.);
#339=ORIENTED_EDGE('',*,*,#1959,.F.);
#340=ORIENTED_EDGE('',*,*,#1960,.F.);
#341=ORIENTED_EDGE('',*,*,#1961,.T.);
#342=ORIENTED_EDGE('',*,*,#1962,.T.);
#343=ORIENTED_EDGE('',*,*,#1963,.F.);
#344=ORIENTED_EDGE('',*,*,#1964,.F.);
#345=ORIENTED_EDGE('',*,*,#1965,.T.);
#346=ORIENTED_EDGE('',*,*,#1966,.T.);
#347=ORIENTED_EDGE('',*,*,#1967,.F.);
#348=ORIENTED_EDGE('',*,*,#1968,.F.);
#349=ORIENTED_EDGE('',*,*,#1969,.T.);
#350=ORIENTED_EDGE('',*,*,#1970,.T.);
#351=ORIENTED_EDGE('',*,*,#1971,.F.);
#352=ORIENTED_EDGE('',*,*,#1972,.T.);
#353=ORIENTED_EDGE('',*,*,#1973,.T.);
#354=ORIENTED_EDGE('',*,*,#1974,.F.);
#355=ORIENTED_EDGE('',*,*,#1975,.T.);
#356=ORIENTED_EDGE('',*,*,#1976,.F.);
#357=ORIENTED_EDGE('',*,*,#1977,.T.);
#358=ORIENTED_EDGE('',*,*,#1978,.T.);
#359=ORIENTED_EDGE('',*,*,#1979,.F.);
#360=ORIENTED_EDGE('',*,*,#1980,.F.);
#361=ORIENTED_EDGE('',*,*,#1981,.T.);
#362=ORIENTED_EDGE('',*,*,#1982,.T.);
#363=ORIENTED_EDGE('',*,*,#1983,.F.);
#364=ORIENTED_EDGE('',*,*,#1984,.F.);
#365=ORIENTED_EDGE('',*,*,#1985,.T.);
#366=ORIENTED_EDGE('',*,*,#1986,.T.);
#367=ORIENTED_EDGE('',*,*,#1987,.F.);
#368=ORIENTED_EDGE('',*,*,#1988,.F.);
#369=ORIENTED_EDGE('',*,*,#1989,.T.);
#370=ORIENTED_EDGE('',*,*,#1990,.T.);
#371=ORIENTED_EDGE('',*,*,#1991,.F.);
#372=ORIENTED_EDGE('',*,*,#1992,.T.);
#373=ORIENTED_EDGE('',*,*,#1993,.T.);
#374=ORIENTED_EDGE('',*,*,#1994,.F.);
#375=ORIENTED_EDGE('',*,*,#1995,.T.);
#376=ORIENTED_EDGE('',*,*,#1996,.F.);
#377=ORIENTED_EDGE('',*,*,#1997,.T.);
#378=ORIENTED_EDGE('',*,*,#1998,.T.);
#379=ORIENTED_EDGE('',*,*,#1999,.F.);
#380=ORIENTED_EDGE('',*,*,#2000,.F.);
#381=ORIENTED_EDGE('',*,*,#2001,.T.);
#382=ORIENTED_EDGE('',*,*,#2002,.T.);
#383=ORIENTED_EDGE('',*,*,#2003,.F.);
#384=ORIENTED_EDGE('',*,*,#2004,.F.);
#385=ORIENTED_EDGE('',*,*,#2005,.T.);
#386=ORIENTED_EDGE('',*,*,#2006,.T.);
#387=ORIENTED_EDGE('',*,*,#2007,.F.);
#388=ORIENTED_EDGE('',*,*,#2008,.F.);
#389=ORIENTED_EDGE('',*,*,#2009,.T.);
#390=ORIENTED_EDGE('',*,*,#2010,.T.);
#391=ORIENTED_EDGE('',*,*,#2011,.F.);
#392=ORIENTED_EDGE('',*,*,#2012,.F.);
#393=ORIENTED_EDGE('',*,*,#2013,.F.);
#394=ORIENTED_EDGE('',*,*,#2014,.F.);
#395=ORIENTED_EDGE('',*,*,#2015,.T.);
#396=ORIENTED_EDGE('',*,*,#2016,.F.);
#397=ORIENTED_EDGE('',*,*,#2017,.F.);
#398=ORIENTED_EDGE('',*,*,#2018,.F.);
#399=ORIENTED_EDGE('',*,*,#2019,.T.);
#400=ORIENTED_EDGE('',*,*,#2020,.F.);
#401=ORIENTED_EDGE('',*,*,#2021,.F.);
#402=ORIENTED_EDGE('',*,*,#2022,.F.);
#403=ORIENTED_EDGE('',*,*,#2023,.T.);
#404=ORIENTED_EDGE('',*,*,#2024,.F.);
#405=ORIENTED_EDGE('',*,*,#2025,.F.);
#406=ORIENTED_EDGE('',*,*,#2026,.F.);
#407=ORIENTED_EDGE('',*,*,#2027,.T.);
#408=ORIENTED_EDGE('',*,*,#2028,.F.);
#409=ORIENTED_EDGE('',*,*,#2029,.F.);
#410=ORIENTED_EDGE('',*,*,#2030,.F.);
#411=ORIENTED_EDGE('',*,*,#2031,.T.);
#412=ORIENTED_EDGE('',*,*,#2032,.T.);
#413=ORIENTED_EDGE('',*,*,#2033,.T.);
#414=ORIENTED_EDGE('',*,*,#2034,.F.);
#415=ORIENTED_EDGE('',*,*,#2035,.T.);
#416=ORIENTED_EDGE('',*,*,#2036,.F.);
#417=ORIENTED_EDGE('',*,*,#2037,.F.);
#418=ORIENTED_EDGE('',*,*,#2038,.T.);
#419=ORIENTED_EDGE('',*,*,#2039,.T.);
#420=ORIENTED_EDGE('',*,*,#2040,.F.);
#421=ORIENTED_EDGE('',*,*,#2041,.T.);
#422=ORIENTED_EDGE('',*,*,#2042,.F.);
#423=ORIENTED_EDGE('',*,*,#2043,.F.);
#424=ORIENTED_EDGE('',*,*,#2044,.F.);
#425=ORIENTED_EDGE('',*,*,#2045,.T.);
#426=ORIENTED_EDGE('',*,*,#2046,.F.);
#427=ORIENTED_EDGE('',*,*,#2047,.F.);
#428=ORIENTED_EDGE('',*,*,#2048,.F.);
#429=ORIENTED_EDGE('',*,*,#2049,.T.);
#430=ORIENTED_EDGE('',*,*,#2050,.F.);
#431=ORIENTED_EDGE('',*,*,#2051,.F.);
#432=ORIENTED_EDGE('',*,*,#2052,.F.);
#433=ORIENTED_EDGE('',*,*,#2053,.T.);
#434=ORIENTED_EDGE('',*,*,#2054,.F.);
#435=ORIENTED_EDGE('',*,*,#2055,.F.);
#436=ORIENTED_EDGE('',*,*,#2056,.F.);
#437=ORIENTED_EDGE('',*,*,#2057,.F.);
#438=ORIENTED_EDGE('',*,*,#2058,.T.);
#439=ORIENTED_EDGE('',*,*,#2059,.T.);
#440=ORIENTED_EDGE('',*,*,#2060,.F.);
#441=ORIENTED_EDGE('',*,*,#2061,.T.);
#442=ORIENTED_EDGE('',*,*,#2062,.F.);
#443=ORIENTED_EDGE('',*,*,#2063,.F.);
#444=ORIENTED_EDGE('',*,*,#2064,.F.);
#445=ORIENTED_EDGE('',*,*,#2065,.T.);
#446=ORIENTED_EDGE('',*,*,#2066,.F.);
#447=ORIENTED_EDGE('',*,*,#2067,.F.);
#448=ORIENTED_EDGE('',*,*,#2068,.F.);
#449=ORIENTED_EDGE('',*,*,#2069,.T.);
#450=ORIENTED_EDGE('',*,*,#2070,.F.);
#451=ORIENTED_EDGE('',*,*,#2071,.F.);
#452=ORIENTED_EDGE('',*,*,#2072,.F.);
#453=ORIENTED_EDGE('',*,*,#2073,.T.);
#454=ORIENTED_EDGE('',*,*,#2074,.F.);
#455=ORIENTED_EDGE('',*,*,#2075,.F.);
#456=ORIENTED_EDGE('',*,*,#2076,.F.);
#457=ORIENTED_EDGE('',*,*,#2059,.F.);
#458=ORIENTED_EDGE('',*,*,#2077,.T.);
#459=ORIENTED_EDGE('',*,*,#1974,.T.);
#460=ORIENTED_EDGE('',*,*,#2078,.F.);
#461=ORIENTED_EDGE('',*,*,#1979,.T.);
#462=ORIENTED_EDGE('',*,*,#2079,.F.);
#463=ORIENTED_EDGE('',*,*,#2061,.F.);
#464=ORIENTED_EDGE('',*,*,#2080,.F.);
#465=ORIENTED_EDGE('',*,*,#1983,.T.);
#466=ORIENTED_EDGE('',*,*,#2081,.F.);
#467=ORIENTED_EDGE('',*,*,#2065,.F.);
#468=ORIENTED_EDGE('',*,*,#2082,.F.);
#469=ORIENTED_EDGE('',*,*,#1991,.T.);
#470=ORIENTED_EDGE('',*,*,#2083,.F.);
#471=ORIENTED_EDGE('',*,*,#2069,.F.);
#472=ORIENTED_EDGE('',*,*,#2084,.F.);
#473=ORIENTED_EDGE('',*,*,#1987,.T.);
#474=ORIENTED_EDGE('',*,*,#2085,.F.);
#475=ORIENTED_EDGE('',*,*,#2073,.F.);
#476=ORIENTED_EDGE('',*,*,#2086,.F.);
#477=ORIENTED_EDGE('',*,*,#1992,.F.);
#478=ORIENTED_EDGE('',*,*,#2087,.T.);
#479=ORIENTED_EDGE('',*,*,#2037,.T.);
#480=ORIENTED_EDGE('',*,*,#2088,.F.);
#481=ORIENTED_EDGE('',*,*,#2043,.T.);
#482=ORIENTED_EDGE('',*,*,#2089,.F.);
#483=ORIENTED_EDGE('',*,*,#1997,.F.);
#484=ORIENTED_EDGE('',*,*,#2090,.F.);
#485=ORIENTED_EDGE('',*,*,#2047,.T.);
#486=ORIENTED_EDGE('',*,*,#2091,.F.);
#487=ORIENTED_EDGE('',*,*,#2001,.F.);
#488=ORIENTED_EDGE('',*,*,#2092,.F.);
#489=ORIENTED_EDGE('',*,*,#2051,.T.);
#490=ORIENTED_EDGE('',*,*,#2093,.F.);
#491=ORIENTED_EDGE('',*,*,#2009,.F.);
#492=ORIENTED_EDGE('',*,*,#2094,.F.);
#493=ORIENTED_EDGE('',*,*,#2055,.T.);
#494=ORIENTED_EDGE('',*,*,#2095,.F.);
#495=ORIENTED_EDGE('',*,*,#2005,.F.);
#496=ORIENTED_EDGE('',*,*,#2096,.F.);
#497=ORIENTED_EDGE('',*,*,#2097,.F.);
#498=ORIENTED_EDGE('',*,*,#2098,.T.);
#499=ORIENTED_EDGE('',*,*,#2099,.T.);
#500=ORIENTED_EDGE('',*,*,#2100,.F.);
#501=ORIENTED_EDGE('',*,*,#2101,.T.);
#502=ORIENTED_EDGE('',*,*,#2102,.F.);
#503=ORIENTED_EDGE('',*,*,#2103,.F.);
#504=ORIENTED_EDGE('',*,*,#2104,.F.);
#505=ORIENTED_EDGE('',*,*,#2105,.T.);
#506=ORIENTED_EDGE('',*,*,#2106,.F.);
#507=ORIENTED_EDGE('',*,*,#2107,.F.);
#508=ORIENTED_EDGE('',*,*,#2108,.F.);
#509=ORIENTED_EDGE('',*,*,#2109,.T.);
#510=ORIENTED_EDGE('',*,*,#2110,.F.);
#511=ORIENTED_EDGE('',*,*,#2111,.F.);
#512=ORIENTED_EDGE('',*,*,#2112,.F.);
#513=ORIENTED_EDGE('',*,*,#2113,.T.);
#514=ORIENTED_EDGE('',*,*,#2114,.F.);
#515=ORIENTED_EDGE('',*,*,#2115,.F.);
#516=ORIENTED_EDGE('',*,*,#2116,.F.);
#517=ORIENTED_EDGE('',*,*,#2117,.F.);
#518=ORIENTED_EDGE('',*,*,#2118,.T.);
#519=ORIENTED_EDGE('',*,*,#2119,.T.);
#520=ORIENTED_EDGE('',*,*,#2120,.F.);
#521=ORIENTED_EDGE('',*,*,#2121,.T.);
#522=ORIENTED_EDGE('',*,*,#2122,.F.);
#523=ORIENTED_EDGE('',*,*,#2123,.F.);
#524=ORIENTED_EDGE('',*,*,#2124,.F.);
#525=ORIENTED_EDGE('',*,*,#2125,.T.);
#526=ORIENTED_EDGE('',*,*,#2126,.F.);
#527=ORIENTED_EDGE('',*,*,#2127,.F.);
#528=ORIENTED_EDGE('',*,*,#2128,.F.);
#529=ORIENTED_EDGE('',*,*,#2129,.T.);
#530=ORIENTED_EDGE('',*,*,#2130,.F.);
#531=ORIENTED_EDGE('',*,*,#2131,.F.);
#532=ORIENTED_EDGE('',*,*,#2132,.F.);
#533=ORIENTED_EDGE('',*,*,#2133,.T.);
#534=ORIENTED_EDGE('',*,*,#2134,.F.);
#535=ORIENTED_EDGE('',*,*,#2135,.F.);
#536=ORIENTED_EDGE('',*,*,#2136,.F.);
#537=ORIENTED_EDGE('',*,*,#2119,.F.);
#538=ORIENTED_EDGE('',*,*,#2137,.T.);
#539=ORIENTED_EDGE('',*,*,#1954,.T.);
#540=ORIENTED_EDGE('',*,*,#2138,.F.);
#541=ORIENTED_EDGE('',*,*,#1959,.T.);
#542=ORIENTED_EDGE('',*,*,#2139,.F.);
#543=ORIENTED_EDGE('',*,*,#2121,.F.);
#544=ORIENTED_EDGE('',*,*,#2140,.F.);
#545=ORIENTED_EDGE('',*,*,#1963,.T.);
#546=ORIENTED_EDGE('',*,*,#2141,.F.);
#547=ORIENTED_EDGE('',*,*,#2125,.F.);
#548=ORIENTED_EDGE('',*,*,#2142,.F.);
#549=ORIENTED_EDGE('',*,*,#1971,.T.);
#550=ORIENTED_EDGE('',*,*,#2143,.F.);
#551=ORIENTED_EDGE('',*,*,#2129,.F.);
#552=ORIENTED_EDGE('',*,*,#2144,.F.);
#553=ORIENTED_EDGE('',*,*,#1967,.T.);
#554=ORIENTED_EDGE('',*,*,#2145,.F.);
#555=ORIENTED_EDGE('',*,*,#2133,.F.);
#556=ORIENTED_EDGE('',*,*,#2146,.F.);
#557=ORIENTED_EDGE('',*,*,#1972,.F.);
#558=ORIENTED_EDGE('',*,*,#2147,.T.);
#559=ORIENTED_EDGE('',*,*,#2097,.T.);
#560=ORIENTED_EDGE('',*,*,#2148,.F.);
#561=ORIENTED_EDGE('',*,*,#2103,.T.);
#562=ORIENTED_EDGE('',*,*,#2149,.F.);
#563=ORIENTED_EDGE('',*,*,#1977,.F.);
#564=ORIENTED_EDGE('',*,*,#2150,.F.);
#565=ORIENTED_EDGE('',*,*,#2107,.T.);
#566=ORIENTED_EDGE('',*,*,#2151,.F.);
#567=ORIENTED_EDGE('',*,*,#1981,.F.);
#568=ORIENTED_EDGE('',*,*,#2152,.F.);
#569=ORIENTED_EDGE('',*,*,#2111,.T.);
#570=ORIENTED_EDGE('',*,*,#2153,.F.);
#571=ORIENTED_EDGE('',*,*,#1989,.F.);
#572=ORIENTED_EDGE('',*,*,#2154,.F.);
#573=ORIENTED_EDGE('',*,*,#2115,.T.);
#574=ORIENTED_EDGE('',*,*,#2155,.F.);
#575=ORIENTED_EDGE('',*,*,#1985,.F.);
#576=ORIENTED_EDGE('',*,*,#2156,.F.);
#577=ORIENTED_EDGE('',*,*,#1952,.F.);
#578=ORIENTED_EDGE('',*,*,#2157,.T.);
#579=ORIENTED_EDGE('',*,*,#2158,.T.);
#580=ORIENTED_EDGE('',*,*,#2159,.F.);
#581=ORIENTED_EDGE('',*,*,#2160,.T.);
#582=ORIENTED_EDGE('',*,*,#2161,.F.);
#583=ORIENTED_EDGE('',*,*,#1957,.F.);
#584=ORIENTED_EDGE('',*,*,#2162,.F.);
#585=ORIENTED_EDGE('',*,*,#2163,.T.);
#586=ORIENTED_EDGE('',*,*,#2164,.F.);
#587=ORIENTED_EDGE('',*,*,#1961,.F.);
#588=ORIENTED_EDGE('',*,*,#2165,.F.);
#589=ORIENTED_EDGE('',*,*,#2166,.T.);
#590=ORIENTED_EDGE('',*,*,#2167,.F.);
#591=ORIENTED_EDGE('',*,*,#1969,.F.);
#592=ORIENTED_EDGE('',*,*,#2168,.F.);
#593=ORIENTED_EDGE('',*,*,#2169,.T.);
#594=ORIENTED_EDGE('',*,*,#2170,.F.);
#595=ORIENTED_EDGE('',*,*,#1965,.F.);
#596=ORIENTED_EDGE('',*,*,#2171,.F.);
#597=ORIENTED_EDGE('',*,*,#2158,.F.);
#598=ORIENTED_EDGE('',*,*,#2172,.T.);
#599=ORIENTED_EDGE('',*,*,#2173,.T.);
#600=ORIENTED_EDGE('',*,*,#2174,.F.);
#601=ORIENTED_EDGE('',*,*,#2175,.T.);
#602=ORIENTED_EDGE('',*,*,#2176,.F.);
#603=ORIENTED_EDGE('',*,*,#2160,.F.);
#604=ORIENTED_EDGE('',*,*,#2177,.F.);
#605=ORIENTED_EDGE('',*,*,#2178,.T.);
#606=ORIENTED_EDGE('',*,*,#2179,.F.);
#607=ORIENTED_EDGE('',*,*,#2163,.F.);
#608=ORIENTED_EDGE('',*,*,#2180,.F.);
#609=ORIENTED_EDGE('',*,*,#2181,.T.);
#610=ORIENTED_EDGE('',*,*,#2182,.F.);
#611=ORIENTED_EDGE('',*,*,#2166,.F.);
#612=ORIENTED_EDGE('',*,*,#2183,.F.);
#613=ORIENTED_EDGE('',*,*,#2184,.T.);
#614=ORIENTED_EDGE('',*,*,#2185,.F.);
#615=ORIENTED_EDGE('',*,*,#2169,.F.);
#616=ORIENTED_EDGE('',*,*,#2186,.F.);
#617=ORIENTED_EDGE('',*,*,#2173,.F.);
#618=ORIENTED_EDGE('',*,*,#2187,.T.);
#619=ORIENTED_EDGE('',*,*,#2188,.T.);
#620=ORIENTED_EDGE('',*,*,#2189,.F.);
#621=ORIENTED_EDGE('',*,*,#2190,.T.);
#622=ORIENTED_EDGE('',*,*,#2191,.F.);
#623=ORIENTED_EDGE('',*,*,#2175,.F.);
#624=ORIENTED_EDGE('',*,*,#2192,.F.);
#625=ORIENTED_EDGE('',*,*,#2193,.T.);
#626=ORIENTED_EDGE('',*,*,#2194,.F.);
#627=ORIENTED_EDGE('',*,*,#2178,.F.);
#628=ORIENTED_EDGE('',*,*,#2195,.F.);
#629=ORIENTED_EDGE('',*,*,#2196,.T.);
#630=ORIENTED_EDGE('',*,*,#2197,.F.);
#631=ORIENTED_EDGE('',*,*,#2181,.F.);
#632=ORIENTED_EDGE('',*,*,#2198,.F.);
#633=ORIENTED_EDGE('',*,*,#2199,.T.);
#634=ORIENTED_EDGE('',*,*,#2200,.F.);
#635=ORIENTED_EDGE('',*,*,#2184,.F.);
#636=ORIENTED_EDGE('',*,*,#2201,.F.);
#637=ORIENTED_EDGE('',*,*,#2188,.F.);
#638=ORIENTED_EDGE('',*,*,#2202,.T.);
#639=ORIENTED_EDGE('',*,*,#2203,.T.);
#640=ORIENTED_EDGE('',*,*,#2204,.F.);
#641=ORIENTED_EDGE('',*,*,#2205,.T.);
#642=ORIENTED_EDGE('',*,*,#2206,.F.);
#643=ORIENTED_EDGE('',*,*,#2190,.F.);
#644=ORIENTED_EDGE('',*,*,#2207,.F.);
#645=ORIENTED_EDGE('',*,*,#2208,.T.);
#646=ORIENTED_EDGE('',*,*,#2209,.F.);
#647=ORIENTED_EDGE('',*,*,#2193,.F.);
#648=ORIENTED_EDGE('',*,*,#2210,.F.);
#649=ORIENTED_EDGE('',*,*,#2211,.T.);
#650=ORIENTED_EDGE('',*,*,#2212,.F.);
#651=ORIENTED_EDGE('',*,*,#2196,.F.);
#652=ORIENTED_EDGE('',*,*,#2213,.F.);
#653=ORIENTED_EDGE('',*,*,#2214,.T.);
#654=ORIENTED_EDGE('',*,*,#2215,.F.);
#655=ORIENTED_EDGE('',*,*,#2199,.F.);
#656=ORIENTED_EDGE('',*,*,#2216,.F.);
#657=ORIENTED_EDGE('',*,*,#2203,.F.);
#658=ORIENTED_EDGE('',*,*,#2217,.T.);
#659=ORIENTED_EDGE('',*,*,#2218,.T.);
#660=ORIENTED_EDGE('',*,*,#2219,.F.);
#661=ORIENTED_EDGE('',*,*,#2220,.T.);
#662=ORIENTED_EDGE('',*,*,#2221,.F.);
#663=ORIENTED_EDGE('',*,*,#2205,.F.);
#664=ORIENTED_EDGE('',*,*,#2222,.F.);
#665=ORIENTED_EDGE('',*,*,#2223,.T.);
#666=ORIENTED_EDGE('',*,*,#2224,.F.);
#667=ORIENTED_EDGE('',*,*,#2208,.F.);
#668=ORIENTED_EDGE('',*,*,#2225,.F.);
#669=ORIENTED_EDGE('',*,*,#2226,.T.);
#670=ORIENTED_EDGE('',*,*,#2227,.F.);
#671=ORIENTED_EDGE('',*,*,#2211,.F.);
#672=ORIENTED_EDGE('',*,*,#2228,.F.);
#673=ORIENTED_EDGE('',*,*,#2229,.T.);
#674=ORIENTED_EDGE('',*,*,#2230,.F.);
#675=ORIENTED_EDGE('',*,*,#2214,.F.);
#676=ORIENTED_EDGE('',*,*,#2231,.F.);
#677=ORIENTED_EDGE('',*,*,#2218,.F.);
#678=ORIENTED_EDGE('',*,*,#2232,.T.);
#679=ORIENTED_EDGE('',*,*,#2233,.T.);
#680=ORIENTED_EDGE('',*,*,#2234,.F.);
#681=ORIENTED_EDGE('',*,*,#2235,.T.);
#682=ORIENTED_EDGE('',*,*,#2236,.F.);
#683=ORIENTED_EDGE('',*,*,#2220,.F.);
#684=ORIENTED_EDGE('',*,*,#2237,.F.);
#685=ORIENTED_EDGE('',*,*,#2238,.T.);
#686=ORIENTED_EDGE('',*,*,#2239,.F.);
#687=ORIENTED_EDGE('',*,*,#2223,.F.);
#688=ORIENTED_EDGE('',*,*,#2240,.F.);
#689=ORIENTED_EDGE('',*,*,#2241,.T.);
#690=ORIENTED_EDGE('',*,*,#2242,.F.);
#691=ORIENTED_EDGE('',*,*,#2226,.F.);
#692=ORIENTED_EDGE('',*,*,#2243,.F.);
#693=ORIENTED_EDGE('',*,*,#2244,.T.);
#694=ORIENTED_EDGE('',*,*,#2245,.F.);
#695=ORIENTED_EDGE('',*,*,#2229,.F.);
#696=ORIENTED_EDGE('',*,*,#2246,.F.);
#697=ORIENTED_EDGE('',*,*,#2233,.F.);
#698=ORIENTED_EDGE('',*,*,#2247,.T.);
#699=ORIENTED_EDGE('',*,*,#2248,.T.);
#700=ORIENTED_EDGE('',*,*,#2249,.F.);
#701=ORIENTED_EDGE('',*,*,#2250,.T.);
#702=ORIENTED_EDGE('',*,*,#2251,.F.);
#703=ORIENTED_EDGE('',*,*,#2235,.F.);
#704=ORIENTED_EDGE('',*,*,#2252,.F.);
#705=ORIENTED_EDGE('',*,*,#2253,.T.);
#706=ORIENTED_EDGE('',*,*,#2254,.F.);
#707=ORIENTED_EDGE('',*,*,#2238,.F.);
#708=ORIENTED_EDGE('',*,*,#2255,.F.);
#709=ORIENTED_EDGE('',*,*,#2256,.T.);
#710=ORIENTED_EDGE('',*,*,#2257,.F.);
#711=ORIENTED_EDGE('',*,*,#2241,.F.);
#712=ORIENTED_EDGE('',*,*,#2258,.F.);
#713=ORIENTED_EDGE('',*,*,#2259,.T.);
#714=ORIENTED_EDGE('',*,*,#2260,.F.);
#715=ORIENTED_EDGE('',*,*,#2244,.F.);
#716=ORIENTED_EDGE('',*,*,#2261,.F.);
#717=ORIENTED_EDGE('',*,*,#2248,.F.);
#718=ORIENTED_EDGE('',*,*,#2262,.T.);
#719=ORIENTED_EDGE('',*,*,#2263,.T.);
#720=ORIENTED_EDGE('',*,*,#2264,.F.);
#721=ORIENTED_EDGE('',*,*,#2265,.T.);
#722=ORIENTED_EDGE('',*,*,#2266,.F.);
#723=ORIENTED_EDGE('',*,*,#2250,.F.);
#724=ORIENTED_EDGE('',*,*,#2267,.F.);
#725=ORIENTED_EDGE('',*,*,#2268,.T.);
#726=ORIENTED_EDGE('',*,*,#2269,.F.);
#727=ORIENTED_EDGE('',*,*,#2253,.F.);
#728=ORIENTED_EDGE('',*,*,#2270,.F.);
#729=ORIENTED_EDGE('',*,*,#2271,.T.);
#730=ORIENTED_EDGE('',*,*,#2272,.F.);
#731=ORIENTED_EDGE('',*,*,#2256,.F.);
#732=ORIENTED_EDGE('',*,*,#2273,.F.);
#733=ORIENTED_EDGE('',*,*,#2274,.T.);
#734=ORIENTED_EDGE('',*,*,#2275,.F.);
#735=ORIENTED_EDGE('',*,*,#2259,.F.);
#736=ORIENTED_EDGE('',*,*,#2276,.F.);
#737=ORIENTED_EDGE('',*,*,#2263,.F.);
#738=ORIENTED_EDGE('',*,*,#2277,.T.);
#739=ORIENTED_EDGE('',*,*,#2278,.T.);
#740=ORIENTED_EDGE('',*,*,#2279,.F.);
#741=ORIENTED_EDGE('',*,*,#2280,.T.);
#742=ORIENTED_EDGE('',*,*,#2281,.F.);
#743=ORIENTED_EDGE('',*,*,#2265,.F.);
#744=ORIENTED_EDGE('',*,*,#2282,.F.);
#745=ORIENTED_EDGE('',*,*,#2283,.T.);
#746=ORIENTED_EDGE('',*,*,#2284,.F.);
#747=ORIENTED_EDGE('',*,*,#2268,.F.);
#748=ORIENTED_EDGE('',*,*,#2285,.F.);
#749=ORIENTED_EDGE('',*,*,#2286,.T.);
#750=ORIENTED_EDGE('',*,*,#2287,.F.);
#751=ORIENTED_EDGE('',*,*,#2271,.F.);
#752=ORIENTED_EDGE('',*,*,#2288,.F.);
#753=ORIENTED_EDGE('',*,*,#2289,.T.);
#754=ORIENTED_EDGE('',*,*,#2290,.F.);
#755=ORIENTED_EDGE('',*,*,#2274,.F.);
#756=ORIENTED_EDGE('',*,*,#2291,.F.);
#757=ORIENTED_EDGE('',*,*,#2278,.F.);
#758=ORIENTED_EDGE('',*,*,#2292,.T.);
#759=ORIENTED_EDGE('',*,*,#2293,.T.);
#760=ORIENTED_EDGE('',*,*,#2294,.F.);
#761=ORIENTED_EDGE('',*,*,#2295,.T.);
#762=ORIENTED_EDGE('',*,*,#2296,.F.);
#763=ORIENTED_EDGE('',*,*,#2280,.F.);
#764=ORIENTED_EDGE('',*,*,#2297,.F.);
#765=ORIENTED_EDGE('',*,*,#2298,.T.);
#766=ORIENTED_EDGE('',*,*,#2299,.F.);
#767=ORIENTED_EDGE('',*,*,#2283,.F.);
#768=ORIENTED_EDGE('',*,*,#2300,.F.);
#769=ORIENTED_EDGE('',*,*,#2301,.T.);
#770=ORIENTED_EDGE('',*,*,#2302,.F.);
#771=ORIENTED_EDGE('',*,*,#2286,.F.);
#772=ORIENTED_EDGE('',*,*,#2303,.F.);
#773=ORIENTED_EDGE('',*,*,#2304,.T.);
#774=ORIENTED_EDGE('',*,*,#2305,.F.);
#775=ORIENTED_EDGE('',*,*,#2289,.F.);
#776=ORIENTED_EDGE('',*,*,#2306,.F.);
#777=ORIENTED_EDGE('',*,*,#2293,.F.);
#778=ORIENTED_EDGE('',*,*,#2307,.T.);
#779=ORIENTED_EDGE('',*,*,#2308,.T.);
#780=ORIENTED_EDGE('',*,*,#2309,.F.);
#781=ORIENTED_EDGE('',*,*,#2310,.T.);
#782=ORIENTED_EDGE('',*,*,#2311,.F.);
#783=ORIENTED_EDGE('',*,*,#2295,.F.);
#784=ORIENTED_EDGE('',*,*,#2312,.F.);
#785=ORIENTED_EDGE('',*,*,#2313,.T.);
#786=ORIENTED_EDGE('',*,*,#2314,.F.);
#787=ORIENTED_EDGE('',*,*,#2298,.F.);
#788=ORIENTED_EDGE('',*,*,#2315,.F.);
#789=ORIENTED_EDGE('',*,*,#2316,.T.);
#790=ORIENTED_EDGE('',*,*,#2317,.F.);
#791=ORIENTED_EDGE('',*,*,#2301,.F.);
#792=ORIENTED_EDGE('',*,*,#2318,.F.);
#793=ORIENTED_EDGE('',*,*,#2319,.T.);
#794=ORIENTED_EDGE('',*,*,#2320,.F.);
#795=ORIENTED_EDGE('',*,*,#2304,.F.);
#796=ORIENTED_EDGE('',*,*,#2321,.F.);
#797=ORIENTED_EDGE('',*,*,#2308,.F.);
#798=ORIENTED_EDGE('',*,*,#2322,.T.);
#799=ORIENTED_EDGE('',*,*,#2323,.T.);
#800=ORIENTED_EDGE('',*,*,#2324,.F.);
#801=ORIENTED_EDGE('',*,*,#2325,.T.);
#802=ORIENTED_EDGE('',*,*,#2326,.F.);
#803=ORIENTED_EDGE('',*,*,#2310,.F.);
#804=ORIENTED_EDGE('',*,*,#2327,.F.);
#805=ORIENTED_EDGE('',*,*,#2328,.T.);
#806=ORIENTED_EDGE('',*,*,#2329,.F.);
#807=ORIENTED_EDGE('',*,*,#2313,.F.);
#808=ORIENTED_EDGE('',*,*,#2330,.F.);
#809=ORIENTED_EDGE('',*,*,#2331,.T.);
#810=ORIENTED_EDGE('',*,*,#2332,.F.);
#811=ORIENTED_EDGE('',*,*,#2316,.F.);
#812=ORIENTED_EDGE('',*,*,#2333,.F.);
#813=ORIENTED_EDGE('',*,*,#2334,.T.);
#814=ORIENTED_EDGE('',*,*,#2335,.F.);
#815=ORIENTED_EDGE('',*,*,#2319,.F.);
#816=ORIENTED_EDGE('',*,*,#2336,.F.);
#817=ORIENTED_EDGE('',*,*,#2323,.F.);
#818=ORIENTED_EDGE('',*,*,#2337,.T.);
#819=ORIENTED_EDGE('',*,*,#2338,.T.);
#820=ORIENTED_EDGE('',*,*,#2339,.F.);
#821=ORIENTED_EDGE('',*,*,#2340,.T.);
#822=ORIENTED_EDGE('',*,*,#2341,.F.);
#823=ORIENTED_EDGE('',*,*,#2325,.F.);
#824=ORIENTED_EDGE('',*,*,#2342,.F.);
#825=ORIENTED_EDGE('',*,*,#2343,.T.);
#826=ORIENTED_EDGE('',*,*,#2344,.F.);
#827=ORIENTED_EDGE('',*,*,#2328,.F.);
#828=ORIENTED_EDGE('',*,*,#2345,.F.);
#829=ORIENTED_EDGE('',*,*,#2346,.T.);
#830=ORIENTED_EDGE('',*,*,#2347,.F.);
#831=ORIENTED_EDGE('',*,*,#2331,.F.);
#832=ORIENTED_EDGE('',*,*,#2348,.F.);
#833=ORIENTED_EDGE('',*,*,#2349,.T.);
#834=ORIENTED_EDGE('',*,*,#2350,.F.);
#835=ORIENTED_EDGE('',*,*,#2334,.F.);
#836=ORIENTED_EDGE('',*,*,#2351,.F.);
#837=ORIENTED_EDGE('',*,*,#2338,.F.);
#838=ORIENTED_EDGE('',*,*,#2352,.T.);
#839=ORIENTED_EDGE('',*,*,#1934,.T.);
#840=ORIENTED_EDGE('',*,*,#2353,.F.);
#841=ORIENTED_EDGE('',*,*,#1939,.T.);
#842=ORIENTED_EDGE('',*,*,#2354,.F.);
#843=ORIENTED_EDGE('',*,*,#2340,.F.);
#844=ORIENTED_EDGE('',*,*,#2355,.F.);
#845=ORIENTED_EDGE('',*,*,#1943,.T.);
#846=ORIENTED_EDGE('',*,*,#2356,.F.);
#847=ORIENTED_EDGE('',*,*,#2343,.F.);
#848=ORIENTED_EDGE('',*,*,#2357,.F.);
#849=ORIENTED_EDGE('',*,*,#1951,.T.);
#850=ORIENTED_EDGE('',*,*,#2358,.F.);
#851=ORIENTED_EDGE('',*,*,#2346,.F.);
#852=ORIENTED_EDGE('',*,*,#2359,.F.);
#853=ORIENTED_EDGE('',*,*,#1947,.T.);
#854=ORIENTED_EDGE('',*,*,#2360,.F.);
#855=ORIENTED_EDGE('',*,*,#2349,.F.);
#856=ORIENTED_EDGE('',*,*,#2361,.F.);
#857=ORIENTED_EDGE('',*,*,#2362,.F.);
#858=ORIENTED_EDGE('',*,*,#2363,.T.);
#859=ORIENTED_EDGE('',*,*,#2364,.T.);
#860=ORIENTED_EDGE('',*,*,#2365,.F.);
#861=ORIENTED_EDGE('',*,*,#2366,.T.);
#862=ORIENTED_EDGE('',*,*,#2367,.F.);
#863=ORIENTED_EDGE('',*,*,#2368,.F.);
#864=ORIENTED_EDGE('',*,*,#2369,.F.);
#865=ORIENTED_EDGE('',*,*,#2370,.T.);
#866=ORIENTED_EDGE('',*,*,#2371,.F.);
#867=ORIENTED_EDGE('',*,*,#2372,.F.);
#868=ORIENTED_EDGE('',*,*,#2373,.F.);
#869=ORIENTED_EDGE('',*,*,#2374,.T.);
#870=ORIENTED_EDGE('',*,*,#2375,.F.);
#871=ORIENTED_EDGE('',*,*,#2376,.F.);
#872=ORIENTED_EDGE('',*,*,#2377,.F.);
#873=ORIENTED_EDGE('',*,*,#2378,.T.);
#874=ORIENTED_EDGE('',*,*,#2379,.F.);
#875=ORIENTED_EDGE('',*,*,#2380,.F.);
#876=ORIENTED_EDGE('',*,*,#2381,.F.);
#877=ORIENTED_EDGE('',*,*,#2382,.F.);
#878=ORIENTED_EDGE('',*,*,#2383,.T.);
#879=ORIENTED_EDGE('',*,*,#2384,.T.);
#880=ORIENTED_EDGE('',*,*,#2385,.F.);
#881=ORIENTED_EDGE('',*,*,#2386,.T.);
#882=ORIENTED_EDGE('',*,*,#2387,.F.);
#883=ORIENTED_EDGE('',*,*,#2388,.F.);
#884=ORIENTED_EDGE('',*,*,#2389,.F.);
#885=ORIENTED_EDGE('',*,*,#2390,.T.);
#886=ORIENTED_EDGE('',*,*,#2391,.F.);
#887=ORIENTED_EDGE('',*,*,#2392,.F.);
#888=ORIENTED_EDGE('',*,*,#2393,.F.);
#889=ORIENTED_EDGE('',*,*,#2394,.T.);
#890=ORIENTED_EDGE('',*,*,#2395,.F.);
#891=ORIENTED_EDGE('',*,*,#2396,.F.);
#892=ORIENTED_EDGE('',*,*,#2397,.F.);
#893=ORIENTED_EDGE('',*,*,#2398,.T.);
#894=ORIENTED_EDGE('',*,*,#2399,.F.);
#895=ORIENTED_EDGE('',*,*,#2400,.F.);
#896=ORIENTED_EDGE('',*,*,#2401,.F.);
#897=ORIENTED_EDGE('',*,*,#2384,.F.);
#898=ORIENTED_EDGE('',*,*,#2402,.T.);
#899=ORIENTED_EDGE('',*,*,#1914,.T.);
#900=ORIENTED_EDGE('',*,*,#2403,.F.);
#901=ORIENTED_EDGE('',*,*,#1919,.T.);
#902=ORIENTED_EDGE('',*,*,#2404,.F.);
#903=ORIENTED_EDGE('',*,*,#2386,.F.);
#904=ORIENTED_EDGE('',*,*,#2405,.F.);
#905=ORIENTED_EDGE('',*,*,#1923,.T.);
#906=ORIENTED_EDGE('',*,*,#2406,.F.);
#907=ORIENTED_EDGE('',*,*,#2390,.F.);
#908=ORIENTED_EDGE('',*,*,#2407,.F.);
#909=ORIENTED_EDGE('',*,*,#1931,.T.);
#910=ORIENTED_EDGE('',*,*,#2408,.F.);
#911=ORIENTED_EDGE('',*,*,#2394,.F.);
#912=ORIENTED_EDGE('',*,*,#2409,.F.);
#913=ORIENTED_EDGE('',*,*,#1927,.T.);
#914=ORIENTED_EDGE('',*,*,#2410,.F.);
#915=ORIENTED_EDGE('',*,*,#2398,.F.);
#916=ORIENTED_EDGE('',*,*,#2411,.F.);
#917=ORIENTED_EDGE('',*,*,#1932,.F.);
#918=ORIENTED_EDGE('',*,*,#2412,.T.);
#919=ORIENTED_EDGE('',*,*,#2362,.T.);
#920=ORIENTED_EDGE('',*,*,#2413,.F.);
#921=ORIENTED_EDGE('',*,*,#2368,.T.);
#922=ORIENTED_EDGE('',*,*,#2414,.F.);
#923=ORIENTED_EDGE('',*,*,#1937,.F.);
#924=ORIENTED_EDGE('',*,*,#2415,.F.);
#925=ORIENTED_EDGE('',*,*,#2372,.T.);
#926=ORIENTED_EDGE('',*,*,#2416,.F.);
#927=ORIENTED_EDGE('',*,*,#1941,.F.);
#928=ORIENTED_EDGE('',*,*,#2417,.F.);
#929=ORIENTED_EDGE('',*,*,#2376,.T.);
#930=ORIENTED_EDGE('',*,*,#2418,.F.);
#931=ORIENTED_EDGE('',*,*,#1949,.F.);
#932=ORIENTED_EDGE('',*,*,#2419,.F.);
#933=ORIENTED_EDGE('',*,*,#2380,.T.);
#934=ORIENTED_EDGE('',*,*,#2420,.F.);
#935=ORIENTED_EDGE('',*,*,#1945,.F.);
#936=ORIENTED_EDGE('',*,*,#2421,.F.);
#937=ORIENTED_EDGE('',*,*,#2422,.F.);
#938=ORIENTED_EDGE('',*,*,#2423,.T.);
#939=ORIENTED_EDGE('',*,*,#2424,.T.);
#940=ORIENTED_EDGE('',*,*,#2425,.F.);
#941=ORIENTED_EDGE('',*,*,#2426,.T.);
#942=ORIENTED_EDGE('',*,*,#2427,.F.);
#943=ORIENTED_EDGE('',*,*,#2428,.F.);
#944=ORIENTED_EDGE('',*,*,#2429,.F.);
#945=ORIENTED_EDGE('',*,*,#2430,.T.);
#946=ORIENTED_EDGE('',*,*,#2431,.F.);
#947=ORIENTED_EDGE('',*,*,#2432,.F.);
#948=ORIENTED_EDGE('',*,*,#2433,.F.);
#949=ORIENTED_EDGE('',*,*,#2434,.T.);
#950=ORIENTED_EDGE('',*,*,#2435,.F.);
#951=ORIENTED_EDGE('',*,*,#2436,.F.);
#952=ORIENTED_EDGE('',*,*,#2437,.F.);
#953=ORIENTED_EDGE('',*,*,#2438,.T.);
#954=ORIENTED_EDGE('',*,*,#2439,.F.);
#955=ORIENTED_EDGE('',*,*,#2440,.F.);
#956=ORIENTED_EDGE('',*,*,#2441,.F.);
#957=ORIENTED_EDGE('',*,*,#2442,.F.);
#958=ORIENTED_EDGE('',*,*,#2443,.T.);
#959=ORIENTED_EDGE('',*,*,#2444,.T.);
#960=ORIENTED_EDGE('',*,*,#2445,.F.);
#961=ORIENTED_EDGE('',*,*,#2446,.T.);
#962=ORIENTED_EDGE('',*,*,#2447,.F.);
#963=ORIENTED_EDGE('',*,*,#2448,.F.);
#964=ORIENTED_EDGE('',*,*,#2449,.F.);
#965=ORIENTED_EDGE('',*,*,#2450,.T.);
#966=ORIENTED_EDGE('',*,*,#2451,.F.);
#967=ORIENTED_EDGE('',*,*,#2452,.F.);
#968=ORIENTED_EDGE('',*,*,#2453,.F.);
#969=ORIENTED_EDGE('',*,*,#2454,.T.);
#970=ORIENTED_EDGE('',*,*,#2455,.F.);
#971=ORIENTED_EDGE('',*,*,#2456,.F.);
#972=ORIENTED_EDGE('',*,*,#2457,.F.);
#973=ORIENTED_EDGE('',*,*,#2458,.T.);
#974=ORIENTED_EDGE('',*,*,#2459,.F.);
#975=ORIENTED_EDGE('',*,*,#2460,.F.);
#976=ORIENTED_EDGE('',*,*,#2461,.F.);
#977=ORIENTED_EDGE('',*,*,#1912,.F.);
#978=ORIENTED_EDGE('',*,*,#2462,.T.);
#979=ORIENTED_EDGE('',*,*,#2422,.T.);
#980=ORIENTED_EDGE('',*,*,#2463,.F.);
#981=ORIENTED_EDGE('',*,*,#2428,.T.);
#982=ORIENTED_EDGE('',*,*,#2464,.F.);
#983=ORIENTED_EDGE('',*,*,#1917,.F.);
#984=ORIENTED_EDGE('',*,*,#2465,.F.);
#985=ORIENTED_EDGE('',*,*,#2432,.T.);
#986=ORIENTED_EDGE('',*,*,#2466,.F.);
#987=ORIENTED_EDGE('',*,*,#1921,.F.);
#988=ORIENTED_EDGE('',*,*,#2467,.F.);
#989=ORIENTED_EDGE('',*,*,#2436,.T.);
#990=ORIENTED_EDGE('',*,*,#2468,.F.);
#991=ORIENTED_EDGE('',*,*,#1929,.F.);
#992=ORIENTED_EDGE('',*,*,#2469,.F.);
#993=ORIENTED_EDGE('',*,*,#2440,.T.);
#994=ORIENTED_EDGE('',*,*,#2470,.F.);
#995=ORIENTED_EDGE('',*,*,#1925,.F.);
#996=ORIENTED_EDGE('',*,*,#2471,.F.);
#997=ORIENTED_EDGE('',*,*,#2444,.F.);
#998=ORIENTED_EDGE('',*,*,#2472,.T.);
#999=ORIENTED_EDGE('',*,*,#1894,.T.);
#1000=ORIENTED_EDGE('',*,*,#2473,.F.);
#1001=ORIENTED_EDGE('',*,*,#1899,.T.);
#1002=ORIENTED_EDGE('',*,*,#2474,.F.);
#1003=ORIENTED_EDGE('',*,*,#2446,.F.);
#1004=ORIENTED_EDGE('',*,*,#2475,.F.);
#1005=ORIENTED_EDGE('',*,*,#1903,.T.);
#1006=ORIENTED_EDGE('',*,*,#2476,.F.);
#1007=ORIENTED_EDGE('',*,*,#2450,.F.);
#1008=ORIENTED_EDGE('',*,*,#2477,.F.);
#1009=ORIENTED_EDGE('',*,*,#1911,.T.);
#1010=ORIENTED_EDGE('',*,*,#2478,.F.);
#1011=ORIENTED_EDGE('',*,*,#2454,.F.);
#1012=ORIENTED_EDGE('',*,*,#2479,.F.);
#1013=ORIENTED_EDGE('',*,*,#1907,.T.);
#1014=ORIENTED_EDGE('',*,*,#2480,.F.);
#1015=ORIENTED_EDGE('',*,*,#2458,.F.);
#1016=ORIENTED_EDGE('',*,*,#2481,.F.);
#1017=ORIENTED_EDGE('',*,*,#2035,.F.);
#1018=ORIENTED_EDGE('',*,*,#2482,.T.);
#1019=ORIENTED_EDGE('',*,*,#1994,.T.);
#1020=ORIENTED_EDGE('',*,*,#2483,.F.);
#1021=ORIENTED_EDGE('',*,*,#1999,.T.);
#1022=ORIENTED_EDGE('',*,*,#2484,.F.);
#1023=ORIENTED_EDGE('',*,*,#2015,.F.);
#1024=ORIENTED_EDGE('',*,*,#2485,.F.);
#1025=ORIENTED_EDGE('',*,*,#2003,.T.);
#1026=ORIENTED_EDGE('',*,*,#2486,.F.);
#1027=ORIENTED_EDGE('',*,*,#2019,.F.);
#1028=ORIENTED_EDGE('',*,*,#2487,.F.);
#1029=ORIENTED_EDGE('',*,*,#2011,.T.);
#1030=ORIENTED_EDGE('',*,*,#2488,.F.);
#1031=ORIENTED_EDGE('',*,*,#2027,.F.);
#1032=ORIENTED_EDGE('',*,*,#2489,.F.);
#1033=ORIENTED_EDGE('',*,*,#2007,.T.);
#1034=ORIENTED_EDGE('',*,*,#2490,.F.);
#1035=ORIENTED_EDGE('',*,*,#2023,.F.);
#1036=ORIENTED_EDGE('',*,*,#2491,.F.);
#1037=ORIENTED_EDGE('',*,*,#1892,.F.);
#1038=ORIENTED_EDGE('',*,*,#2492,.T.);
#1039=ORIENTED_EDGE('',*,*,#2493,.T.);
#1040=ORIENTED_EDGE('',*,*,#2494,.F.);
#1041=ORIENTED_EDGE('',*,*,#2495,.T.);
#1042=ORIENTED_EDGE('',*,*,#2496,.F.);
#1043=ORIENTED_EDGE('',*,*,#1897,.F.);
#1044=ORIENTED_EDGE('',*,*,#2497,.F.);
#1045=ORIENTED_EDGE('',*,*,#2498,.T.);
#1046=ORIENTED_EDGE('',*,*,#2499,.F.);
#1047=ORIENTED_EDGE('',*,*,#1901,.F.);
#1048=ORIENTED_EDGE('',*,*,#2500,.F.);
#1049=ORIENTED_EDGE('',*,*,#2501,.T.);
#1050=ORIENTED_EDGE('',*,*,#2502,.F.);
#1051=ORIENTED_EDGE('',*,*,#1909,.F.);
#1052=ORIENTED_EDGE('',*,*,#2503,.F.);
#1053=ORIENTED_EDGE('',*,*,#2504,.T.);
#1054=ORIENTED_EDGE('',*,*,#2505,.F.);
#1055=ORIENTED_EDGE('',*,*,#1905,.F.);
#1056=ORIENTED_EDGE('',*,*,#2492,.F.);
#1057=ORIENTED_EDGE('',*,*,#1895,.F.);
#1058=ORIENTED_EDGE('',*,*,#2472,.F.);
#1059=ORIENTED_EDGE('',*,*,#2443,.F.);
#1060=ORIENTED_EDGE('',*,*,#2506,.F.);
#1061=ORIENTED_EDGE('',*,*,#2423,.F.);
#1062=ORIENTED_EDGE('',*,*,#2462,.F.);
#1063=ORIENTED_EDGE('',*,*,#1915,.F.);
#1064=ORIENTED_EDGE('',*,*,#2402,.F.);
#1065=ORIENTED_EDGE('',*,*,#2383,.F.);
#1066=ORIENTED_EDGE('',*,*,#2507,.F.);
#1067=ORIENTED_EDGE('',*,*,#2363,.F.);
#1068=ORIENTED_EDGE('',*,*,#2412,.F.);
#1069=ORIENTED_EDGE('',*,*,#1935,.F.);
#1070=ORIENTED_EDGE('',*,*,#2352,.F.);
#1071=ORIENTED_EDGE('',*,*,#2337,.F.);
#1072=ORIENTED_EDGE('',*,*,#2322,.F.);
#1073=ORIENTED_EDGE('',*,*,#2307,.F.);
#1074=ORIENTED_EDGE('',*,*,#2292,.F.);
#1075=ORIENTED_EDGE('',*,*,#2277,.F.);
#1076=ORIENTED_EDGE('',*,*,#2262,.F.);
#1077=ORIENTED_EDGE('',*,*,#2247,.F.);
#1078=ORIENTED_EDGE('',*,*,#2232,.F.);
#1079=ORIENTED_EDGE('',*,*,#2217,.F.);
#1080=ORIENTED_EDGE('',*,*,#2202,.F.);
#1081=ORIENTED_EDGE('',*,*,#2187,.F.);
#1082=ORIENTED_EDGE('',*,*,#2172,.F.);
#1083=ORIENTED_EDGE('',*,*,#2157,.F.);
#1084=ORIENTED_EDGE('',*,*,#1955,.F.);
#1085=ORIENTED_EDGE('',*,*,#2137,.F.);
#1086=ORIENTED_EDGE('',*,*,#2118,.F.);
#1087=ORIENTED_EDGE('',*,*,#2508,.F.);
#1088=ORIENTED_EDGE('',*,*,#2098,.F.);
#1089=ORIENTED_EDGE('',*,*,#2147,.F.);
#1090=ORIENTED_EDGE('',*,*,#1975,.F.);
#1091=ORIENTED_EDGE('',*,*,#2077,.F.);
#1092=ORIENTED_EDGE('',*,*,#2058,.F.);
#1093=ORIENTED_EDGE('',*,*,#2509,.F.);
#1094=ORIENTED_EDGE('',*,*,#2038,.F.);
#1095=ORIENTED_EDGE('',*,*,#2087,.F.);
#1096=ORIENTED_EDGE('',*,*,#1995,.F.);
#1097=ORIENTED_EDGE('',*,*,#2482,.F.);
#1098=ORIENTED_EDGE('',*,*,#2034,.T.);
#1099=ORIENTED_EDGE('',*,*,#2510,.T.);
#1100=ORIENTED_EDGE('',*,*,#2511,.F.);
#1101=ORIENTED_EDGE('',*,*,#2512,.T.);
#1102=ORIENTED_EDGE('',*,*,#2513,.T.);
#1103=ORIENTED_EDGE('',*,*,#2493,.F.);
#1104=ORIENTED_EDGE('',*,*,#2511,.T.);
#1105=ORIENTED_EDGE('',*,*,#2514,.T.);
#1106=ORIENTED_EDGE('',*,*,#2515,.F.);
#1107=ORIENTED_EDGE('',*,*,#2516,.F.);
#1108=ORIENTED_EDGE('',*,*,#2517,.T.);
#1109=ORIENTED_EDGE('',*,*,#2518,.T.);
#1110=ORIENTED_EDGE('',*,*,#2519,.T.);
#1111=ORIENTED_EDGE('',*,*,#2501,.F.);
#1112=ORIENTED_EDGE('',*,*,#2520,.T.);
#1113=ORIENTED_EDGE('',*,*,#2521,.T.);
#1114=ORIENTED_EDGE('',*,*,#2522,.T.);
#1115=ORIENTED_EDGE('',*,*,#2504,.F.);
#1116=ORIENTED_EDGE('',*,*,#2523,.T.);
#1117=ORIENTED_EDGE('',*,*,#2524,.T.);
#1118=ORIENTED_EDGE('',*,*,#2525,.T.);
#1119=ORIENTED_EDGE('',*,*,#2498,.F.);
#1120=ORIENTED_EDGE('',*,*,#2526,.T.);
#1121=ORIENTED_EDGE('',*,*,#2527,.T.);
#1122=ORIENTED_EDGE('',*,*,#2528,.T.);
#1123=ORIENTED_EDGE('',*,*,#2495,.F.);
#1124=ORIENTED_EDGE('',*,*,#2529,.T.);
#1125=ORIENTED_EDGE('',*,*,#2530,.F.);
#1126=ORIENTED_EDGE('',*,*,#2531,.T.);
#1127=ORIENTED_EDGE('',*,*,#2532,.T.);
#1128=ORIENTED_EDGE('',*,*,#2533,.F.);
#1129=ORIENTED_EDGE('',*,*,#2534,.F.);
#1130=ORIENTED_EDGE('',*,*,#2535,.T.);
#1131=ORIENTED_EDGE('',*,*,#2536,.T.);
#1132=ORIENTED_EDGE('',*,*,#2537,.F.);
#1133=ORIENTED_EDGE('',*,*,#2538,.F.);
#1134=ORIENTED_EDGE('',*,*,#2539,.T.);
#1135=ORIENTED_EDGE('',*,*,#2540,.T.);
#1136=ORIENTED_EDGE('',*,*,#2541,.F.);
#1137=ORIENTED_EDGE('',*,*,#2542,.F.);
#1138=ORIENTED_EDGE('',*,*,#2543,.T.);
#1139=ORIENTED_EDGE('',*,*,#2544,.T.);
#1140=ORIENTED_EDGE('',*,*,#2545,.F.);
#1141=ORIENTED_EDGE('',*,*,#2546,.F.);
#1142=ORIENTED_EDGE('',*,*,#2547,.T.);
#1143=ORIENTED_EDGE('',*,*,#2548,.T.);
#1144=ORIENTED_EDGE('',*,*,#2549,.F.);
#1145=ORIENTED_EDGE('',*,*,#2550,.F.);
#1146=ORIENTED_EDGE('',*,*,#2551,.T.);
#1147=ORIENTED_EDGE('',*,*,#2552,.T.);
#1148=ORIENTED_EDGE('',*,*,#2553,.F.);
#1149=ORIENTED_EDGE('',*,*,#2532,.F.);
#1150=ORIENTED_EDGE('',*,*,#2554,.T.);
#1151=ORIENTED_EDGE('',*,*,#2515,.T.);
#1152=ORIENTED_EDGE('',*,*,#2555,.T.);
#1153=ORIENTED_EDGE('',*,*,#2032,.F.);
#1154=ORIENTED_EDGE('',*,*,#2556,.T.);
#1155=ORIENTED_EDGE('',*,*,#2552,.F.);
#1156=ORIENTED_EDGE('',*,*,#2557,.T.);
#1157=ORIENTED_EDGE('',*,*,#2558,.T.);
#1158=ORIENTED_EDGE('',*,*,#2559,.T.);
#1159=ORIENTED_EDGE('',*,*,#2560,.T.);
#1160=ORIENTED_EDGE('',*,*,#2561,.T.);
#1161=ORIENTED_EDGE('',*,*,#2548,.F.);
#1162=ORIENTED_EDGE('',*,*,#2562,.T.);
#1163=ORIENTED_EDGE('',*,*,#2563,.T.);
#1164=ORIENTED_EDGE('',*,*,#2564,.T.);
#1165=ORIENTED_EDGE('',*,*,#2565,.T.);
#1166=ORIENTED_EDGE('',*,*,#2566,.T.);
#1167=ORIENTED_EDGE('',*,*,#2544,.F.);
#1168=ORIENTED_EDGE('',*,*,#2567,.T.);
#1169=ORIENTED_EDGE('',*,*,#2568,.T.);
#1170=ORIENTED_EDGE('',*,*,#2569,.T.);
#1171=ORIENTED_EDGE('',*,*,#2570,.T.);
#1172=ORIENTED_EDGE('',*,*,#2571,.T.);
#1173=ORIENTED_EDGE('',*,*,#2572,.T.);
#1174=ORIENTED_EDGE('',*,*,#2573,.T.);
#1175=ORIENTED_EDGE('',*,*,#2574,.T.);
#1176=ORIENTED_EDGE('',*,*,#2575,.T.);
#1177=ORIENTED_EDGE('',*,*,#2576,.T.);
#1178=ORIENTED_EDGE('',*,*,#2577,.T.);
#1179=ORIENTED_EDGE('',*,*,#2578,.T.);
#1180=ORIENTED_EDGE('',*,*,#2579,.T.);
#1181=ORIENTED_EDGE('',*,*,#2580,.T.);
#1182=ORIENTED_EDGE('',*,*,#2540,.F.);
#1183=ORIENTED_EDGE('',*,*,#2581,.T.);
#1184=ORIENTED_EDGE('',*,*,#2582,.T.);
#1185=ORIENTED_EDGE('',*,*,#2583,.T.);
#1186=ORIENTED_EDGE('',*,*,#2584,.T.);
#1187=ORIENTED_EDGE('',*,*,#2585,.T.);
#1188=ORIENTED_EDGE('',*,*,#2536,.F.);
#1189=ORIENTED_EDGE('',*,*,#2586,.T.);
#1190=ORIENTED_EDGE('',*,*,#2587,.T.);
#1191=ORIENTED_EDGE('',*,*,#2588,.T.);
#1192=ORIENTED_EDGE('',*,*,#2589,.T.);
#1193=ORIENTED_EDGE('',*,*,#2590,.T.);
#1194=ORIENTED_EDGE('',*,*,#2555,.F.);
#1195=ORIENTED_EDGE('',*,*,#2514,.F.);
#1196=ORIENTED_EDGE('',*,*,#2510,.F.);
#1197=ORIENTED_EDGE('',*,*,#2033,.F.);
#1198=ORIENTED_EDGE('',*,*,#2591,.F.);
#1199=ORIENTED_EDGE('',*,*,#2592,.T.);
#1200=ORIENTED_EDGE('',*,*,#2558,.F.);
#1201=ORIENTED_EDGE('',*,*,#2593,.F.);
#1202=ORIENTED_EDGE('',*,*,#2594,.F.);
#1203=ORIENTED_EDGE('',*,*,#2595,.T.);
#1204=ORIENTED_EDGE('',*,*,#2560,.F.);
#1205=ORIENTED_EDGE('',*,*,#2596,.F.);
#1206=ORIENTED_EDGE('',*,*,#2597,.F.);
#1207=ORIENTED_EDGE('',*,*,#2549,.T.);
#1208=ORIENTED_EDGE('',*,*,#2561,.F.);
#1209=ORIENTED_EDGE('',*,*,#2595,.F.);
#1210=ORIENTED_EDGE('',*,*,#2598,.F.);
#1211=ORIENTED_EDGE('',*,*,#2593,.T.);
#1212=ORIENTED_EDGE('',*,*,#2557,.F.);
#1213=ORIENTED_EDGE('',*,*,#2551,.F.);
#1214=ORIENTED_EDGE('',*,*,#2599,.F.);
#1215=ORIENTED_EDGE('',*,*,#2600,.T.);
#1216=ORIENTED_EDGE('',*,*,#2563,.F.);
#1217=ORIENTED_EDGE('',*,*,#2601,.F.);
#1218=ORIENTED_EDGE('',*,*,#2602,.F.);
#1219=ORIENTED_EDGE('',*,*,#2603,.T.);
#1220=ORIENTED_EDGE('',*,*,#2565,.F.);
#1221=ORIENTED_EDGE('',*,*,#2604,.F.);
#1222=ORIENTED_EDGE('',*,*,#2605,.F.);
#1223=ORIENTED_EDGE('',*,*,#2545,.T.);
#1224=ORIENTED_EDGE('',*,*,#2566,.F.);
#1225=ORIENTED_EDGE('',*,*,#2603,.F.);
#1226=ORIENTED_EDGE('',*,*,#2606,.F.);
#1227=ORIENTED_EDGE('',*,*,#2601,.T.);
#1228=ORIENTED_EDGE('',*,*,#2562,.F.);
#1229=ORIENTED_EDGE('',*,*,#2547,.F.);
#1230=ORIENTED_EDGE('',*,*,#2607,.F.);
#1231=ORIENTED_EDGE('',*,*,#2608,.T.);
#1232=ORIENTED_EDGE('',*,*,#2567,.F.);
#1233=ORIENTED_EDGE('',*,*,#2543,.F.);
#1234=ORIENTED_EDGE('',*,*,#2609,.F.);
#1235=ORIENTED_EDGE('',*,*,#2610,.T.);
#1236=ORIENTED_EDGE('',*,*,#2568,.F.);
#1237=ORIENTED_EDGE('',*,*,#2608,.F.);
#1238=ORIENTED_EDGE('',*,*,#2611,.F.);
#1239=ORIENTED_EDGE('',*,*,#2612,.T.);
#1240=ORIENTED_EDGE('',*,*,#2569,.F.);
#1241=ORIENTED_EDGE('',*,*,#2610,.F.);
#1242=ORIENTED_EDGE('',*,*,#2613,.F.);
#1243=ORIENTED_EDGE('',*,*,#2614,.T.);
#1244=ORIENTED_EDGE('',*,*,#2570,.F.);
#1245=ORIENTED_EDGE('',*,*,#2612,.F.);
#1246=ORIENTED_EDGE('',*,*,#2615,.F.);
#1247=ORIENTED_EDGE('',*,*,#2616,.T.);
#1248=ORIENTED_EDGE('',*,*,#2571,.F.);
#1249=ORIENTED_EDGE('',*,*,#2614,.F.);
#1250=ORIENTED_EDGE('',*,*,#2617,.F.);
#1251=ORIENTED_EDGE('',*,*,#2618,.T.);
#1252=ORIENTED_EDGE('',*,*,#2572,.F.);
#1253=ORIENTED_EDGE('',*,*,#2616,.F.);
#1254=ORIENTED_EDGE('',*,*,#2619,.F.);
#1255=ORIENTED_EDGE('',*,*,#2620,.T.);
#1256=ORIENTED_EDGE('',*,*,#2573,.F.);
#1257=ORIENTED_EDGE('',*,*,#2618,.F.);
#1258=ORIENTED_EDGE('',*,*,#2621,.F.);
#1259=ORIENTED_EDGE('',*,*,#2622,.T.);
#1260=ORIENTED_EDGE('',*,*,#2574,.F.);
#1261=ORIENTED_EDGE('',*,*,#2620,.F.);
#1262=ORIENTED_EDGE('',*,*,#2623,.F.);
#1263=ORIENTED_EDGE('',*,*,#2624,.T.);
#1264=ORIENTED_EDGE('',*,*,#2575,.F.);
#1265=ORIENTED_EDGE('',*,*,#2622,.F.);
#1266=ORIENTED_EDGE('',*,*,#2625,.F.);
#1267=ORIENTED_EDGE('',*,*,#2626,.T.);
#1268=ORIENTED_EDGE('',*,*,#2576,.F.);
#1269=ORIENTED_EDGE('',*,*,#2624,.F.);
#1270=ORIENTED_EDGE('',*,*,#2627,.F.);
#1271=ORIENTED_EDGE('',*,*,#2628,.T.);
#1272=ORIENTED_EDGE('',*,*,#2577,.F.);
#1273=ORIENTED_EDGE('',*,*,#2626,.F.);
#1274=ORIENTED_EDGE('',*,*,#2629,.F.);
#1275=ORIENTED_EDGE('',*,*,#2630,.T.);
#1276=ORIENTED_EDGE('',*,*,#2578,.F.);
#1277=ORIENTED_EDGE('',*,*,#2628,.F.);
#1278=ORIENTED_EDGE('',*,*,#2631,.F.);
#1279=ORIENTED_EDGE('',*,*,#2632,.T.);
#1280=ORIENTED_EDGE('',*,*,#2579,.F.);
#1281=ORIENTED_EDGE('',*,*,#2630,.F.);
#1282=ORIENTED_EDGE('',*,*,#2633,.F.);
#1283=ORIENTED_EDGE('',*,*,#2541,.T.);
#1284=ORIENTED_EDGE('',*,*,#2580,.F.);
#1285=ORIENTED_EDGE('',*,*,#2632,.F.);
#1286=ORIENTED_EDGE('',*,*,#2634,.F.);
#1287=ORIENTED_EDGE('',*,*,#2635,.T.);
#1288=ORIENTED_EDGE('',*,*,#2582,.F.);
#1289=ORIENTED_EDGE('',*,*,#2636,.F.);
#1290=ORIENTED_EDGE('',*,*,#2637,.F.);
#1291=ORIENTED_EDGE('',*,*,#2638,.T.);
#1292=ORIENTED_EDGE('',*,*,#2584,.F.);
#1293=ORIENTED_EDGE('',*,*,#2639,.F.);
#1294=ORIENTED_EDGE('',*,*,#2640,.F.);
#1295=ORIENTED_EDGE('',*,*,#2537,.T.);
#1296=ORIENTED_EDGE('',*,*,#2585,.F.);
#1297=ORIENTED_EDGE('',*,*,#2638,.F.);
#1298=ORIENTED_EDGE('',*,*,#2641,.F.);
#1299=ORIENTED_EDGE('',*,*,#2636,.T.);
#1300=ORIENTED_EDGE('',*,*,#2581,.F.);
#1301=ORIENTED_EDGE('',*,*,#2539,.F.);
#1302=ORIENTED_EDGE('',*,*,#2642,.F.);
#1303=ORIENTED_EDGE('',*,*,#2643,.T.);
#1304=ORIENTED_EDGE('',*,*,#2587,.F.);
#1305=ORIENTED_EDGE('',*,*,#2644,.F.);
#1306=ORIENTED_EDGE('',*,*,#2645,.T.);
#1307=ORIENTED_EDGE('',*,*,#2063,.T.);
#1308=ORIENTED_EDGE('',*,*,#2646,.F.);
#1309=ORIENTED_EDGE('',*,*,#2101,.F.);
#1310=ORIENTED_EDGE('',*,*,#2647,.T.);
#1311=ORIENTED_EDGE('',*,*,#2067,.T.);
#1312=ORIENTED_EDGE('',*,*,#2648,.F.);
#1313=ORIENTED_EDGE('',*,*,#2105,.F.);
#1314=ORIENTED_EDGE('',*,*,#2649,.T.);
#1315=ORIENTED_EDGE('',*,*,#2075,.T.);
#1316=ORIENTED_EDGE('',*,*,#2650,.F.);
#1317=ORIENTED_EDGE('',*,*,#2113,.F.);
#1318=ORIENTED_EDGE('',*,*,#2651,.T.);
#1319=ORIENTED_EDGE('',*,*,#2071,.T.);
#1320=ORIENTED_EDGE('',*,*,#2652,.F.);
#1321=ORIENTED_EDGE('',*,*,#2109,.F.);
#1322=ORIENTED_EDGE('',*,*,#2653,.T.);
#1323=ORIENTED_EDGE('',*,*,#2123,.T.);
#1324=ORIENTED_EDGE('',*,*,#2654,.F.);
#1325=ORIENTED_EDGE('',*,*,#2366,.F.);
#1326=ORIENTED_EDGE('',*,*,#2655,.T.);
#1327=ORIENTED_EDGE('',*,*,#2127,.T.);
#1328=ORIENTED_EDGE('',*,*,#2656,.F.);
#1329=ORIENTED_EDGE('',*,*,#2370,.F.);
#1330=ORIENTED_EDGE('',*,*,#2657,.T.);
#1331=ORIENTED_EDGE('',*,*,#2135,.T.);
#1332=ORIENTED_EDGE('',*,*,#2658,.F.);
#1333=ORIENTED_EDGE('',*,*,#2378,.F.);
#1334=ORIENTED_EDGE('',*,*,#2659,.T.);
#1335=ORIENTED_EDGE('',*,*,#2131,.T.);
#1336=ORIENTED_EDGE('',*,*,#2660,.F.);
#1337=ORIENTED_EDGE('',*,*,#2374,.F.);
#1338=ORIENTED_EDGE('',*,*,#2661,.T.);
#1339=ORIENTED_EDGE('',*,*,#2388,.T.);
#1340=ORIENTED_EDGE('',*,*,#2662,.F.);
#1341=ORIENTED_EDGE('',*,*,#2426,.F.);
#1342=ORIENTED_EDGE('',*,*,#2663,.T.);
#1343=ORIENTED_EDGE('',*,*,#2392,.T.);
#1344=ORIENTED_EDGE('',*,*,#2664,.F.);
#1345=ORIENTED_EDGE('',*,*,#2430,.F.);
#1346=ORIENTED_EDGE('',*,*,#2665,.T.);
#1347=ORIENTED_EDGE('',*,*,#2400,.T.);
#1348=ORIENTED_EDGE('',*,*,#2666,.F.);
#1349=ORIENTED_EDGE('',*,*,#2438,.F.);
#1350=ORIENTED_EDGE('',*,*,#2667,.T.);
#1351=ORIENTED_EDGE('',*,*,#2396,.T.);
#1352=ORIENTED_EDGE('',*,*,#2668,.F.);
#1353=ORIENTED_EDGE('',*,*,#2434,.F.);
#1354=ORIENTED_EDGE('',*,*,#2643,.F.);
#1355=ORIENTED_EDGE('',*,*,#2669,.T.);
#1356=ORIENTED_EDGE('',*,*,#2639,.T.);
#1357=ORIENTED_EDGE('',*,*,#2583,.F.);
#1358=ORIENTED_EDGE('',*,*,#2635,.F.);
#1359=ORIENTED_EDGE('',*,*,#2670,.T.);
#1360=ORIENTED_EDGE('',*,*,#2604,.T.);
#1361=ORIENTED_EDGE('',*,*,#2564,.F.);
#1362=ORIENTED_EDGE('',*,*,#2600,.F.);
#1363=ORIENTED_EDGE('',*,*,#2671,.T.);
#1364=ORIENTED_EDGE('',*,*,#2596,.T.);
#1365=ORIENTED_EDGE('',*,*,#2559,.F.);
#1366=ORIENTED_EDGE('',*,*,#2592,.F.);
#1367=ORIENTED_EDGE('',*,*,#2672,.T.);
#1368=ORIENTED_EDGE('',*,*,#2029,.T.);
#1369=ORIENTED_EDGE('',*,*,#2673,.F.);
#1370=ORIENTED_EDGE('',*,*,#2049,.F.);
#1371=ORIENTED_EDGE('',*,*,#2674,.T.);
#1372=ORIENTED_EDGE('',*,*,#2025,.T.);
#1373=ORIENTED_EDGE('',*,*,#2675,.F.);
#1374=ORIENTED_EDGE('',*,*,#2053,.F.);
#1375=ORIENTED_EDGE('',*,*,#2676,.T.);
#1376=ORIENTED_EDGE('',*,*,#2021,.T.);
#1377=ORIENTED_EDGE('',*,*,#2677,.F.);
#1378=ORIENTED_EDGE('',*,*,#2045,.F.);
#1379=ORIENTED_EDGE('',*,*,#2678,.T.);
#1380=ORIENTED_EDGE('',*,*,#2017,.T.);
#1381=ORIENTED_EDGE('',*,*,#2679,.F.);
#1382=ORIENTED_EDGE('',*,*,#2041,.F.);
#1383=ORIENTED_EDGE('',*,*,#2680,.T.);
#1384=ORIENTED_EDGE('',*,*,#2013,.T.);
#1385=ORIENTED_EDGE('',*,*,#2681,.F.);
#1386=ORIENTED_EDGE('',*,*,#2039,.F.);
#1387=ORIENTED_EDGE('',*,*,#2509,.T.);
#1388=ORIENTED_EDGE('',*,*,#2057,.T.);
#1389=ORIENTED_EDGE('',*,*,#2682,.F.);
#1390=ORIENTED_EDGE('',*,*,#2099,.F.);
#1391=ORIENTED_EDGE('',*,*,#2508,.T.);
#1392=ORIENTED_EDGE('',*,*,#2117,.T.);
#1393=ORIENTED_EDGE('',*,*,#2683,.F.);
#1394=ORIENTED_EDGE('',*,*,#2364,.F.);
#1395=ORIENTED_EDGE('',*,*,#2507,.T.);
#1396=ORIENTED_EDGE('',*,*,#2382,.T.);
#1397=ORIENTED_EDGE('',*,*,#2684,.F.);
#1398=ORIENTED_EDGE('',*,*,#2424,.F.);
#1399=ORIENTED_EDGE('',*,*,#2506,.T.);
#1400=ORIENTED_EDGE('',*,*,#2442,.T.);
#1401=ORIENTED_EDGE('',*,*,#2685,.F.);
#1402=ORIENTED_EDGE('',*,*,#2512,.F.);
#1403=ORIENTED_EDGE('',*,*,#2686,.T.);
#1404=ORIENTED_EDGE('',*,*,#2448,.T.);
#1405=ORIENTED_EDGE('',*,*,#2687,.F.);
#1406=ORIENTED_EDGE('',*,*,#2527,.F.);
#1407=ORIENTED_EDGE('',*,*,#2688,.T.);
#1408=ORIENTED_EDGE('',*,*,#2452,.T.);
#1409=ORIENTED_EDGE('',*,*,#2689,.F.);
#1410=ORIENTED_EDGE('',*,*,#2524,.F.);
#1411=ORIENTED_EDGE('',*,*,#2690,.T.);
#1412=ORIENTED_EDGE('',*,*,#2460,.T.);
#1413=ORIENTED_EDGE('',*,*,#2691,.F.);
#1414=ORIENTED_EDGE('',*,*,#2521,.F.);
#1415=ORIENTED_EDGE('',*,*,#2692,.T.);
#1416=ORIENTED_EDGE('',*,*,#2456,.T.);
#1417=ORIENTED_EDGE('',*,*,#2693,.F.);
#1418=ORIENTED_EDGE('',*,*,#2518,.F.);
#1419=ORIENTED_EDGE('',*,*,#2694,.T.);
#1420=ORIENTED_EDGE('',*,*,#2695,.T.);
#1421=ORIENTED_EDGE('',*,*,#2588,.F.);
#1422=ORIENTED_EDGE('',*,*,#2696,.F.);
#1423=ORIENTED_EDGE('',*,*,#2697,.T.);
#1424=ORIENTED_EDGE('',*,*,#2589,.F.);
#1425=ORIENTED_EDGE('',*,*,#2695,.F.);
#1426=ORIENTED_EDGE('',*,*,#2698,.F.);
#1427=ORIENTED_EDGE('',*,*,#2644,.T.);
#1428=ORIENTED_EDGE('',*,*,#2586,.F.);
#1429=ORIENTED_EDGE('',*,*,#2535,.F.);
#1430=ORIENTED_EDGE('',*,*,#2699,.F.);
#1431=ORIENTED_EDGE('',*,*,#2533,.T.);
#1432=ORIENTED_EDGE('',*,*,#2590,.F.);
#1433=ORIENTED_EDGE('',*,*,#2697,.F.);
#1434=ORIENTED_EDGE('',*,*,#2700,.F.);
#1435=ORIENTED_EDGE('',*,*,#2553,.T.);
#1436=ORIENTED_EDGE('',*,*,#2556,.F.);
#1437=ORIENTED_EDGE('',*,*,#2031,.F.);
#1438=ORIENTED_EDGE('',*,*,#2701,.F.);
#1439=ORIENTED_EDGE('',*,*,#2516,.T.);
#1440=ORIENTED_EDGE('',*,*,#2554,.F.);
#1441=ORIENTED_EDGE('',*,*,#2531,.F.);
#1442=ORIENTED_EDGE('',*,*,#2696,.T.);
#1443=ORIENTED_EDGE('',*,*,#2694,.F.);
#1444=ORIENTED_EDGE('',*,*,#2517,.F.);
#1445=ORIENTED_EDGE('',*,*,#2701,.T.);
#1446=ORIENTED_EDGE('',*,*,#2530,.T.);
#1447=ORIENTED_EDGE('',*,*,#2699,.T.);
#1448=ORIENTED_EDGE('',*,*,#2455,.T.);
#1449=ORIENTED_EDGE('',*,*,#2478,.T.);
#1450=ORIENTED_EDGE('',*,*,#1910,.F.);
#1451=ORIENTED_EDGE('',*,*,#2502,.T.);
#1452=ORIENTED_EDGE('',*,*,#2519,.F.);
#1453=ORIENTED_EDGE('',*,*,#2693,.T.);
#1454=ORIENTED_EDGE('',*,*,#2453,.T.);
#1455=ORIENTED_EDGE('',*,*,#2692,.F.);
#1456=ORIENTED_EDGE('',*,*,#2520,.F.);
#1457=ORIENTED_EDGE('',*,*,#2500,.T.);
#1458=ORIENTED_EDGE('',*,*,#1908,.T.);
#1459=ORIENTED_EDGE('',*,*,#2477,.T.);
#1460=ORIENTED_EDGE('',*,*,#2459,.T.);
#1461=ORIENTED_EDGE('',*,*,#2480,.T.);
#1462=ORIENTED_EDGE('',*,*,#1906,.F.);
#1463=ORIENTED_EDGE('',*,*,#2505,.T.);
#1464=ORIENTED_EDGE('',*,*,#2522,.F.);
#1465=ORIENTED_EDGE('',*,*,#2691,.T.);
#1466=ORIENTED_EDGE('',*,*,#2457,.T.);
#1467=ORIENTED_EDGE('',*,*,#2690,.F.);
#1468=ORIENTED_EDGE('',*,*,#2523,.F.);
#1469=ORIENTED_EDGE('',*,*,#2503,.T.);
#1470=ORIENTED_EDGE('',*,*,#1904,.T.);
#1471=ORIENTED_EDGE('',*,*,#2479,.T.);
#1472=ORIENTED_EDGE('',*,*,#2451,.T.);
#1473=ORIENTED_EDGE('',*,*,#2476,.T.);
#1474=ORIENTED_EDGE('',*,*,#1902,.F.);
#1475=ORIENTED_EDGE('',*,*,#2499,.T.);
#1476=ORIENTED_EDGE('',*,*,#2525,.F.);
#1477=ORIENTED_EDGE('',*,*,#2689,.T.);
#1478=ORIENTED_EDGE('',*,*,#2449,.T.);
#1479=ORIENTED_EDGE('',*,*,#2688,.F.);
#1480=ORIENTED_EDGE('',*,*,#2526,.F.);
#1481=ORIENTED_EDGE('',*,*,#2497,.T.);
#1482=ORIENTED_EDGE('',*,*,#1900,.T.);
#1483=ORIENTED_EDGE('',*,*,#2475,.T.);
#1484=ORIENTED_EDGE('',*,*,#2447,.T.);
#1485=ORIENTED_EDGE('',*,*,#2474,.T.);
#1486=ORIENTED_EDGE('',*,*,#1898,.F.);
#1487=ORIENTED_EDGE('',*,*,#2496,.T.);
#1488=ORIENTED_EDGE('',*,*,#2528,.F.);
#1489=ORIENTED_EDGE('',*,*,#2687,.T.);
#1490=ORIENTED_EDGE('',*,*,#2445,.T.);
#1491=ORIENTED_EDGE('',*,*,#2686,.F.);
#1492=ORIENTED_EDGE('',*,*,#2529,.F.);
#1493=ORIENTED_EDGE('',*,*,#2494,.T.);
#1494=ORIENTED_EDGE('',*,*,#1896,.T.);
#1495=ORIENTED_EDGE('',*,*,#2473,.T.);
#1496=ORIENTED_EDGE('',*,*,#2441,.T.);
#1497=ORIENTED_EDGE('',*,*,#2471,.T.);
#1498=ORIENTED_EDGE('',*,*,#1893,.F.);
#1499=ORIENTED_EDGE('',*,*,#2491,.T.);
#1500=ORIENTED_EDGE('',*,*,#2513,.F.);
#1501=ORIENTED_EDGE('',*,*,#2685,.T.);
#1502=ORIENTED_EDGE('',*,*,#2591,.T.);
#1503=ORIENTED_EDGE('',*,*,#2598,.T.);
#1504=ORIENTED_EDGE('',*,*,#2550,.T.);
#1505=ORIENTED_EDGE('',*,*,#2700,.T.);
#1506=ORIENTED_EDGE('',*,*,#2030,.T.);
#1507=ORIENTED_EDGE('',*,*,#2672,.F.);
#1508=ORIENTED_EDGE('',*,*,#2050,.T.);
#1509=ORIENTED_EDGE('',*,*,#2673,.T.);
#1510=ORIENTED_EDGE('',*,*,#2028,.T.);
#1511=ORIENTED_EDGE('',*,*,#2488,.T.);
#1512=ORIENTED_EDGE('',*,*,#2010,.F.);
#1513=ORIENTED_EDGE('',*,*,#2093,.T.);
#1514=ORIENTED_EDGE('',*,*,#2048,.T.);
#1515=ORIENTED_EDGE('',*,*,#2092,.T.);
#1516=ORIENTED_EDGE('',*,*,#2008,.T.);
#1517=ORIENTED_EDGE('',*,*,#2487,.T.);
#1518=ORIENTED_EDGE('',*,*,#2026,.T.);
#1519=ORIENTED_EDGE('',*,*,#2674,.F.);
#1520=ORIENTED_EDGE('',*,*,#2054,.T.);
#1521=ORIENTED_EDGE('',*,*,#2675,.T.);
#1522=ORIENTED_EDGE('',*,*,#2024,.T.);
#1523=ORIENTED_EDGE('',*,*,#2490,.T.);
#1524=ORIENTED_EDGE('',*,*,#2006,.F.);
#1525=ORIENTED_EDGE('',*,*,#2095,.T.);
#1526=ORIENTED_EDGE('',*,*,#2052,.T.);
#1527=ORIENTED_EDGE('',*,*,#2094,.T.);
#1528=ORIENTED_EDGE('',*,*,#2004,.T.);
#1529=ORIENTED_EDGE('',*,*,#2489,.T.);
#1530=ORIENTED_EDGE('',*,*,#2022,.T.);
#1531=ORIENTED_EDGE('',*,*,#2676,.F.);
#1532=ORIENTED_EDGE('',*,*,#2046,.T.);
#1533=ORIENTED_EDGE('',*,*,#2677,.T.);
#1534=ORIENTED_EDGE('',*,*,#2020,.T.);
#1535=ORIENTED_EDGE('',*,*,#2486,.T.);
#1536=ORIENTED_EDGE('',*,*,#2002,.F.);
#1537=ORIENTED_EDGE('',*,*,#2091,.T.);
#1538=ORIENTED_EDGE('',*,*,#2044,.T.);
#1539=ORIENTED_EDGE('',*,*,#2090,.T.);
#1540=ORIENTED_EDGE('',*,*,#2000,.T.);
#1541=ORIENTED_EDGE('',*,*,#2485,.T.);
#1542=ORIENTED_EDGE('',*,*,#2018,.T.);
#1543=ORIENTED_EDGE('',*,*,#2678,.F.);
#1544=ORIENTED_EDGE('',*,*,#2042,.T.);
#1545=ORIENTED_EDGE('',*,*,#2679,.T.);
#1546=ORIENTED_EDGE('',*,*,#2016,.T.);
#1547=ORIENTED_EDGE('',*,*,#2484,.T.);
#1548=ORIENTED_EDGE('',*,*,#1998,.F.);
#1549=ORIENTED_EDGE('',*,*,#2089,.T.);
#1550=ORIENTED_EDGE('',*,*,#2040,.T.);
#1551=ORIENTED_EDGE('',*,*,#2088,.T.);
#1552=ORIENTED_EDGE('',*,*,#1996,.T.);
#1553=ORIENTED_EDGE('',*,*,#2483,.T.);
#1554=ORIENTED_EDGE('',*,*,#2014,.T.);
#1555=ORIENTED_EDGE('',*,*,#2680,.F.);
#1556=ORIENTED_EDGE('',*,*,#2036,.T.);
#1557=ORIENTED_EDGE('',*,*,#2681,.T.);
#1558=ORIENTED_EDGE('',*,*,#2012,.T.);
#1559=ORIENTED_EDGE('',*,*,#2481,.T.);
#1560=ORIENTED_EDGE('',*,*,#1993,.F.);
#1561=ORIENTED_EDGE('',*,*,#2086,.T.);
#1562=ORIENTED_EDGE('',*,*,#2637,.T.);
#1563=ORIENTED_EDGE('',*,*,#2669,.F.);
#1564=ORIENTED_EDGE('',*,*,#2642,.T.);
#1565=ORIENTED_EDGE('',*,*,#2698,.T.);
#1566=ORIENTED_EDGE('',*,*,#2534,.T.);
#1567=ORIENTED_EDGE('',*,*,#2640,.T.);
#1568=ORIENTED_EDGE('',*,*,#2395,.T.);
#1569=ORIENTED_EDGE('',*,*,#2408,.T.);
#1570=ORIENTED_EDGE('',*,*,#1930,.F.);
#1571=ORIENTED_EDGE('',*,*,#2468,.T.);
#1572=ORIENTED_EDGE('',*,*,#2435,.T.);
#1573=ORIENTED_EDGE('',*,*,#2668,.T.);
#1574=ORIENTED_EDGE('',*,*,#2393,.T.);
#1575=ORIENTED_EDGE('',*,*,#2667,.F.);
#1576=ORIENTED_EDGE('',*,*,#2433,.T.);
#1577=ORIENTED_EDGE('',*,*,#2467,.T.);
#1578=ORIENTED_EDGE('',*,*,#1928,.T.);
#1579=ORIENTED_EDGE('',*,*,#2407,.T.);
#1580=ORIENTED_EDGE('',*,*,#2399,.T.);
#1581=ORIENTED_EDGE('',*,*,#2410,.T.);
#1582=ORIENTED_EDGE('',*,*,#1926,.F.);
#1583=ORIENTED_EDGE('',*,*,#2470,.T.);
#1584=ORIENTED_EDGE('',*,*,#2439,.T.);
#1585=ORIENTED_EDGE('',*,*,#2666,.T.);
#1586=ORIENTED_EDGE('',*,*,#2397,.T.);
#1587=ORIENTED_EDGE('',*,*,#2665,.F.);
#1588=ORIENTED_EDGE('',*,*,#2437,.T.);
#1589=ORIENTED_EDGE('',*,*,#2469,.T.);
#1590=ORIENTED_EDGE('',*,*,#1924,.T.);
#1591=ORIENTED_EDGE('',*,*,#2409,.T.);
#1592=ORIENTED_EDGE('',*,*,#2391,.T.);
#1593=ORIENTED_EDGE('',*,*,#2406,.T.);
#1594=ORIENTED_EDGE('',*,*,#1922,.F.);
#1595=ORIENTED_EDGE('',*,*,#2466,.T.);
#1596=ORIENTED_EDGE('',*,*,#2431,.T.);
#1597=ORIENTED_EDGE('',*,*,#2664,.T.);
#1598=ORIENTED_EDGE('',*,*,#2389,.T.);
#1599=ORIENTED_EDGE('',*,*,#2663,.F.);
#1600=ORIENTED_EDGE('',*,*,#2429,.T.);
#1601=ORIENTED_EDGE('',*,*,#2465,.T.);
#1602=ORIENTED_EDGE('',*,*,#1920,.T.);
#1603=ORIENTED_EDGE('',*,*,#2405,.T.);
#1604=ORIENTED_EDGE('',*,*,#2387,.T.);
#1605=ORIENTED_EDGE('',*,*,#2404,.T.);
#1606=ORIENTED_EDGE('',*,*,#1918,.F.);
#1607=ORIENTED_EDGE('',*,*,#2464,.T.);
#1608=ORIENTED_EDGE('',*,*,#2427,.T.);
#1609=ORIENTED_EDGE('',*,*,#2662,.T.);
#1610=ORIENTED_EDGE('',*,*,#2385,.T.);
#1611=ORIENTED_EDGE('',*,*,#2661,.F.);
#1612=ORIENTED_EDGE('',*,*,#2425,.T.);
#1613=ORIENTED_EDGE('',*,*,#2463,.T.);
#1614=ORIENTED_EDGE('',*,*,#1916,.T.);
#1615=ORIENTED_EDGE('',*,*,#2403,.T.);
#1616=ORIENTED_EDGE('',*,*,#2381,.T.);
#1617=ORIENTED_EDGE('',*,*,#2401,.T.);
#1618=ORIENTED_EDGE('',*,*,#1913,.F.);
#1619=ORIENTED_EDGE('',*,*,#2461,.T.);
#1620=ORIENTED_EDGE('',*,*,#2421,.T.);
#1621=ORIENTED_EDGE('',*,*,#2684,.T.);
#1622=ORIENTED_EDGE('',*,*,#2602,.T.);
#1623=ORIENTED_EDGE('',*,*,#2670,.F.);
#1624=ORIENTED_EDGE('',*,*,#2634,.T.);
#1625=ORIENTED_EDGE('',*,*,#2641,.T.);
#1626=ORIENTED_EDGE('',*,*,#2538,.T.);
#1627=ORIENTED_EDGE('',*,*,#2633,.T.);
#1628=ORIENTED_EDGE('',*,*,#2631,.T.);
#1629=ORIENTED_EDGE('',*,*,#2629,.T.);
#1630=ORIENTED_EDGE('',*,*,#2627,.T.);
#1631=ORIENTED_EDGE('',*,*,#2625,.T.);
#1632=ORIENTED_EDGE('',*,*,#2623,.T.);
#1633=ORIENTED_EDGE('',*,*,#2621,.T.);
#1634=ORIENTED_EDGE('',*,*,#2619,.T.);
#1635=ORIENTED_EDGE('',*,*,#2617,.T.);
#1636=ORIENTED_EDGE('',*,*,#2615,.T.);
#1637=ORIENTED_EDGE('',*,*,#2613,.T.);
#1638=ORIENTED_EDGE('',*,*,#2611,.T.);
#1639=ORIENTED_EDGE('',*,*,#2609,.T.);
#1640=ORIENTED_EDGE('',*,*,#2607,.T.);
#1641=ORIENTED_EDGE('',*,*,#2542,.T.);
#1642=ORIENTED_EDGE('',*,*,#2605,.T.);
#1643=ORIENTED_EDGE('',*,*,#2130,.T.);
#1644=ORIENTED_EDGE('',*,*,#2143,.T.);
#1645=ORIENTED_EDGE('',*,*,#1970,.F.);
#1646=ORIENTED_EDGE('',*,*,#2167,.T.);
#1647=ORIENTED_EDGE('',*,*,#2182,.T.);
#1648=ORIENTED_EDGE('',*,*,#2197,.T.);
#1649=ORIENTED_EDGE('',*,*,#2212,.T.);
#1650=ORIENTED_EDGE('',*,*,#2227,.T.);
#1651=ORIENTED_EDGE('',*,*,#2242,.T.);
#1652=ORIENTED_EDGE('',*,*,#2257,.T.);
#1653=ORIENTED_EDGE('',*,*,#2272,.T.);
#1654=ORIENTED_EDGE('',*,*,#2287,.T.);
#1655=ORIENTED_EDGE('',*,*,#2302,.T.);
#1656=ORIENTED_EDGE('',*,*,#2317,.T.);
#1657=ORIENTED_EDGE('',*,*,#2332,.T.);
#1658=ORIENTED_EDGE('',*,*,#2347,.T.);
#1659=ORIENTED_EDGE('',*,*,#2358,.T.);
#1660=ORIENTED_EDGE('',*,*,#1950,.F.);
#1661=ORIENTED_EDGE('',*,*,#2418,.T.);
#1662=ORIENTED_EDGE('',*,*,#2375,.T.);
#1663=ORIENTED_EDGE('',*,*,#2660,.T.);
#1664=ORIENTED_EDGE('',*,*,#2128,.T.);
#1665=ORIENTED_EDGE('',*,*,#2659,.F.);
#1666=ORIENTED_EDGE('',*,*,#2373,.T.);
#1667=ORIENTED_EDGE('',*,*,#2417,.T.);
#1668=ORIENTED_EDGE('',*,*,#1948,.T.);
#1669=ORIENTED_EDGE('',*,*,#2357,.T.);
#1670=ORIENTED_EDGE('',*,*,#2345,.T.);
#1671=ORIENTED_EDGE('',*,*,#2330,.T.);
#1672=ORIENTED_EDGE('',*,*,#2315,.T.);
#1673=ORIENTED_EDGE('',*,*,#2300,.T.);
#1674=ORIENTED_EDGE('',*,*,#2285,.T.);
#1675=ORIENTED_EDGE('',*,*,#2270,.T.);
#1676=ORIENTED_EDGE('',*,*,#2255,.T.);
#1677=ORIENTED_EDGE('',*,*,#2240,.T.);
#1678=ORIENTED_EDGE('',*,*,#2225,.T.);
#1679=ORIENTED_EDGE('',*,*,#2210,.T.);
#1680=ORIENTED_EDGE('',*,*,#2195,.T.);
#1681=ORIENTED_EDGE('',*,*,#2180,.T.);
#1682=ORIENTED_EDGE('',*,*,#2165,.T.);
#1683=ORIENTED_EDGE('',*,*,#1968,.T.);
#1684=ORIENTED_EDGE('',*,*,#2142,.T.);
#1685=ORIENTED_EDGE('',*,*,#2134,.T.);
#1686=ORIENTED_EDGE('',*,*,#2145,.T.);
#1687=ORIENTED_EDGE('',*,*,#1966,.F.);
#1688=ORIENTED_EDGE('',*,*,#2170,.T.);
#1689=ORIENTED_EDGE('',*,*,#2185,.T.);
#1690=ORIENTED_EDGE('',*,*,#2200,.T.);
#1691=ORIENTED_EDGE('',*,*,#2215,.T.);
#1692=ORIENTED_EDGE('',*,*,#2230,.T.);
#1693=ORIENTED_EDGE('',*,*,#2245,.T.);
#1694=ORIENTED_EDGE('',*,*,#2260,.T.);
#1695=ORIENTED_EDGE('',*,*,#2275,.T.);
#1696=ORIENTED_EDGE('',*,*,#2290,.T.);
#1697=ORIENTED_EDGE('',*,*,#2305,.T.);
#1698=ORIENTED_EDGE('',*,*,#2320,.T.);
#1699=ORIENTED_EDGE('',*,*,#2335,.T.);
#1700=ORIENTED_EDGE('',*,*,#2350,.T.);
#1701=ORIENTED_EDGE('',*,*,#2360,.T.);
#1702=ORIENTED_EDGE('',*,*,#1946,.F.);
#1703=ORIENTED_EDGE('',*,*,#2420,.T.);
#1704=ORIENTED_EDGE('',*,*,#2379,.T.);
#1705=ORIENTED_EDGE('',*,*,#2658,.T.);
#1706=ORIENTED_EDGE('',*,*,#2132,.T.);
#1707=ORIENTED_EDGE('',*,*,#2657,.F.);
#1708=ORIENTED_EDGE('',*,*,#2377,.T.);
#1709=ORIENTED_EDGE('',*,*,#2419,.T.);
#1710=ORIENTED_EDGE('',*,*,#1944,.T.);
#1711=ORIENTED_EDGE('',*,*,#2359,.T.);
#1712=ORIENTED_EDGE('',*,*,#2348,.T.);
#1713=ORIENTED_EDGE('',*,*,#2333,.T.);
#1714=ORIENTED_EDGE('',*,*,#2318,.T.);
#1715=ORIENTED_EDGE('',*,*,#2303,.T.);
#1716=ORIENTED_EDGE('',*,*,#2288,.T.);
#1717=ORIENTED_EDGE('',*,*,#2273,.T.);
#1718=ORIENTED_EDGE('',*,*,#2258,.T.);
#1719=ORIENTED_EDGE('',*,*,#2243,.T.);
#1720=ORIENTED_EDGE('',*,*,#2228,.T.);
#1721=ORIENTED_EDGE('',*,*,#2213,.T.);
#1722=ORIENTED_EDGE('',*,*,#2198,.T.);
#1723=ORIENTED_EDGE('',*,*,#2183,.T.);
#1724=ORIENTED_EDGE('',*,*,#2168,.T.);
#1725=ORIENTED_EDGE('',*,*,#1964,.T.);
#1726=ORIENTED_EDGE('',*,*,#2144,.T.);
#1727=ORIENTED_EDGE('',*,*,#2126,.T.);
#1728=ORIENTED_EDGE('',*,*,#2141,.T.);
#1729=ORIENTED_EDGE('',*,*,#1962,.F.);
#1730=ORIENTED_EDGE('',*,*,#2164,.T.);
#1731=ORIENTED_EDGE('',*,*,#2179,.T.);
#1732=ORIENTED_EDGE('',*,*,#2194,.T.);
#1733=ORIENTED_EDGE('',*,*,#2209,.T.);
#1734=ORIENTED_EDGE('',*,*,#2224,.T.);
#1735=ORIENTED_EDGE('',*,*,#2239,.T.);
#1736=ORIENTED_EDGE('',*,*,#2254,.T.);
#1737=ORIENTED_EDGE('',*,*,#2269,.T.);
#1738=ORIENTED_EDGE('',*,*,#2284,.T.);
#1739=ORIENTED_EDGE('',*,*,#2299,.T.);
#1740=ORIENTED_EDGE('',*,*,#2314,.T.);
#1741=ORIENTED_EDGE('',*,*,#2329,.T.);
#1742=ORIENTED_EDGE('',*,*,#2344,.T.);
#1743=ORIENTED_EDGE('',*,*,#2356,.T.);
#1744=ORIENTED_EDGE('',*,*,#1942,.F.);
#1745=ORIENTED_EDGE('',*,*,#2416,.T.);
#1746=ORIENTED_EDGE('',*,*,#2371,.T.);
#1747=ORIENTED_EDGE('',*,*,#2656,.T.);
#1748=ORIENTED_EDGE('',*,*,#2124,.T.);
#1749=ORIENTED_EDGE('',*,*,#2655,.F.);
#1750=ORIENTED_EDGE('',*,*,#2369,.T.);
#1751=ORIENTED_EDGE('',*,*,#2415,.T.);
#1752=ORIENTED_EDGE('',*,*,#1940,.T.);
#1753=ORIENTED_EDGE('',*,*,#2355,.T.);
#1754=ORIENTED_EDGE('',*,*,#2342,.T.);
#1755=ORIENTED_EDGE('',*,*,#2327,.T.);
#1756=ORIENTED_EDGE('',*,*,#2312,.T.);
#1757=ORIENTED_EDGE('',*,*,#2297,.T.);
#1758=ORIENTED_EDGE('',*,*,#2282,.T.);
#1759=ORIENTED_EDGE('',*,*,#2267,.T.);
#1760=ORIENTED_EDGE('',*,*,#2252,.T.);
#1761=ORIENTED_EDGE('',*,*,#2237,.T.);
#1762=ORIENTED_EDGE('',*,*,#2222,.T.);
#1763=ORIENTED_EDGE('',*,*,#2207,.T.);
#1764=ORIENTED_EDGE('',*,*,#2192,.T.);
#1765=ORIENTED_EDGE('',*,*,#2177,.T.);
#1766=ORIENTED_EDGE('',*,*,#2162,.T.);
#1767=ORIENTED_EDGE('',*,*,#1960,.T.);
#1768=ORIENTED_EDGE('',*,*,#2140,.T.);
#1769=ORIENTED_EDGE('',*,*,#2122,.T.);
#1770=ORIENTED_EDGE('',*,*,#2139,.T.);
#1771=ORIENTED_EDGE('',*,*,#1958,.F.);
#1772=ORIENTED_EDGE('',*,*,#2161,.T.);
#1773=ORIENTED_EDGE('',*,*,#2176,.T.);
#1774=ORIENTED_EDGE('',*,*,#2191,.T.);
#1775=ORIENTED_EDGE('',*,*,#2206,.T.);
#1776=ORIENTED_EDGE('',*,*,#2221,.T.);
#1777=ORIENTED_EDGE('',*,*,#2236,.T.);
#1778=ORIENTED_EDGE('',*,*,#2251,.T.);
#1779=ORIENTED_EDGE('',*,*,#2266,.T.);
#1780=ORIENTED_EDGE('',*,*,#2281,.T.);
#1781=ORIENTED_EDGE('',*,*,#2296,.T.);
#1782=ORIENTED_EDGE('',*,*,#2311,.T.);
#1783=ORIENTED_EDGE('',*,*,#2326,.T.);
#1784=ORIENTED_EDGE('',*,*,#2341,.T.);
#1785=ORIENTED_EDGE('',*,*,#2354,.T.);
#1786=ORIENTED_EDGE('',*,*,#1938,.F.);
#1787=ORIENTED_EDGE('',*,*,#2414,.T.);
#1788=ORIENTED_EDGE('',*,*,#2367,.T.);
#1789=ORIENTED_EDGE('',*,*,#2654,.T.);
#1790=ORIENTED_EDGE('',*,*,#2120,.T.);
#1791=ORIENTED_EDGE('',*,*,#2653,.F.);
#1792=ORIENTED_EDGE('',*,*,#2365,.T.);
#1793=ORIENTED_EDGE('',*,*,#2413,.T.);
#1794=ORIENTED_EDGE('',*,*,#1936,.T.);
#1795=ORIENTED_EDGE('',*,*,#2353,.T.);
#1796=ORIENTED_EDGE('',*,*,#2339,.T.);
#1797=ORIENTED_EDGE('',*,*,#2324,.T.);
#1798=ORIENTED_EDGE('',*,*,#2309,.T.);
#1799=ORIENTED_EDGE('',*,*,#2294,.T.);
#1800=ORIENTED_EDGE('',*,*,#2279,.T.);
#1801=ORIENTED_EDGE('',*,*,#2264,.T.);
#1802=ORIENTED_EDGE('',*,*,#2249,.T.);
#1803=ORIENTED_EDGE('',*,*,#2234,.T.);
#1804=ORIENTED_EDGE('',*,*,#2219,.T.);
#1805=ORIENTED_EDGE('',*,*,#2204,.T.);
#1806=ORIENTED_EDGE('',*,*,#2189,.T.);
#1807=ORIENTED_EDGE('',*,*,#2174,.T.);
#1808=ORIENTED_EDGE('',*,*,#2159,.T.);
#1809=ORIENTED_EDGE('',*,*,#1956,.T.);
#1810=ORIENTED_EDGE('',*,*,#2138,.T.);
#1811=ORIENTED_EDGE('',*,*,#2116,.T.);
#1812=ORIENTED_EDGE('',*,*,#2136,.T.);
#1813=ORIENTED_EDGE('',*,*,#1953,.F.);
#1814=ORIENTED_EDGE('',*,*,#2156,.T.);
#1815=ORIENTED_EDGE('',*,*,#2171,.T.);
#1816=ORIENTED_EDGE('',*,*,#2186,.T.);
#1817=ORIENTED_EDGE('',*,*,#2201,.T.);
#1818=ORIENTED_EDGE('',*,*,#2216,.T.);
#1819=ORIENTED_EDGE('',*,*,#2231,.T.);
#1820=ORIENTED_EDGE('',*,*,#2246,.T.);
#1821=ORIENTED_EDGE('',*,*,#2261,.T.);
#1822=ORIENTED_EDGE('',*,*,#2276,.T.);
#1823=ORIENTED_EDGE('',*,*,#2291,.T.);
#1824=ORIENTED_EDGE('',*,*,#2306,.T.);
#1825=ORIENTED_EDGE('',*,*,#2321,.T.);
#1826=ORIENTED_EDGE('',*,*,#2336,.T.);
#1827=ORIENTED_EDGE('',*,*,#2351,.T.);
#1828=ORIENTED_EDGE('',*,*,#1933,.F.);
#1829=ORIENTED_EDGE('',*,*,#2411,.T.);
#1830=ORIENTED_EDGE('',*,*,#2361,.T.);
#1831=ORIENTED_EDGE('',*,*,#2683,.T.);
#1832=ORIENTED_EDGE('',*,*,#2070,.T.);
#1833=ORIENTED_EDGE('',*,*,#2083,.T.);
#1834=ORIENTED_EDGE('',*,*,#1990,.F.);
#1835=ORIENTED_EDGE('',*,*,#2153,.T.);
#1836=ORIENTED_EDGE('',*,*,#2110,.T.);
#1837=ORIENTED_EDGE('',*,*,#2652,.T.);
#1838=ORIENTED_EDGE('',*,*,#2594,.T.);
#1839=ORIENTED_EDGE('',*,*,#2671,.F.);
#1840=ORIENTED_EDGE('',*,*,#2599,.T.);
#1841=ORIENTED_EDGE('',*,*,#2606,.T.);
#1842=ORIENTED_EDGE('',*,*,#2546,.T.);
#1843=ORIENTED_EDGE('',*,*,#2597,.T.);
#1844=ORIENTED_EDGE('',*,*,#2068,.T.);
#1845=ORIENTED_EDGE('',*,*,#2651,.F.);
#1846=ORIENTED_EDGE('',*,*,#2108,.T.);
#1847=ORIENTED_EDGE('',*,*,#2152,.T.);
#1848=ORIENTED_EDGE('',*,*,#1988,.T.);
#1849=ORIENTED_EDGE('',*,*,#2082,.T.);
#1850=ORIENTED_EDGE('',*,*,#2074,.T.);
#1851=ORIENTED_EDGE('',*,*,#2085,.T.);
#1852=ORIENTED_EDGE('',*,*,#1986,.F.);
#1853=ORIENTED_EDGE('',*,*,#2155,.T.);
#1854=ORIENTED_EDGE('',*,*,#2114,.T.);
#1855=ORIENTED_EDGE('',*,*,#2650,.T.);
#1856=ORIENTED_EDGE('',*,*,#2066,.T.);
#1857=ORIENTED_EDGE('',*,*,#2081,.T.);
#1858=ORIENTED_EDGE('',*,*,#1982,.F.);
#1859=ORIENTED_EDGE('',*,*,#2151,.T.);
#1860=ORIENTED_EDGE('',*,*,#2106,.T.);
#1861=ORIENTED_EDGE('',*,*,#2648,.T.);
#1862=ORIENTED_EDGE('',*,*,#2072,.T.);
#1863=ORIENTED_EDGE('',*,*,#2649,.F.);
#1864=ORIENTED_EDGE('',*,*,#2112,.T.);
#1865=ORIENTED_EDGE('',*,*,#2154,.T.);
#1866=ORIENTED_EDGE('',*,*,#1984,.T.);
#1867=ORIENTED_EDGE('',*,*,#2084,.T.);
#1868=ORIENTED_EDGE('',*,*,#2062,.T.);
#1869=ORIENTED_EDGE('',*,*,#2079,.T.);
#1870=ORIENTED_EDGE('',*,*,#1978,.F.);
#1871=ORIENTED_EDGE('',*,*,#2149,.T.);
#1872=ORIENTED_EDGE('',*,*,#2102,.T.);
#1873=ORIENTED_EDGE('',*,*,#2646,.T.);
#1874=ORIENTED_EDGE('',*,*,#2064,.T.);
#1875=ORIENTED_EDGE('',*,*,#2647,.F.);
#1876=ORIENTED_EDGE('',*,*,#2104,.T.);
#1877=ORIENTED_EDGE('',*,*,#2150,.T.);
#1878=ORIENTED_EDGE('',*,*,#1980,.T.);
#1879=ORIENTED_EDGE('',*,*,#2080,.T.);
#1880=ORIENTED_EDGE('',*,*,#2056,.T.);
#1881=ORIENTED_EDGE('',*,*,#2076,.T.);
#1882=ORIENTED_EDGE('',*,*,#1973,.F.);
#1883=ORIENTED_EDGE('',*,*,#2146,.T.);
#1884=ORIENTED_EDGE('',*,*,#2096,.T.);
#1885=ORIENTED_EDGE('',*,*,#2682,.T.);
#1886=ORIENTED_EDGE('',*,*,#2060,.T.);
#1887=ORIENTED_EDGE('',*,*,#2645,.F.);
#1888=ORIENTED_EDGE('',*,*,#2100,.T.);
#1889=ORIENTED_EDGE('',*,*,#2148,.T.);
#1890=ORIENTED_EDGE('',*,*,#1976,.T.);
#1891=ORIENTED_EDGE('',*,*,#2078,.T.);
#1892=EDGE_CURVE('',#2702,#2703,#3242,.T.);
#1893=EDGE_CURVE('',#2703,#2704,#3243,.T.);
#1894=EDGE_CURVE('',#2705,#2704,#3244,.T.);
#1895=EDGE_CURVE('',#2705,#2702,#3245,.T.);
#1896=EDGE_CURVE('',#2706,#2707,#3246,.T.);
#1897=EDGE_CURVE('',#2706,#2708,#3247,.T.);
#1898=EDGE_CURVE('',#2708,#2709,#3248,.T.);
#1899=EDGE_CURVE('',#2707,#2709,#3249,.T.);
#1900=EDGE_CURVE('',#2710,#2711,#3250,.T.);
#1901=EDGE_CURVE('',#2710,#2712,#3251,.T.);
#1902=EDGE_CURVE('',#2712,#2713,#3252,.T.);
#1903=EDGE_CURVE('',#2711,#2713,#3253,.T.);
#1904=EDGE_CURVE('',#2714,#2715,#3254,.T.);
#1905=EDGE_CURVE('',#2714,#2716,#3255,.T.);
#1906=EDGE_CURVE('',#2716,#2717,#3256,.T.);
#1907=EDGE_CURVE('',#2715,#2717,#3257,.T.);
#1908=EDGE_CURVE('',#2718,#2719,#3258,.T.);
#1909=EDGE_CURVE('',#2718,#2720,#3259,.T.);
#1910=EDGE_CURVE('',#2720,#2721,#3260,.T.);
#1911=EDGE_CURVE('',#2719,#2721,#3261,.T.);
#1912=EDGE_CURVE('',#2722,#2723,#3262,.T.);
#1913=EDGE_CURVE('',#2723,#2724,#3263,.T.);
#1914=EDGE_CURVE('',#2725,#2724,#3264,.T.);
#1915=EDGE_CURVE('',#2725,#2722,#3265,.T.);
#1916=EDGE_CURVE('',#2726,#2727,#3266,.T.);
#1917=EDGE_CURVE('',#2726,#2728,#3267,.T.);
#1918=EDGE_CURVE('',#2728,#2729,#3268,.T.);
#1919=EDGE_CURVE('',#2727,#2729,#3269,.T.);
#1920=EDGE_CURVE('',#2730,#2731,#3270,.T.);
#1921=EDGE_CURVE('',#2730,#2732,#3271,.T.);
#1922=EDGE_CURVE('',#2732,#2733,#3272,.T.);
#1923=EDGE_CURVE('',#2731,#2733,#3273,.T.);
#1924=EDGE_CURVE('',#2734,#2735,#3274,.T.);
#1925=EDGE_CURVE('',#2734,#2736,#3275,.T.);
#1926=EDGE_CURVE('',#2736,#2737,#3276,.T.);
#1927=EDGE_CURVE('',#2735,#2737,#3277,.T.);
#1928=EDGE_CURVE('',#2738,#2739,#3278,.T.);
#1929=EDGE_CURVE('',#2738,#2740,#3279,.T.);
#1930=EDGE_CURVE('',#2740,#2741,#3280,.T.);
#1931=EDGE_CURVE('',#2739,#2741,#3281,.T.);
#1932=EDGE_CURVE('',#2742,#2743,#3282,.T.);
#1933=EDGE_CURVE('',#2743,#2744,#3283,.T.);
#1934=EDGE_CURVE('',#2745,#2744,#3284,.T.);
#1935=EDGE_CURVE('',#2745,#2742,#3285,.T.);
#1936=EDGE_CURVE('',#2746,#2747,#3286,.T.);
#1937=EDGE_CURVE('',#2746,#2748,#3287,.T.);
#1938=EDGE_CURVE('',#2748,#2749,#3288,.T.);
#1939=EDGE_CURVE('',#2747,#2749,#3289,.T.);
#1940=EDGE_CURVE('',#2750,#2751,#3290,.T.);
#1941=EDGE_CURVE('',#2750,#2752,#3291,.T.);
#1942=EDGE_CURVE('',#2752,#2753,#3292,.T.);
#1943=EDGE_CURVE('',#2751,#2753,#3293,.T.);
#1944=EDGE_CURVE('',#2754,#2755,#3294,.T.);
#1945=EDGE_CURVE('',#2754,#2756,#3295,.T.);
#1946=EDGE_CURVE('',#2756,#2757,#3296,.T.);
#1947=EDGE_CURVE('',#2755,#2757,#3297,.T.);
#1948=EDGE_CURVE('',#2758,#2759,#3298,.T.);
#1949=EDGE_CURVE('',#2758,#2760,#3299,.T.);
#1950=EDGE_CURVE('',#2760,#2761,#3300,.T.);
#1951=EDGE_CURVE('',#2759,#2761,#3301,.T.);
#1952=EDGE_CURVE('',#2762,#2763,#3302,.T.);
#1953=EDGE_CURVE('',#2763,#2764,#3303,.T.);
#1954=EDGE_CURVE('',#2765,#2764,#3304,.T.);
#1955=EDGE_CURVE('',#2765,#2762,#3305,.T.);
#1956=EDGE_CURVE('',#2766,#2767,#3306,.T.);
#1957=EDGE_CURVE('',#2766,#2768,#3307,.T.);
#1958=EDGE_CURVE('',#2768,#2769,#3308,.T.);
#1959=EDGE_CURVE('',#2767,#2769,#3309,.T.);
#1960=EDGE_CURVE('',#2770,#2771,#3310,.T.);
#1961=EDGE_CURVE('',#2770,#2772,#3311,.T.);
#1962=EDGE_CURVE('',#2772,#2773,#3312,.T.);
#1963=EDGE_CURVE('',#2771,#2773,#3313,.T.);
#1964=EDGE_CURVE('',#2774,#2775,#3314,.T.);
#1965=EDGE_CURVE('',#2774,#2776,#3315,.T.);
#1966=EDGE_CURVE('',#2776,#2777,#3316,.T.);
#1967=EDGE_CURVE('',#2775,#2777,#3317,.T.);
#1968=EDGE_CURVE('',#2778,#2779,#3318,.T.);
#1969=EDGE_CURVE('',#2778,#2780,#3319,.T.);
#1970=EDGE_CURVE('',#2780,#2781,#3320,.T.);
#1971=EDGE_CURVE('',#2779,#2781,#3321,.T.);
#1972=EDGE_CURVE('',#2782,#2783,#3322,.T.);
#1973=EDGE_CURVE('',#2783,#2784,#3323,.T.);
#1974=EDGE_CURVE('',#2785,#2784,#3324,.T.);
#1975=EDGE_CURVE('',#2785,#2782,#3325,.T.);
#1976=EDGE_CURVE('',#2786,#2787,#3326,.T.);
#1977=EDGE_CURVE('',#2786,#2788,#3327,.T.);
#1978=EDGE_CURVE('',#2788,#2789,#3328,.T.);
#1979=EDGE_CURVE('',#2787,#2789,#3329,.T.);
#1980=EDGE_CURVE('',#2790,#2791,#3330,.T.);
#1981=EDGE_CURVE('',#2790,#2792,#3331,.T.);
#1982=EDGE_CURVE('',#2792,#2793,#3332,.T.);
#1983=EDGE_CURVE('',#2791,#2793,#3333,.T.);
#1984=EDGE_CURVE('',#2794,#2795,#3334,.T.);
#1985=EDGE_CURVE('',#2794,#2796,#3335,.T.);
#1986=EDGE_CURVE('',#2796,#2797,#3336,.T.);
#1987=EDGE_CURVE('',#2795,#2797,#3337,.T.);
#1988=EDGE_CURVE('',#2798,#2799,#3338,.T.);
#1989=EDGE_CURVE('',#2798,#2800,#3339,.T.);
#1990=EDGE_CURVE('',#2800,#2801,#3340,.T.);
#1991=EDGE_CURVE('',#2799,#2801,#3341,.T.);
#1992=EDGE_CURVE('',#2802,#2803,#3342,.T.);
#1993=EDGE_CURVE('',#2803,#2804,#3343,.T.);
#1994=EDGE_CURVE('',#2805,#2804,#3344,.T.);
#1995=EDGE_CURVE('',#2805,#2802,#3345,.T.);
#1996=EDGE_CURVE('',#2806,#2807,#3346,.T.);
#1997=EDGE_CURVE('',#2806,#2808,#3347,.T.);
#1998=EDGE_CURVE('',#2808,#2809,#3348,.T.);
#1999=EDGE_CURVE('',#2807,#2809,#3349,.T.);
#2000=EDGE_CURVE('',#2810,#2811,#3350,.T.);
#2001=EDGE_CURVE('',#2810,#2812,#3351,.T.);
#2002=EDGE_CURVE('',#2812,#2813,#3352,.T.);
#2003=EDGE_CURVE('',#2811,#2813,#3353,.T.);
#2004=EDGE_CURVE('',#2814,#2815,#3354,.T.);
#2005=EDGE_CURVE('',#2814,#2816,#3355,.T.);
#2006=EDGE_CURVE('',#2816,#2817,#3356,.T.);
#2007=EDGE_CURVE('',#2815,#2817,#3357,.T.);
#2008=EDGE_CURVE('',#2818,#2819,#3358,.T.);
#2009=EDGE_CURVE('',#2818,#2820,#3359,.T.);
#2010=EDGE_CURVE('',#2820,#2821,#3360,.T.);
#2011=EDGE_CURVE('',#2819,#2821,#3361,.T.);
#2012=EDGE_CURVE('',#2822,#2823,#3362,.T.);
#2013=EDGE_CURVE('',#2824,#2822,#3363,.T.);
#2014=EDGE_CURVE('',#2825,#2824,#3364,.T.);
#2015=EDGE_CURVE('',#2825,#2826,#3365,.T.);
#2016=EDGE_CURVE('',#2827,#2826,#3366,.T.);
#2017=EDGE_CURVE('',#2828,#2827,#3367,.T.);
#2018=EDGE_CURVE('',#2829,#2828,#3368,.T.);
#2019=EDGE_CURVE('',#2829,#2830,#3369,.T.);
#2020=EDGE_CURVE('',#2831,#2830,#3370,.T.);
#2021=EDGE_CURVE('',#2832,#2831,#3371,.T.);
#2022=EDGE_CURVE('',#2833,#2832,#3372,.T.);
#2023=EDGE_CURVE('',#2833,#2834,#3373,.T.);
#2024=EDGE_CURVE('',#2835,#2834,#3374,.T.);
#2025=EDGE_CURVE('',#2836,#2835,#3375,.T.);
#2026=EDGE_CURVE('',#2837,#2836,#3376,.T.);
#2027=EDGE_CURVE('',#2837,#2838,#3377,.T.);
#2028=EDGE_CURVE('',#2839,#2838,#3378,.T.);
#2029=EDGE_CURVE('',#2840,#2839,#3379,.T.);
#2030=EDGE_CURVE('',#2841,#2840,#3380,.T.);
#2031=EDGE_CURVE('',#2841,#2842,#3381,.T.);
#2032=EDGE_CURVE('',#2842,#2843,#3382,.T.);
#2033=EDGE_CURVE('',#2843,#2844,#3383,.T.);
#2034=EDGE_CURVE('',#2845,#2844,#3384,.T.);
#2035=EDGE_CURVE('',#2845,#2823,#3385,.T.);
#2036=EDGE_CURVE('',#2846,#2847,#3386,.T.);
#2037=EDGE_CURVE('',#2848,#2846,#3387,.T.);
#2038=EDGE_CURVE('',#2848,#2849,#3388,.T.);
#2039=EDGE_CURVE('',#2849,#2847,#3389,.T.);
#2040=EDGE_CURVE('',#2850,#2851,#3390,.T.);
#2041=EDGE_CURVE('',#2850,#2852,#3391,.T.);
#2042=EDGE_CURVE('',#2853,#2852,#3392,.T.);
#2043=EDGE_CURVE('',#2851,#2853,#3393,.T.);
#2044=EDGE_CURVE('',#2854,#2855,#3394,.T.);
#2045=EDGE_CURVE('',#2854,#2856,#3395,.T.);
#2046=EDGE_CURVE('',#2857,#2856,#3396,.T.);
#2047=EDGE_CURVE('',#2855,#2857,#3397,.T.);
#2048=EDGE_CURVE('',#2858,#2859,#3398,.T.);
#2049=EDGE_CURVE('',#2858,#2860,#3399,.T.);
#2050=EDGE_CURVE('',#2861,#2860,#3400,.T.);
#2051=EDGE_CURVE('',#2859,#2861,#3401,.T.);
#2052=EDGE_CURVE('',#2862,#2863,#3402,.T.);
#2053=EDGE_CURVE('',#2862,#2864,#3403,.T.);
#2054=EDGE_CURVE('',#2865,#2864,#3404,.T.);
#2055=EDGE_CURVE('',#2863,#2865,#3405,.T.);
#2056=EDGE_CURVE('',#2866,#2867,#3406,.T.);
#2057=EDGE_CURVE('',#2868,#2866,#3407,.T.);
#2058=EDGE_CURVE('',#2868,#2869,#3408,.T.);
#2059=EDGE_CURVE('',#2869,#2867,#3409,.T.);
#2060=EDGE_CURVE('',#2870,#2871,#3410,.T.);
#2061=EDGE_CURVE('',#2870,#2872,#3411,.T.);
#2062=EDGE_CURVE('',#2873,#2872,#3412,.T.);
#2063=EDGE_CURVE('',#2871,#2873,#3413,.T.);
#2064=EDGE_CURVE('',#2874,#2875,#3414,.T.);
#2065=EDGE_CURVE('',#2874,#2876,#3415,.T.);
#2066=EDGE_CURVE('',#2877,#2876,#3416,.T.);
#2067=EDGE_CURVE('',#2875,#2877,#3417,.T.);
#2068=EDGE_CURVE('',#2878,#2879,#3418,.T.);
#2069=EDGE_CURVE('',#2878,#2880,#3419,.T.);
#2070=EDGE_CURVE('',#2881,#2880,#3420,.T.);
#2071=EDGE_CURVE('',#2879,#2881,#3421,.T.);
#2072=EDGE_CURVE('',#2882,#2883,#3422,.T.);
#2073=EDGE_CURVE('',#2882,#2884,#3423,.T.);
#2074=EDGE_CURVE('',#2885,#2884,#3424,.T.);
#2075=EDGE_CURVE('',#2883,#2885,#3425,.T.);
#2076=EDGE_CURVE('',#2867,#2784,#20,.F.);
#2077=EDGE_CURVE('',#2869,#2785,#21,.T.);
#2078=EDGE_CURVE('',#2787,#2870,#22,.F.);
#2079=EDGE_CURVE('',#2872,#2789,#23,.F.);
#2080=EDGE_CURVE('',#2791,#2874,#24,.F.);
#2081=EDGE_CURVE('',#2876,#2793,#25,.F.);
#2082=EDGE_CURVE('',#2799,#2878,#26,.F.);
#2083=EDGE_CURVE('',#2880,#2801,#27,.F.);
#2084=EDGE_CURVE('',#2795,#2882,#28,.F.);
#2085=EDGE_CURVE('',#2884,#2797,#29,.F.);
#2086=EDGE_CURVE('',#2803,#2846,#30,.F.);
#2087=EDGE_CURVE('',#2802,#2848,#31,.T.);
#2088=EDGE_CURVE('',#2851,#2806,#32,.F.);
#2089=EDGE_CURVE('',#2808,#2853,#33,.F.);
#2090=EDGE_CURVE('',#2855,#2810,#34,.F.);
#2091=EDGE_CURVE('',#2812,#2857,#35,.F.);
#2092=EDGE_CURVE('',#2859,#2818,#36,.F.);
#2093=EDGE_CURVE('',#2820,#2861,#37,.F.);
#2094=EDGE_CURVE('',#2863,#2814,#38,.F.);
#2095=EDGE_CURVE('',#2816,#2865,#39,.F.);
#2096=EDGE_CURVE('',#2886,#2887,#3426,.T.);
#2097=EDGE_CURVE('',#2888,#2886,#3427,.T.);
#2098=EDGE_CURVE('',#2888,#2889,#3428,.T.);
#2099=EDGE_CURVE('',#2889,#2887,#3429,.T.);
#2100=EDGE_CURVE('',#2890,#2891,#3430,.T.);
#2101=EDGE_CURVE('',#2890,#2892,#3431,.T.);
#2102=EDGE_CURVE('',#2893,#2892,#3432,.T.);
#2103=EDGE_CURVE('',#2891,#2893,#3433,.T.);
#2104=EDGE_CURVE('',#2894,#2895,#3434,.T.);
#2105=EDGE_CURVE('',#2894,#2896,#3435,.T.);
#2106=EDGE_CURVE('',#2897,#2896,#3436,.T.);
#2107=EDGE_CURVE('',#2895,#2897,#3437,.T.);
#2108=EDGE_CURVE('',#2898,#2899,#3438,.T.);
#2109=EDGE_CURVE('',#2898,#2900,#3439,.T.);
#2110=EDGE_CURVE('',#2901,#2900,#3440,.T.);
#2111=EDGE_CURVE('',#2899,#2901,#3441,.T.);
#2112=EDGE_CURVE('',#2902,#2903,#3442,.T.);
#2113=EDGE_CURVE('',#2902,#2904,#3443,.T.);
#2114=EDGE_CURVE('',#2905,#2904,#3444,.T.);
#2115=EDGE_CURVE('',#2903,#2905,#3445,.T.);
#2116=EDGE_CURVE('',#2906,#2907,#3446,.T.);
#2117=EDGE_CURVE('',#2908,#2906,#3447,.T.);
#2118=EDGE_CURVE('',#2908,#2909,#3448,.T.);
#2119=EDGE_CURVE('',#2909,#2907,#3449,.T.);
#2120=EDGE_CURVE('',#2910,#2911,#3450,.T.);
#2121=EDGE_CURVE('',#2910,#2912,#3451,.T.);
#2122=EDGE_CURVE('',#2913,#2912,#3452,.T.);
#2123=EDGE_CURVE('',#2911,#2913,#3453,.T.);
#2124=EDGE_CURVE('',#2914,#2915,#3454,.T.);
#2125=EDGE_CURVE('',#2914,#2916,#3455,.T.);
#2126=EDGE_CURVE('',#2917,#2916,#3456,.T.);
#2127=EDGE_CURVE('',#2915,#2917,#3457,.T.);
#2128=EDGE_CURVE('',#2918,#2919,#3458,.T.);
#2129=EDGE_CURVE('',#2918,#2920,#3459,.T.);
#2130=EDGE_CURVE('',#2921,#2920,#3460,.T.);
#2131=EDGE_CURVE('',#2919,#2921,#3461,.T.);
#2132=EDGE_CURVE('',#2922,#2923,#3462,.T.);
#2133=EDGE_CURVE('',#2922,#2924,#3463,.T.);
#2134=EDGE_CURVE('',#2925,#2924,#3464,.T.);
#2135=EDGE_CURVE('',#2923,#2925,#3465,.T.);
#2136=EDGE_CURVE('',#2907,#2764,#40,.F.);
#2137=EDGE_CURVE('',#2909,#2765,#41,.T.);
#2138=EDGE_CURVE('',#2767,#2910,#42,.F.);
#2139=EDGE_CURVE('',#2912,#2769,#43,.F.);
#2140=EDGE_CURVE('',#2771,#2914,#44,.F.);
#2141=EDGE_CURVE('',#2916,#2773,#45,.F.);
#2142=EDGE_CURVE('',#2779,#2918,#46,.F.);
#2143=EDGE_CURVE('',#2920,#2781,#47,.F.);
#2144=EDGE_CURVE('',#2775,#2922,#48,.F.);
#2145=EDGE_CURVE('',#2924,#2777,#49,.F.);
#2146=EDGE_CURVE('',#2783,#2886,#50,.F.);
#2147=EDGE_CURVE('',#2782,#2888,#51,.T.);
#2148=EDGE_CURVE('',#2891,#2786,#52,.F.);
#2149=EDGE_CURVE('',#2788,#2893,#53,.F.);
#2150=EDGE_CURVE('',#2895,#2790,#54,.F.);
#2151=EDGE_CURVE('',#2792,#2897,#55,.F.);
#2152=EDGE_CURVE('',#2899,#2798,#56,.F.);
#2153=EDGE_CURVE('',#2800,#2901,#57,.F.);
#2154=EDGE_CURVE('',#2903,#2794,#58,.F.);
#2155=EDGE_CURVE('',#2796,#2905,#59,.F.);
#2156=EDGE_CURVE('',#2763,#2926,#3466,.T.);
#2157=EDGE_CURVE('',#2762,#2927,#3467,.T.);
#2158=EDGE_CURVE('',#2927,#2926,#3468,.T.);
#2159=EDGE_CURVE('',#2928,#2766,#3469,.T.);
#2160=EDGE_CURVE('',#2928,#2929,#3470,.T.);
#2161=EDGE_CURVE('',#2768,#2929,#3471,.T.);
#2162=EDGE_CURVE('',#2930,#2770,#3472,.T.);
#2163=EDGE_CURVE('',#2930,#2931,#3473,.T.);
#2164=EDGE_CURVE('',#2772,#2931,#3474,.T.);
#2165=EDGE_CURVE('',#2932,#2778,#3475,.T.);
#2166=EDGE_CURVE('',#2932,#2933,#3476,.T.);
#2167=EDGE_CURVE('',#2780,#2933,#3477,.T.);
#2168=EDGE_CURVE('',#2934,#2774,#3478,.T.);
#2169=EDGE_CURVE('',#2934,#2935,#3479,.T.);
#2170=EDGE_CURVE('',#2776,#2935,#3480,.T.);
#2171=EDGE_CURVE('',#2926,#2936,#3481,.T.);
#2172=EDGE_CURVE('',#2927,#2937,#3482,.T.);
#2173=EDGE_CURVE('',#2937,#2936,#3483,.T.);
#2174=EDGE_CURVE('',#2938,#2928,#3484,.T.);
#2175=EDGE_CURVE('',#2938,#2939,#3485,.T.);
#2176=EDGE_CURVE('',#2929,#2939,#3486,.T.);
#2177=EDGE_CURVE('',#2940,#2930,#3487,.T.);
#2178=EDGE_CURVE('',#2940,#2941,#3488,.T.);
#2179=EDGE_CURVE('',#2931,#2941,#3489,.T.);
#2180=EDGE_CURVE('',#2942,#2932,#3490,.T.);
#2181=EDGE_CURVE('',#2942,#2943,#3491,.T.);
#2182=EDGE_CURVE('',#2933,#2943,#3492,.T.);
#2183=EDGE_CURVE('',#2944,#2934,#3493,.T.);
#2184=EDGE_CURVE('',#2944,#2945,#3494,.T.);
#2185=EDGE_CURVE('',#2935,#2945,#3495,.T.);
#2186=EDGE_CURVE('',#2936,#2946,#60,.F.);
#2187=EDGE_CURVE('',#2937,#2947,#61,.T.);
#2188=EDGE_CURVE('',#2947,#2946,#3496,.T.);
#2189=EDGE_CURVE('',#2948,#2938,#62,.F.);
#2190=EDGE_CURVE('',#2948,#2949,#3497,.T.);
#2191=EDGE_CURVE('',#2939,#2949,#63,.F.);
#2192=EDGE_CURVE('',#2950,#2940,#64,.F.);
#2193=EDGE_CURVE('',#2950,#2951,#3498,.T.);
#2194=EDGE_CURVE('',#2941,#2951,#65,.F.);
#2195=EDGE_CURVE('',#2952,#2942,#66,.F.);
#2196=EDGE_CURVE('',#2952,#2953,#3499,.T.);
#2197=EDGE_CURVE('',#2943,#2953,#67,.F.);
#2198=EDGE_CURVE('',#2954,#2944,#68,.F.);
#2199=EDGE_CURVE('',#2954,#2955,#3500,.T.);
#2200=EDGE_CURVE('',#2945,#2955,#69,.F.);
#2201=EDGE_CURVE('',#2946,#2956,#3501,.T.);
#2202=EDGE_CURVE('',#2947,#2957,#3502,.T.);
#2203=EDGE_CURVE('',#2957,#2956,#3503,.T.);
#2204=EDGE_CURVE('',#2958,#2948,#3504,.T.);
#2205=EDGE_CURVE('',#2958,#2959,#3505,.T.);
#2206=EDGE_CURVE('',#2949,#2959,#3506,.T.);
#2207=EDGE_CURVE('',#2960,#2950,#3507,.T.);
#2208=EDGE_CURVE('',#2960,#2961,#3508,.T.);
#2209=EDGE_CURVE('',#2951,#2961,#3509,.T.);
#2210=EDGE_CURVE('',#2962,#2952,#3510,.T.);
#2211=EDGE_CURVE('',#2962,#2963,#3511,.T.);
#2212=EDGE_CURVE('',#2953,#2963,#3512,.T.);
#2213=EDGE_CURVE('',#2964,#2954,#3513,.T.);
#2214=EDGE_CURVE('',#2964,#2965,#3514,.T.);
#2215=EDGE_CURVE('',#2955,#2965,#3515,.T.);
#2216=EDGE_CURVE('',#2956,#2966,#3516,.T.);
#2217=EDGE_CURVE('',#2957,#2967,#3517,.T.);
#2218=EDGE_CURVE('',#2967,#2966,#3518,.T.);
#2219=EDGE_CURVE('',#2968,#2958,#3519,.T.);
#2220=EDGE_CURVE('',#2968,#2969,#3520,.T.);
#2221=EDGE_CURVE('',#2959,#2969,#3521,.T.);
#2222=EDGE_CURVE('',#2970,#2960,#3522,.T.);
#2223=EDGE_CURVE('',#2970,#2971,#3523,.T.);
#2224=EDGE_CURVE('',#2961,#2971,#3524,.T.);
#2225=EDGE_CURVE('',#2972,#2962,#3525,.T.);
#2226=EDGE_CURVE('',#2972,#2973,#3526,.T.);
#2227=EDGE_CURVE('',#2963,#2973,#3527,.T.);
#2228=EDGE_CURVE('',#2974,#2964,#3528,.T.);
#2229=EDGE_CURVE('',#2974,#2975,#3529,.T.);
#2230=EDGE_CURVE('',#2965,#2975,#3530,.T.);
#2231=EDGE_CURVE('',#2966,#2976,#3531,.T.);
#2232=EDGE_CURVE('',#2967,#2977,#3532,.T.);
#2233=EDGE_CURVE('',#2977,#2976,#3533,.T.);
#2234=EDGE_CURVE('',#2978,#2968,#3534,.T.);
#2235=EDGE_CURVE('',#2978,#2979,#3535,.T.);
#2236=EDGE_CURVE('',#2969,#2979,#3536,.T.);
#2237=EDGE_CURVE('',#2980,#2970,#3537,.T.);
#2238=EDGE_CURVE('',#2980,#2981,#3538,.T.);
#2239=EDGE_CURVE('',#2971,#2981,#3539,.T.);
#2240=EDGE_CURVE('',#2982,#2972,#3540,.T.);
#2241=EDGE_CURVE('',#2982,#2983,#3541,.T.);
#2242=EDGE_CURVE('',#2973,#2983,#3542,.T.);
#2243=EDGE_CURVE('',#2984,#2974,#3543,.T.);
#2244=EDGE_CURVE('',#2984,#2985,#3544,.T.);
#2245=EDGE_CURVE('',#2975,#2985,#3545,.T.);
#2246=EDGE_CURVE('',#2976,#2986,#70,.T.);
#2247=EDGE_CURVE('',#2977,#2987,#71,.F.);
#2248=EDGE_CURVE('',#2987,#2986,#3546,.T.);
#2249=EDGE_CURVE('',#2988,#2978,#72,.T.);
#2250=EDGE_CURVE('',#2988,#2989,#3547,.T.);
#2251=EDGE_CURVE('',#2979,#2989,#73,.T.);
#2252=EDGE_CURVE('',#2990,#2980,#74,.T.);
#2253=EDGE_CURVE('',#2990,#2991,#3548,.T.);
#2254=EDGE_CURVE('',#2981,#2991,#75,.T.);
#2255=EDGE_CURVE('',#2992,#2982,#76,.T.);
#2256=EDGE_CURVE('',#2992,#2993,#3549,.T.);
#2257=EDGE_CURVE('',#2983,#2993,#77,.T.);
#2258=EDGE_CURVE('',#2994,#2984,#78,.T.);
#2259=EDGE_CURVE('',#2994,#2995,#3550,.T.);
#2260=EDGE_CURVE('',#2985,#2995,#79,.T.);
#2261=EDGE_CURVE('',#2986,#2996,#3551,.T.);
#2262=EDGE_CURVE('',#2987,#2997,#3552,.T.);
#2263=EDGE_CURVE('',#2997,#2996,#3553,.T.);
#2264=EDGE_CURVE('',#2998,#2988,#3554,.T.);
#2265=EDGE_CURVE('',#2998,#2999,#3555,.T.);
#2266=EDGE_CURVE('',#2989,#2999,#3556,.T.);
#2267=EDGE_CURVE('',#3000,#2990,#3557,.T.);
#2268=EDGE_CURVE('',#3000,#3001,#3558,.T.);
#2269=EDGE_CURVE('',#2991,#3001,#3559,.T.);
#2270=EDGE_CURVE('',#3002,#2992,#3560,.T.);
#2271=EDGE_CURVE('',#3002,#3003,#3561,.T.);
#2272=EDGE_CURVE('',#2993,#3003,#3562,.T.);
#2273=EDGE_CURVE('',#3004,#2994,#3563,.T.);
#2274=EDGE_CURVE('',#3004,#3005,#3564,.T.);
#2275=EDGE_CURVE('',#2995,#3005,#3565,.T.);
#2276=EDGE_CURVE('',#2996,#3006,#3566,.T.);
#2277=EDGE_CURVE('',#2997,#3007,#3567,.T.);
#2278=EDGE_CURVE('',#3007,#3006,#3568,.T.);
#2279=EDGE_CURVE('',#3008,#2998,#3569,.T.);
#2280=EDGE_CURVE('',#3008,#3009,#3570,.T.);
#2281=EDGE_CURVE('',#2999,#3009,#3571,.T.);
#2282=EDGE_CURVE('',#3010,#3000,#3572,.T.);
#2283=EDGE_CURVE('',#3010,#3011,#3573,.T.);
#2284=EDGE_CURVE('',#3001,#3011,#3574,.T.);
#2285=EDGE_CURVE('',#3012,#3002,#3575,.T.);
#2286=EDGE_CURVE('',#3012,#3013,#3576,.T.);
#2287=EDGE_CURVE('',#3003,#3013,#3577,.T.);
#2288=EDGE_CURVE('',#3014,#3004,#3578,.T.);
#2289=EDGE_CURVE('',#3014,#3015,#3579,.T.);
#2290=EDGE_CURVE('',#3005,#3015,#3580,.T.);
#2291=EDGE_CURVE('',#3006,#3016,#3581,.T.);
#2292=EDGE_CURVE('',#3007,#3017,#3582,.T.);
#2293=EDGE_CURVE('',#3017,#3016,#3583,.T.);
#2294=EDGE_CURVE('',#3018,#3008,#3584,.T.);
#2295=EDGE_CURVE('',#3018,#3019,#3585,.T.);
#2296=EDGE_CURVE('',#3009,#3019,#3586,.T.);
#2297=EDGE_CURVE('',#3020,#3010,#3587,.T.);
#2298=EDGE_CURVE('',#3020,#3021,#3588,.T.);
#2299=EDGE_CURVE('',#3011,#3021,#3589,.T.);
#2300=EDGE_CURVE('',#3022,#3012,#3590,.T.);
#2301=EDGE_CURVE('',#3022,#3023,#3591,.T.);
#2302=EDGE_CURVE('',#3013,#3023,#3592,.T.);
#2303=EDGE_CURVE('',#3024,#3014,#3593,.T.);
#2304=EDGE_CURVE('',#3024,#3025,#3594,.T.);
#2305=EDGE_CURVE('',#3015,#3025,#3595,.T.);
#2306=EDGE_CURVE('',#3016,#3026,#80,.F.);
#2307=EDGE_CURVE('',#3017,#3027,#81,.T.);
#2308=EDGE_CURVE('',#3027,#3026,#3596,.T.);
#2309=EDGE_CURVE('',#3028,#3018,#82,.F.);
#2310=EDGE_CURVE('',#3028,#3029,#3597,.T.);
#2311=EDGE_CURVE('',#3019,#3029,#83,.F.);
#2312=EDGE_CURVE('',#3030,#3020,#84,.F.);
#2313=EDGE_CURVE('',#3030,#3031,#3598,.T.);
#2314=EDGE_CURVE('',#3021,#3031,#85,.F.);
#2315=EDGE_CURVE('',#3032,#3022,#86,.F.);
#2316=EDGE_CURVE('',#3032,#3033,#3599,.T.);
#2317=EDGE_CURVE('',#3023,#3033,#87,.F.);
#2318=EDGE_CURVE('',#3034,#3024,#88,.F.);
#2319=EDGE_CURVE('',#3034,#3035,#3600,.T.);
#2320=EDGE_CURVE('',#3025,#3035,#89,.F.);
#2321=EDGE_CURVE('',#3026,#3036,#3601,.T.);
#2322=EDGE_CURVE('',#3027,#3037,#3602,.T.);
#2323=EDGE_CURVE('',#3037,#3036,#3603,.T.);
#2324=EDGE_CURVE('',#3038,#3028,#3604,.T.);
#2325=EDGE_CURVE('',#3038,#3039,#3605,.T.);
#2326=EDGE_CURVE('',#3029,#3039,#3606,.T.);
#2327=EDGE_CURVE('',#3040,#3030,#3607,.T.);
#2328=EDGE_CURVE('',#3040,#3041,#3608,.T.);
#2329=EDGE_CURVE('',#3031,#3041,#3609,.T.);
#2330=EDGE_CURVE('',#3042,#3032,#3610,.T.);
#2331=EDGE_CURVE('',#3042,#3043,#3611,.T.);
#2332=EDGE_CURVE('',#3033,#3043,#3612,.T.);
#2333=EDGE_CURVE('',#3044,#3034,#3613,.T.);
#2334=EDGE_CURVE('',#3044,#3045,#3614,.T.);
#2335=EDGE_CURVE('',#3035,#3045,#3615,.T.);
#2336=EDGE_CURVE('',#3036,#3046,#3616,.T.);
#2337=EDGE_CURVE('',#3037,#3047,#3617,.T.);
#2338=EDGE_CURVE('',#3047,#3046,#3618,.T.);
#2339=EDGE_CURVE('',#3048,#3038,#3619,.T.);
#2340=EDGE_CURVE('',#3048,#3049,#3620,.T.);
#2341=EDGE_CURVE('',#3039,#3049,#3621,.T.);
#2342=EDGE_CURVE('',#3050,#3040,#3622,.T.);
#2343=EDGE_CURVE('',#3050,#3051,#3623,.T.);
#2344=EDGE_CURVE('',#3041,#3051,#3624,.T.);
#2345=EDGE_CURVE('',#3052,#3042,#3625,.T.);
#2346=EDGE_CURVE('',#3052,#3053,#3626,.T.);
#2347=EDGE_CURVE('',#3043,#3053,#3627,.T.);
#2348=EDGE_CURVE('',#3054,#3044,#3628,.T.);
#2349=EDGE_CURVE('',#3054,#3055,#3629,.T.);
#2350=EDGE_CURVE('',#3045,#3055,#3630,.T.);
#2351=EDGE_CURVE('',#3046,#2744,#90,.F.);
#2352=EDGE_CURVE('',#3047,#2745,#91,.T.);
#2353=EDGE_CURVE('',#2747,#3048,#92,.F.);
#2354=EDGE_CURVE('',#3049,#2749,#93,.F.);
#2355=EDGE_CURVE('',#2751,#3050,#94,.F.);
#2356=EDGE_CURVE('',#3051,#2753,#95,.F.);
#2357=EDGE_CURVE('',#2759,#3052,#96,.F.);
#2358=EDGE_CURVE('',#3053,#2761,#97,.F.);
#2359=EDGE_CURVE('',#2755,#3054,#98,.F.);
#2360=EDGE_CURVE('',#3055,#2757,#99,.F.);
#2361=EDGE_CURVE('',#3056,#3057,#3631,.T.);
#2362=EDGE_CURVE('',#3058,#3056,#3632,.T.);
#2363=EDGE_CURVE('',#3058,#3059,#3633,.T.);
#2364=EDGE_CURVE('',#3059,#3057,#3634,.T.);
#2365=EDGE_CURVE('',#3060,#3061,#3635,.T.);
#2366=EDGE_CURVE('',#3060,#3062,#3636,.T.);
#2367=EDGE_CURVE('',#3063,#3062,#3637,.T.);
#2368=EDGE_CURVE('',#3061,#3063,#3638,.T.);
#2369=EDGE_CURVE('',#3064,#3065,#3639,.T.);
#2370=EDGE_CURVE('',#3064,#3066,#3640,.T.);
#2371=EDGE_CURVE('',#3067,#3066,#3641,.T.);
#2372=EDGE_CURVE('',#3065,#3067,#3642,.T.);
#2373=EDGE_CURVE('',#3068,#3069,#3643,.T.);
#2374=EDGE_CURVE('',#3068,#3070,#3644,.T.);
#2375=EDGE_CURVE('',#3071,#3070,#3645,.T.);
#2376=EDGE_CURVE('',#3069,#3071,#3646,.T.);
#2377=EDGE_CURVE('',#3072,#3073,#3647,.T.);
#2378=EDGE_CURVE('',#3072,#3074,#3648,.T.);
#2379=EDGE_CURVE('',#3075,#3074,#3649,.T.);
#2380=EDGE_CURVE('',#3073,#3075,#3650,.T.);
#2381=EDGE_CURVE('',#3076,#3077,#3651,.T.);
#2382=EDGE_CURVE('',#3078,#3076,#3652,.T.);
#2383=EDGE_CURVE('',#3078,#3079,#3653,.T.);
#2384=EDGE_CURVE('',#3079,#3077,#3654,.T.);
#2385=EDGE_CURVE('',#3080,#3081,#3655,.T.);
#2386=EDGE_CURVE('',#3080,#3082,#3656,.T.);
#2387=EDGE_CURVE('',#3083,#3082,#3657,.T.);
#2388=EDGE_CURVE('',#3081,#3083,#3658,.T.);
#2389=EDGE_CURVE('',#3084,#3085,#3659,.T.);
#2390=EDGE_CURVE('',#3084,#3086,#3660,.T.);
#2391=EDGE_CURVE('',#3087,#3086,#3661,.T.);
#2392=EDGE_CURVE('',#3085,#3087,#3662,.T.);
#2393=EDGE_CURVE('',#3088,#3089,#3663,.T.);
#2394=EDGE_CURVE('',#3088,#3090,#3664,.T.);
#2395=EDGE_CURVE('',#3091,#3090,#3665,.T.);
#2396=EDGE_CURVE('',#3089,#3091,#3666,.T.);
#2397=EDGE_CURVE('',#3092,#3093,#3667,.T.);
#2398=EDGE_CURVE('',#3092,#3094,#3668,.T.);
#2399=EDGE_CURVE('',#3095,#3094,#3669,.T.);
#2400=EDGE_CURVE('',#3093,#3095,#3670,.T.);
#2401=EDGE_CURVE('',#3077,#2724,#100,.F.);
#2402=EDGE_CURVE('',#3079,#2725,#101,.T.);
#2403=EDGE_CURVE('',#2727,#3080,#102,.F.);
#2404=EDGE_CURVE('',#3082,#2729,#103,.F.);
#2405=EDGE_CURVE('',#2731,#3084,#104,.F.);
#2406=EDGE_CURVE('',#3086,#2733,#105,.F.);
#2407=EDGE_CURVE('',#2739,#3088,#106,.F.);
#2408=EDGE_CURVE('',#3090,#2741,#107,.F.);
#2409=EDGE_CURVE('',#2735,#3092,#108,.F.);
#2410=EDGE_CURVE('',#3094,#2737,#109,.F.);
#2411=EDGE_CURVE('',#2743,#3056,#110,.F.);
#2412=EDGE_CURVE('',#2742,#3058,#111,.T.);
#2413=EDGE_CURVE('',#3061,#2746,#112,.F.);
#2414=EDGE_CURVE('',#2748,#3063,#113,.F.);
#2415=EDGE_CURVE('',#3065,#2750,#114,.F.);
#2416=EDGE_CURVE('',#2752,#3067,#115,.F.);
#2417=EDGE_CURVE('',#3069,#2758,#116,.F.);
#2418=EDGE_CURVE('',#2760,#3071,#117,.F.);
#2419=EDGE_CURVE('',#3073,#2754,#118,.F.);
#2420=EDGE_CURVE('',#2756,#3075,#119,.F.);
#2421=EDGE_CURVE('',#3096,#3097,#3671,.T.);
#2422=EDGE_CURVE('',#3098,#3096,#3672,.T.);
#2423=EDGE_CURVE('',#3098,#3099,#3673,.T.);
#2424=EDGE_CURVE('',#3099,#3097,#3674,.T.);
#2425=EDGE_CURVE('',#3100,#3101,#3675,.T.);
#2426=EDGE_CURVE('',#3100,#3102,#3676,.T.);
#2427=EDGE_CURVE('',#3103,#3102,#3677,.T.);
#2428=EDGE_CURVE('',#3101,#3103,#3678,.T.);
#2429=EDGE_CURVE('',#3104,#3105,#3679,.T.);
#2430=EDGE_CURVE('',#3104,#3106,#3680,.T.);
#2431=EDGE_CURVE('',#3107,#3106,#3681,.T.);
#2432=EDGE_CURVE('',#3105,#3107,#3682,.T.);
#2433=EDGE_CURVE('',#3108,#3109,#3683,.T.);
#2434=EDGE_CURVE('',#3108,#3110,#3684,.T.);
#2435=EDGE_CURVE('',#3111,#3110,#3685,.T.);
#2436=EDGE_CURVE('',#3109,#3111,#3686,.T.);
#2437=EDGE_CURVE('',#3112,#3113,#3687,.T.);
#2438=EDGE_CURVE('',#3112,#3114,#3688,.T.);
#2439=EDGE_CURVE('',#3115,#3114,#3689,.T.);
#2440=EDGE_CURVE('',#3113,#3115,#3690,.T.);
#2441=EDGE_CURVE('',#3116,#3117,#3691,.T.);
#2442=EDGE_CURVE('',#3118,#3116,#3692,.T.);
#2443=EDGE_CURVE('',#3118,#3119,#3693,.T.);
#2444=EDGE_CURVE('',#3119,#3117,#3694,.T.);
#2445=EDGE_CURVE('',#3120,#3121,#3695,.T.);
#2446=EDGE_CURVE('',#3120,#3122,#3696,.T.);
#2447=EDGE_CURVE('',#3123,#3122,#3697,.T.);
#2448=EDGE_CURVE('',#3121,#3123,#3698,.T.);
#2449=EDGE_CURVE('',#3124,#3125,#3699,.T.);
#2450=EDGE_CURVE('',#3124,#3126,#3700,.T.);
#2451=EDGE_CURVE('',#3127,#3126,#3701,.T.);
#2452=EDGE_CURVE('',#3125,#3127,#3702,.T.);
#2453=EDGE_CURVE('',#3128,#3129,#3703,.T.);
#2454=EDGE_CURVE('',#3128,#3130,#3704,.T.);
#2455=EDGE_CURVE('',#3131,#3130,#3705,.T.);
#2456=EDGE_CURVE('',#3129,#3131,#3706,.T.);
#2457=EDGE_CURVE('',#3132,#3133,#3707,.T.);
#2458=EDGE_CURVE('',#3132,#3134,#3708,.T.);
#2459=EDGE_CURVE('',#3135,#3134,#3709,.T.);
#2460=EDGE_CURVE('',#3133,#3135,#3710,.T.);
#2461=EDGE_CURVE('',#2723,#3096,#120,.F.);
#2462=EDGE_CURVE('',#2722,#3098,#121,.T.);
#2463=EDGE_CURVE('',#3101,#2726,#122,.F.);
#2464=EDGE_CURVE('',#2728,#3103,#123,.F.);
#2465=EDGE_CURVE('',#3105,#2730,#124,.F.);
#2466=EDGE_CURVE('',#2732,#3107,#125,.F.);
#2467=EDGE_CURVE('',#3109,#2738,#126,.F.);
#2468=EDGE_CURVE('',#2740,#3111,#127,.F.);
#2469=EDGE_CURVE('',#3113,#2734,#128,.F.);
#2470=EDGE_CURVE('',#2736,#3115,#129,.F.);
#2471=EDGE_CURVE('',#3117,#2704,#130,.F.);
#2472=EDGE_CURVE('',#3119,#2705,#131,.T.);
#2473=EDGE_CURVE('',#2707,#3120,#132,.F.);
#2474=EDGE_CURVE('',#3122,#2709,#133,.F.);
#2475=EDGE_CURVE('',#2711,#3124,#134,.F.);
#2476=EDGE_CURVE('',#3126,#2713,#135,.F.);
#2477=EDGE_CURVE('',#2719,#3128,#136,.F.);
#2478=EDGE_CURVE('',#3130,#2721,#137,.F.);
#2479=EDGE_CURVE('',#2715,#3132,#138,.F.);
#2480=EDGE_CURVE('',#3134,#2717,#139,.F.);
#2481=EDGE_CURVE('',#2823,#2804,#140,.F.);
#2482=EDGE_CURVE('',#2845,#2805,#141,.T.);
#2483=EDGE_CURVE('',#2807,#2825,#142,.F.);
#2484=EDGE_CURVE('',#2826,#2809,#143,.F.);
#2485=EDGE_CURVE('',#2811,#2829,#144,.F.);
#2486=EDGE_CURVE('',#2830,#2813,#145,.F.);
#2487=EDGE_CURVE('',#2819,#2837,#146,.F.);
#2488=EDGE_CURVE('',#2838,#2821,#147,.F.);
#2489=EDGE_CURVE('',#2815,#2833,#148,.F.);
#2490=EDGE_CURVE('',#2834,#2817,#149,.F.);
#2491=EDGE_CURVE('',#2703,#3136,#150,.F.);
#2492=EDGE_CURVE('',#2702,#3137,#151,.T.);
#2493=EDGE_CURVE('',#3137,#3136,#3711,.T.);
#2494=EDGE_CURVE('',#3138,#2706,#152,.F.);
#2495=EDGE_CURVE('',#3138,#3139,#3712,.T.);
#2496=EDGE_CURVE('',#2708,#3139,#153,.F.);
#2497=EDGE_CURVE('',#3140,#2710,#154,.F.);
#2498=EDGE_CURVE('',#3140,#3141,#3713,.T.);
#2499=EDGE_CURVE('',#2712,#3141,#155,.F.);
#2500=EDGE_CURVE('',#3142,#2718,#156,.F.);
#2501=EDGE_CURVE('',#3142,#3143,#3714,.T.);
#2502=EDGE_CURVE('',#2720,#3143,#157,.F.);
#2503=EDGE_CURVE('',#3144,#2714,#158,.F.);
#2504=EDGE_CURVE('',#3144,#3145,#3715,.T.);
#2505=EDGE_CURVE('',#2716,#3145,#159,.F.);
#2506=EDGE_CURVE('',#3099,#3118,#3716,.T.);
#2507=EDGE_CURVE('',#3059,#3078,#3717,.T.);
#2508=EDGE_CURVE('',#2889,#2908,#3718,.T.);
#2509=EDGE_CURVE('',#2849,#2868,#3719,.T.);
#2510=EDGE_CURVE('',#2844,#3146,#3720,.T.);
#2511=EDGE_CURVE('',#3137,#3146,#3721,.T.);
#2512=EDGE_CURVE('',#3147,#3148,#3722,.T.);
#2513=EDGE_CURVE('',#3148,#3136,#3723,.T.);
#2514=EDGE_CURVE('',#3146,#3149,#3724,.T.);
#2515=EDGE_CURVE('',#3150,#3149,#3725,.T.);
#2516=EDGE_CURVE('',#3151,#3150,#3726,.T.);
#2517=EDGE_CURVE('',#3151,#3152,#3727,.T.);
#2518=EDGE_CURVE('',#3152,#3153,#3728,.T.);
#2519=EDGE_CURVE('',#3153,#3143,#3729,.T.);
#2520=EDGE_CURVE('',#3142,#3154,#3730,.T.);
#2521=EDGE_CURVE('',#3154,#3155,#3731,.T.);
#2522=EDGE_CURVE('',#3155,#3145,#3732,.T.);
#2523=EDGE_CURVE('',#3144,#3156,#3733,.T.);
#2524=EDGE_CURVE('',#3156,#3157,#3734,.T.);
#2525=EDGE_CURVE('',#3157,#3141,#3735,.T.);
#2526=EDGE_CURVE('',#3140,#3158,#3736,.T.);
#2527=EDGE_CURVE('',#3158,#3159,#3737,.T.);
#2528=EDGE_CURVE('',#3159,#3139,#3738,.T.);
#2529=EDGE_CURVE('',#3138,#3147,#3739,.T.);
#2530=EDGE_CURVE('',#3160,#3161,#3740,.T.);
#2531=EDGE_CURVE('',#3160,#3162,#3741,.T.);
#2532=EDGE_CURVE('',#3162,#3163,#3742,.T.);
#2533=EDGE_CURVE('',#3161,#3163,#3743,.T.);
#2534=EDGE_CURVE('',#3164,#3165,#3744,.T.);
#2535=EDGE_CURVE('',#3164,#3166,#3745,.T.);
#2536=EDGE_CURVE('',#3166,#3167,#3746,.T.);
#2537=EDGE_CURVE('',#3165,#3167,#3747,.T.);
#2538=EDGE_CURVE('',#3168,#3169,#3748,.T.);
#2539=EDGE_CURVE('',#3168,#3170,#3749,.T.);
#2540=EDGE_CURVE('',#3170,#3171,#3750,.T.);
#2541=EDGE_CURVE('',#3169,#3171,#3751,.T.);
#2542=EDGE_CURVE('',#3172,#3173,#3752,.T.);
#2543=EDGE_CURVE('',#3172,#3174,#3753,.T.);
#2544=EDGE_CURVE('',#3174,#3175,#3754,.T.);
#2545=EDGE_CURVE('',#3173,#3175,#3755,.T.);
#2546=EDGE_CURVE('',#3176,#3177,#3756,.T.);
#2547=EDGE_CURVE('',#3176,#3178,#3757,.T.);
#2548=EDGE_CURVE('',#3178,#3179,#3758,.T.);
#2549=EDGE_CURVE('',#3177,#3179,#3759,.T.);
#2550=EDGE_CURVE('',#3180,#3181,#3760,.T.);
#2551=EDGE_CURVE('',#3180,#3182,#3761,.T.);
#2552=EDGE_CURVE('',#3182,#3183,#3762,.T.);
#2553=EDGE_CURVE('',#3181,#3183,#3763,.T.);
#2554=EDGE_CURVE('',#3162,#3150,#160,.T.);
#2555=EDGE_CURVE('',#3149,#2843,#3764,.T.);
#2556=EDGE_CURVE('',#2842,#3183,#161,.T.);
#2557=EDGE_CURVE('',#3182,#3184,#162,.T.);
#2558=EDGE_CURVE('',#3184,#3185,#3765,.T.);
#2559=EDGE_CURVE('',#3185,#3186,#3766,.T.);
#2560=EDGE_CURVE('',#3186,#3187,#3767,.T.);
#2561=EDGE_CURVE('',#3187,#3179,#163,.T.);
#2562=EDGE_CURVE('',#3178,#3188,#164,.T.);
#2563=EDGE_CURVE('',#3188,#3189,#3768,.T.);
#2564=EDGE_CURVE('',#3189,#3190,#3769,.T.);
#2565=EDGE_CURVE('',#3190,#3191,#3770,.T.);
#2566=EDGE_CURVE('',#3191,#3175,#165,.T.);
#2567=EDGE_CURVE('',#3174,#3192,#3771,.T.);
#2568=EDGE_CURVE('',#3192,#3193,#3772,.T.);
#2569=EDGE_CURVE('',#3193,#3194,#166,.T.);
#2570=EDGE_CURVE('',#3194,#3195,#3773,.T.);
#2571=EDGE_CURVE('',#3195,#3196,#3774,.T.);
#2572=EDGE_CURVE('',#3196,#3197,#3775,.T.);
#2573=EDGE_CURVE('',#3197,#3198,#167,.T.);
#2574=EDGE_CURVE('',#3198,#3199,#3776,.T.);
#2575=EDGE_CURVE('',#3199,#3200,#3777,.T.);
#2576=EDGE_CURVE('',#3200,#3201,#3778,.T.);
#2577=EDGE_CURVE('',#3201,#3202,#168,.T.);
#2578=EDGE_CURVE('',#3202,#3203,#3779,.T.);
#2579=EDGE_CURVE('',#3203,#3204,#3780,.T.);
#2580=EDGE_CURVE('',#3204,#3171,#169,.T.);
#2581=EDGE_CURVE('',#3170,#3205,#170,.T.);
#2582=EDGE_CURVE('',#3205,#3206,#3781,.T.);
#2583=EDGE_CURVE('',#3206,#3207,#3782,.T.);
#2584=EDGE_CURVE('',#3207,#3208,#3783,.T.);
#2585=EDGE_CURVE('',#3208,#3167,#171,.T.);
#2586=EDGE_CURVE('',#3166,#3209,#172,.T.);
#2587=EDGE_CURVE('',#3209,#3210,#3784,.T.);
#2588=EDGE_CURVE('',#3210,#3211,#3785,.T.);
#2589=EDGE_CURVE('',#3211,#3212,#3786,.T.);
#2590=EDGE_CURVE('',#3212,#3163,#173,.T.);
#2591=EDGE_CURVE('',#3213,#3214,#3787,.T.);
#2592=EDGE_CURVE('',#3213,#3185,#3788,.T.);
#2593=EDGE_CURVE('',#3214,#3184,#3789,.T.);
#2594=EDGE_CURVE('',#3215,#3216,#3790,.T.);
#2595=EDGE_CURVE('',#3215,#3187,#3791,.T.);
#2596=EDGE_CURVE('',#3216,#3186,#3792,.T.);
#2597=EDGE_CURVE('',#3177,#3215,#174,.F.);
#2598=EDGE_CURVE('',#3214,#3180,#175,.F.);
#2599=EDGE_CURVE('',#3217,#3218,#3793,.T.);
#2600=EDGE_CURVE('',#3217,#3189,#3794,.T.);
#2601=EDGE_CURVE('',#3218,#3188,#3795,.T.);
#2602=EDGE_CURVE('',#3219,#3220,#3796,.T.);
#2603=EDGE_CURVE('',#3219,#3191,#3797,.T.);
#2604=EDGE_CURVE('',#3220,#3190,#3798,.T.);
#2605=EDGE_CURVE('',#3173,#3219,#176,.F.);
#2606=EDGE_CURVE('',#3218,#3176,#177,.F.);
#2607=EDGE_CURVE('',#3221,#3172,#3799,.T.);
#2608=EDGE_CURVE('',#3221,#3192,#3800,.T.);
#2609=EDGE_CURVE('',#3222,#3221,#3801,.T.);
#2610=EDGE_CURVE('',#3222,#3193,#3802,.T.);
#2611=EDGE_CURVE('',#3223,#3222,#178,.F.);
#2612=EDGE_CURVE('',#3223,#3194,#3803,.T.);
#2613=EDGE_CURVE('',#3224,#3223,#3804,.T.);
#2614=EDGE_CURVE('',#3224,#3195,#3805,.T.);
#2615=EDGE_CURVE('',#3225,#3224,#3806,.T.);
#2616=EDGE_CURVE('',#3225,#3196,#3807,.T.);
#2617=EDGE_CURVE('',#3226,#3225,#3808,.T.);
#2618=EDGE_CURVE('',#3226,#3197,#3809,.T.);
#2619=EDGE_CURVE('',#3227,#3226,#179,.T.);
#2620=EDGE_CURVE('',#3227,#3198,#3810,.T.);
#2621=EDGE_CURVE('',#3228,#3227,#3811,.T.);
#2622=EDGE_CURVE('',#3228,#3199,#3812,.T.);
#2623=EDGE_CURVE('',#3229,#3228,#3813,.T.);
#2624=EDGE_CURVE('',#3229,#3200,#3814,.T.);
#2625=EDGE_CURVE('',#3230,#3229,#3815,.T.);
#2626=EDGE_CURVE('',#3230,#3201,#3816,.T.);
#2627=EDGE_CURVE('',#3231,#3230,#180,.F.);
#2628=EDGE_CURVE('',#3231,#3202,#3817,.T.);
#2629=EDGE_CURVE('',#3232,#3231,#3818,.T.);
#2630=EDGE_CURVE('',#3232,#3203,#3819,.T.);
#2631=EDGE_CURVE('',#3233,#3232,#3820,.T.);
#2632=EDGE_CURVE('',#3233,#3204,#3821,.T.);
#2633=EDGE_CURVE('',#3169,#3233,#181,.F.);
#2634=EDGE_CURVE('',#3234,#3235,#3822,.T.);
#2635=EDGE_CURVE('',#3234,#3206,#3823,.T.);
#2636=EDGE_CURVE('',#3235,#3205,#3824,.T.);
#2637=EDGE_CURVE('',#3236,#3237,#3825,.T.);
#2638=EDGE_CURVE('',#3236,#3208,#3826,.T.);
#2639=EDGE_CURVE('',#3237,#3207,#3827,.T.);
#2640=EDGE_CURVE('',#3165,#3236,#182,.F.);
#2641=EDGE_CURVE('',#3235,#3168,#183,.F.);
#2642=EDGE_CURVE('',#3238,#3239,#3828,.T.);
#2643=EDGE_CURVE('',#3238,#3210,#3829,.T.);
#2644=EDGE_CURVE('',#3239,#3209,#3830,.T.);
#2645=EDGE_CURVE('',#2890,#2871,#3831,.T.);
#2646=EDGE_CURVE('',#2892,#2873,#3832,.T.);
#2647=EDGE_CURVE('',#2894,#2875,#3833,.T.);
#2648=EDGE_CURVE('',#2896,#2877,#3834,.T.);
#2649=EDGE_CURVE('',#2902,#2883,#3835,.T.);
#2650=EDGE_CURVE('',#2904,#2885,#3836,.T.);
#2651=EDGE_CURVE('',#2898,#2879,#3837,.T.);
#2652=EDGE_CURVE('',#2900,#2881,#3838,.T.);
#2653=EDGE_CURVE('',#3060,#2911,#3839,.T.);
#2654=EDGE_CURVE('',#3062,#2913,#3840,.T.);
#2655=EDGE_CURVE('',#3064,#2915,#3841,.T.);
#2656=EDGE_CURVE('',#3066,#2917,#3842,.T.);
#2657=EDGE_CURVE('',#3072,#2923,#3843,.T.);
#2658=EDGE_CURVE('',#3074,#2925,#3844,.T.);
#2659=EDGE_CURVE('',#3068,#2919,#3845,.T.);
#2660=EDGE_CURVE('',#3070,#2921,#3846,.T.);
#2661=EDGE_CURVE('',#3100,#3081,#3847,.T.);
#2662=EDGE_CURVE('',#3102,#3083,#3848,.T.);
#2663=EDGE_CURVE('',#3104,#3085,#3849,.T.);
#2664=EDGE_CURVE('',#3106,#3087,#3850,.T.);
#2665=EDGE_CURVE('',#3112,#3093,#3851,.T.);
#2666=EDGE_CURVE('',#3114,#3095,#3852,.T.);
#2667=EDGE_CURVE('',#3108,#3089,#3853,.T.);
#2668=EDGE_CURVE('',#3110,#3091,#3854,.T.);
#2669=EDGE_CURVE('',#3238,#3237,#3855,.T.);
#2670=EDGE_CURVE('',#3234,#3220,#3856,.T.);
#2671=EDGE_CURVE('',#3217,#3216,#3857,.T.);
#2672=EDGE_CURVE('',#3213,#2840,#3858,.T.);
#2673=EDGE_CURVE('',#2860,#2839,#3859,.T.);
#2674=EDGE_CURVE('',#2858,#2836,#3860,.T.);
#2675=EDGE_CURVE('',#2864,#2835,#3861,.T.);
#2676=EDGE_CURVE('',#2862,#2832,#3862,.T.);
#2677=EDGE_CURVE('',#2856,#2831,#3863,.T.);
#2678=EDGE_CURVE('',#2854,#2828,#3864,.T.);
#2679=EDGE_CURVE('',#2852,#2827,#3865,.T.);
#2680=EDGE_CURVE('',#2850,#2824,#3866,.T.);
#2681=EDGE_CURVE('',#2847,#2822,#3867,.T.);
#2682=EDGE_CURVE('',#2887,#2866,#3868,.T.);
#2683=EDGE_CURVE('',#3057,#2906,#3869,.T.);
#2684=EDGE_CURVE('',#3097,#3076,#3870,.T.);
#2685=EDGE_CURVE('',#3148,#3116,#3871,.T.);
#2686=EDGE_CURVE('',#3147,#3121,#3872,.T.);
#2687=EDGE_CURVE('',#3159,#3123,#3873,.T.);
#2688=EDGE_CURVE('',#3158,#3125,#3874,.T.);
#2689=EDGE_CURVE('',#3157,#3127,#3875,.T.);
#2690=EDGE_CURVE('',#3156,#3133,#3876,.T.);
#2691=EDGE_CURVE('',#3155,#3135,#3877,.T.);
#2692=EDGE_CURVE('',#3154,#3129,#3878,.T.);
#2693=EDGE_CURVE('',#3153,#3131,#3879,.T.);
#2694=EDGE_CURVE('',#3152,#3240,#3880,.T.);
#2695=EDGE_CURVE('',#3240,#3211,#3881,.T.);
#2696=EDGE_CURVE('',#3241,#3240,#3882,.T.);
#2697=EDGE_CURVE('',#3241,#3212,#3883,.T.);
#2698=EDGE_CURVE('',#3239,#3164,#184,.F.);
#2699=EDGE_CURVE('',#3161,#3241,#185,.F.);
#2700=EDGE_CURVE('',#3181,#2841,#186,.F.);
#2701=EDGE_CURVE('',#3151,#3160,#187,.F.);
#2702=VERTEX_POINT('',#7618);
#2703=VERTEX_POINT('',#7619);
#2704=VERTEX_POINT('',#7621);
#2705=VERTEX_POINT('',#7623);
#2706=VERTEX_POINT('',#7627);
#2707=VERTEX_POINT('',#7628);
#2708=VERTEX_POINT('',#7630);
#2709=VERTEX_POINT('',#7632);
#2710=VERTEX_POINT('',#7636);
#2711=VERTEX_POINT('',#7637);
#2712=VERTEX_POINT('',#7639);
#2713=VERTEX_POINT('',#7641);
#2714=VERTEX_POINT('',#7645);
#2715=VERTEX_POINT('',#7646);
#2716=VERTEX_POINT('',#7648);
#2717=VERTEX_POINT('',#7650);
#2718=VERTEX_POINT('',#7654);
#2719=VERTEX_POINT('',#7655);
#2720=VERTEX_POINT('',#7657);
#2721=VERTEX_POINT('',#7659);
#2722=VERTEX_POINT('',#7663);
#2723=VERTEX_POINT('',#7664);
#2724=VERTEX_POINT('',#7666);
#2725=VERTEX_POINT('',#7668);
#2726=VERTEX_POINT('',#7672);
#2727=VERTEX_POINT('',#7673);
#2728=VERTEX_POINT('',#7675);
#2729=VERTEX_POINT('',#7677);
#2730=VERTEX_POINT('',#7681);
#2731=VERTEX_POINT('',#7682);
#2732=VERTEX_POINT('',#7684);
#2733=VERTEX_POINT('',#7686);
#2734=VERTEX_POINT('',#7690);
#2735=VERTEX_POINT('',#7691);
#2736=VERTEX_POINT('',#7693);
#2737=VERTEX_POINT('',#7695);
#2738=VERTEX_POINT('',#7699);
#2739=VERTEX_POINT('',#7700);
#2740=VERTEX_POINT('',#7702);
#2741=VERTEX_POINT('',#7704);
#2742=VERTEX_POINT('',#7708);
#2743=VERTEX_POINT('',#7709);
#2744=VERTEX_POINT('',#7711);
#2745=VERTEX_POINT('',#7713);
#2746=VERTEX_POINT('',#7717);
#2747=VERTEX_POINT('',#7718);
#2748=VERTEX_POINT('',#7720);
#2749=VERTEX_POINT('',#7722);
#2750=VERTEX_POINT('',#7726);
#2751=VERTEX_POINT('',#7727);
#2752=VERTEX_POINT('',#7729);
#2753=VERTEX_POINT('',#7731);
#2754=VERTEX_POINT('',#7735);
#2755=VERTEX_POINT('',#7736);
#2756=VERTEX_POINT('',#7738);
#2757=VERTEX_POINT('',#7740);
#2758=VERTEX_POINT('',#7744);
#2759=VERTEX_POINT('',#7745);
#2760=VERTEX_POINT('',#7747);
#2761=VERTEX_POINT('',#7749);
#2762=VERTEX_POINT('',#7753);
#2763=VERTEX_POINT('',#7754);
#2764=VERTEX_POINT('',#7756);
#2765=VERTEX_POINT('',#7758);
#2766=VERTEX_POINT('',#7762);
#2767=VERTEX_POINT('',#7763);
#2768=VERTEX_POINT('',#7765);
#2769=VERTEX_POINT('',#7767);
#2770=VERTEX_POINT('',#7771);
#2771=VERTEX_POINT('',#7772);
#2772=VERTEX_POINT('',#7774);
#2773=VERTEX_POINT('',#7776);
#2774=VERTEX_POINT('',#7780);
#2775=VERTEX_POINT('',#7781);
#2776=VERTEX_POINT('',#7783);
#2777=VERTEX_POINT('',#7785);
#2778=VERTEX_POINT('',#7789);
#2779=VERTEX_POINT('',#7790);
#2780=VERTEX_POINT('',#7792);
#2781=VERTEX_POINT('',#7794);
#2782=VERTEX_POINT('',#7798);
#2783=VERTEX_POINT('',#7799);
#2784=VERTEX_POINT('',#7801);
#2785=VERTEX_POINT('',#7803);
#2786=VERTEX_POINT('',#7807);
#2787=VERTEX_POINT('',#7808);
#2788=VERTEX_POINT('',#7810);
#2789=VERTEX_POINT('',#7812);
#2790=VERTEX_POINT('',#7816);
#2791=VERTEX_POINT('',#7817);
#2792=VERTEX_POINT('',#7819);
#2793=VERTEX_POINT('',#7821);
#2794=VERTEX_POINT('',#7825);
#2795=VERTEX_POINT('',#7826);
#2796=VERTEX_POINT('',#7828);
#2797=VERTEX_POINT('',#7830);
#2798=VERTEX_POINT('',#7834);
#2799=VERTEX_POINT('',#7835);
#2800=VERTEX_POINT('',#7837);
#2801=VERTEX_POINT('',#7839);
#2802=VERTEX_POINT('',#7843);
#2803=VERTEX_POINT('',#7844);
#2804=VERTEX_POINT('',#7846);
#2805=VERTEX_POINT('',#7848);
#2806=VERTEX_POINT('',#7852);
#2807=VERTEX_POINT('',#7853);
#2808=VERTEX_POINT('',#7855);
#2809=VERTEX_POINT('',#7857);
#2810=VERTEX_POINT('',#7861);
#2811=VERTEX_POINT('',#7862);
#2812=VERTEX_POINT('',#7864);
#2813=VERTEX_POINT('',#7866);
#2814=VERTEX_POINT('',#7870);
#2815=VERTEX_POINT('',#7871);
#2816=VERTEX_POINT('',#7873);
#2817=VERTEX_POINT('',#7875);
#2818=VERTEX_POINT('',#7879);
#2819=VERTEX_POINT('',#7880);
#2820=VERTEX_POINT('',#7882);
#2821=VERTEX_POINT('',#7884);
#2822=VERTEX_POINT('',#7888);
#2823=VERTEX_POINT('',#7889);
#2824=VERTEX_POINT('',#7891);
#2825=VERTEX_POINT('',#7893);
#2826=VERTEX_POINT('',#7895);
#2827=VERTEX_POINT('',#7897);
#2828=VERTEX_POINT('',#7899);
#2829=VERTEX_POINT('',#7901);
#2830=VERTEX_POINT('',#7903);
#2831=VERTEX_POINT('',#7905);
#2832=VERTEX_POINT('',#7907);
#2833=VERTEX_POINT('',#7909);
#2834=VERTEX_POINT('',#7911);
#2835=VERTEX_POINT('',#7913);
#2836=VERTEX_POINT('',#7915);
#2837=VERTEX_POINT('',#7917);
#2838=VERTEX_POINT('',#7919);
#2839=VERTEX_POINT('',#7921);
#2840=VERTEX_POINT('',#7923);
#2841=VERTEX_POINT('',#7925);
#2842=VERTEX_POINT('',#7927);
#2843=VERTEX_POINT('',#7929);
#2844=VERTEX_POINT('',#7931);
#2845=VERTEX_POINT('',#7933);
#2846=VERTEX_POINT('',#7937);
#2847=VERTEX_POINT('',#7938);
#2848=VERTEX_POINT('',#7940);
#2849=VERTEX_POINT('',#7942);
#2850=VERTEX_POINT('',#7946);
#2851=VERTEX_POINT('',#7947);
#2852=VERTEX_POINT('',#7949);
#2853=VERTEX_POINT('',#7951);
#2854=VERTEX_POINT('',#7955);
#2855=VERTEX_POINT('',#7956);
#2856=VERTEX_POINT('',#7958);
#2857=VERTEX_POINT('',#7960);
#2858=VERTEX_POINT('',#7964);
#2859=VERTEX_POINT('',#7965);
#2860=VERTEX_POINT('',#7967);
#2861=VERTEX_POINT('',#7969);
#2862=VERTEX_POINT('',#7973);
#2863=VERTEX_POINT('',#7974);
#2864=VERTEX_POINT('',#7976);
#2865=VERTEX_POINT('',#7978);
#2866=VERTEX_POINT('',#7982);
#2867=VERTEX_POINT('',#7983);
#2868=VERTEX_POINT('',#7985);
#2869=VERTEX_POINT('',#7987);
#2870=VERTEX_POINT('',#7991);
#2871=VERTEX_POINT('',#7992);
#2872=VERTEX_POINT('',#7994);
#2873=VERTEX_POINT('',#7996);
#2874=VERTEX_POINT('',#8000);
#2875=VERTEX_POINT('',#8001);
#2876=VERTEX_POINT('',#8003);
#2877=VERTEX_POINT('',#8005);
#2878=VERTEX_POINT('',#8009);
#2879=VERTEX_POINT('',#8010);
#2880=VERTEX_POINT('',#8012);
#2881=VERTEX_POINT('',#8014);
#2882=VERTEX_POINT('',#8018);
#2883=VERTEX_POINT('',#8019);
#2884=VERTEX_POINT('',#8021);
#2885=VERTEX_POINT('',#8023);
#2886=VERTEX_POINT('',#8057);
#2887=VERTEX_POINT('',#8058);
#2888=VERTEX_POINT('',#8060);
#2889=VERTEX_POINT('',#8062);
#2890=VERTEX_POINT('',#8066);
#2891=VERTEX_POINT('',#8067);
#2892=VERTEX_POINT('',#8069);
#2893=VERTEX_POINT('',#8071);
#2894=VERTEX_POINT('',#8075);
#2895=VERTEX_POINT('',#8076);
#2896=VERTEX_POINT('',#8078);
#2897=VERTEX_POINT('',#8080);
#2898=VERTEX_POINT('',#8084);
#2899=VERTEX_POINT('',#8085);
#2900=VERTEX_POINT('',#8087);
#2901=VERTEX_POINT('',#8089);
#2902=VERTEX_POINT('',#8093);
#2903=VERTEX_POINT('',#8094);
#2904=VERTEX_POINT('',#8096);
#2905=VERTEX_POINT('',#8098);
#2906=VERTEX_POINT('',#8102);
#2907=VERTEX_POINT('',#8103);
#2908=VERTEX_POINT('',#8105);
#2909=VERTEX_POINT('',#8107);
#2910=VERTEX_POINT('',#8111);
#2911=VERTEX_POINT('',#8112);
#2912=VERTEX_POINT('',#8114);
#2913=VERTEX_POINT('',#8116);
#2914=VERTEX_POINT('',#8120);
#2915=VERTEX_POINT('',#8121);
#2916=VERTEX_POINT('',#8123);
#2917=VERTEX_POINT('',#8125);
#2918=VERTEX_POINT('',#8129);
#2919=VERTEX_POINT('',#8130);
#2920=VERTEX_POINT('',#8132);
#2921=VERTEX_POINT('',#8134);
#2922=VERTEX_POINT('',#8138);
#2923=VERTEX_POINT('',#8139);
#2924=VERTEX_POINT('',#8141);
#2925=VERTEX_POINT('',#8143);
#2926=VERTEX_POINT('',#8177);
#2927=VERTEX_POINT('',#8179);
#2928=VERTEX_POINT('',#8183);
#2929=VERTEX_POINT('',#8185);
#2930=VERTEX_POINT('',#8189);
#2931=VERTEX_POINT('',#8191);
#2932=VERTEX_POINT('',#8195);
#2933=VERTEX_POINT('',#8197);
#2934=VERTEX_POINT('',#8201);
#2935=VERTEX_POINT('',#8203);
#2936=VERTEX_POINT('',#8207);
#2937=VERTEX_POINT('',#8209);
#2938=VERTEX_POINT('',#8213);
#2939=VERTEX_POINT('',#8215);
#2940=VERTEX_POINT('',#8219);
#2941=VERTEX_POINT('',#8221);
#2942=VERTEX_POINT('',#8225);
#2943=VERTEX_POINT('',#8227);
#2944=VERTEX_POINT('',#8231);
#2945=VERTEX_POINT('',#8233);
#2946=VERTEX_POINT('',#8237);
#2947=VERTEX_POINT('',#8239);
#2948=VERTEX_POINT('',#8243);
#2949=VERTEX_POINT('',#8245);
#2950=VERTEX_POINT('',#8249);
#2951=VERTEX_POINT('',#8251);
#2952=VERTEX_POINT('',#8255);
#2953=VERTEX_POINT('',#8257);
#2954=VERTEX_POINT('',#8261);
#2955=VERTEX_POINT('',#8263);
#2956=VERTEX_POINT('',#8267);
#2957=VERTEX_POINT('',#8269);
#2958=VERTEX_POINT('',#8273);
#2959=VERTEX_POINT('',#8275);
#2960=VERTEX_POINT('',#8279);
#2961=VERTEX_POINT('',#8281);
#2962=VERTEX_POINT('',#8285);
#2963=VERTEX_POINT('',#8287);
#2964=VERTEX_POINT('',#8291);
#2965=VERTEX_POINT('',#8293);
#2966=VERTEX_POINT('',#8297);
#2967=VERTEX_POINT('',#8299);
#2968=VERTEX_POINT('',#8303);
#2969=VERTEX_POINT('',#8305);
#2970=VERTEX_POINT('',#8309);
#2971=VERTEX_POINT('',#8311);
#2972=VERTEX_POINT('',#8315);
#2973=VERTEX_POINT('',#8317);
#2974=VERTEX_POINT('',#8321);
#2975=VERTEX_POINT('',#8323);
#2976=VERTEX_POINT('',#8327);
#2977=VERTEX_POINT('',#8329);
#2978=VERTEX_POINT('',#8333);
#2979=VERTEX_POINT('',#8335);
#2980=VERTEX_POINT('',#8339);
#2981=VERTEX_POINT('',#8341);
#2982=VERTEX_POINT('',#8345);
#2983=VERTEX_POINT('',#8347);
#2984=VERTEX_POINT('',#8351);
#2985=VERTEX_POINT('',#8353);
#2986=VERTEX_POINT('',#8357);
#2987=VERTEX_POINT('',#8359);
#2988=VERTEX_POINT('',#8363);
#2989=VERTEX_POINT('',#8365);
#2990=VERTEX_POINT('',#8369);
#2991=VERTEX_POINT('',#8371);
#2992=VERTEX_POINT('',#8375);
#2993=VERTEX_POINT('',#8377);
#2994=VERTEX_POINT('',#8381);
#2995=VERTEX_POINT('',#8383);
#2996=VERTEX_POINT('',#8387);
#2997=VERTEX_POINT('',#8389);
#2998=VERTEX_POINT('',#8393);
#2999=VERTEX_POINT('',#8395);
#3000=VERTEX_POINT('',#8399);
#3001=VERTEX_POINT('',#8401);
#3002=VERTEX_POINT('',#8405);
#3003=VERTEX_POINT('',#8407);
#3004=VERTEX_POINT('',#8411);
#3005=VERTEX_POINT('',#8413);
#3006=VERTEX_POINT('',#8417);
#3007=VERTEX_POINT('',#8419);
#3008=VERTEX_POINT('',#8423);
#3009=VERTEX_POINT('',#8425);
#3010=VERTEX_POINT('',#8429);
#3011=VERTEX_POINT('',#8431);
#3012=VERTEX_POINT('',#8435);
#3013=VERTEX_POINT('',#8437);
#3014=VERTEX_POINT('',#8441);
#3015=VERTEX_POINT('',#8443);
#3016=VERTEX_POINT('',#8447);
#3017=VERTEX_POINT('',#8449);
#3018=VERTEX_POINT('',#8453);
#3019=VERTEX_POINT('',#8455);
#3020=VERTEX_POINT('',#8459);
#3021=VERTEX_POINT('',#8461);
#3022=VERTEX_POINT('',#8465);
#3023=VERTEX_POINT('',#8467);
#3024=VERTEX_POINT('',#8471);
#3025=VERTEX_POINT('',#8473);
#3026=VERTEX_POINT('',#8477);
#3027=VERTEX_POINT('',#8479);
#3028=VERTEX_POINT('',#8483);
#3029=VERTEX_POINT('',#8485);
#3030=VERTEX_POINT('',#8489);
#3031=VERTEX_POINT('',#8491);
#3032=VERTEX_POINT('',#8495);
#3033=VERTEX_POINT('',#8497);
#3034=VERTEX_POINT('',#8501);
#3035=VERTEX_POINT('',#8503);
#3036=VERTEX_POINT('',#8507);
#3037=VERTEX_POINT('',#8509);
#3038=VERTEX_POINT('',#8513);
#3039=VERTEX_POINT('',#8515);
#3040=VERTEX_POINT('',#8519);
#3041=VERTEX_POINT('',#8521);
#3042=VERTEX_POINT('',#8525);
#3043=VERTEX_POINT('',#8527);
#3044=VERTEX_POINT('',#8531);
#3045=VERTEX_POINT('',#8533);
#3046=VERTEX_POINT('',#8537);
#3047=VERTEX_POINT('',#8539);
#3048=VERTEX_POINT('',#8543);
#3049=VERTEX_POINT('',#8545);
#3050=VERTEX_POINT('',#8549);
#3051=VERTEX_POINT('',#8551);
#3052=VERTEX_POINT('',#8555);
#3053=VERTEX_POINT('',#8557);
#3054=VERTEX_POINT('',#8561);
#3055=VERTEX_POINT('',#8563);
#3056=VERTEX_POINT('',#8582);
#3057=VERTEX_POINT('',#8583);
#3058=VERTEX_POINT('',#8585);
#3059=VERTEX_POINT('',#8587);
#3060=VERTEX_POINT('',#8591);
#3061=VERTEX_POINT('',#8592);
#3062=VERTEX_POINT('',#8594);
#3063=VERTEX_POINT('',#8596);
#3064=VERTEX_POINT('',#8600);
#3065=VERTEX_POINT('',#8601);
#3066=VERTEX_POINT('',#8603);
#3067=VERTEX_POINT('',#8605);
#3068=VERTEX_POINT('',#8609);
#3069=VERTEX_POINT('',#8610);
#3070=VERTEX_POINT('',#8612);
#3071=VERTEX_POINT('',#8614);
#3072=VERTEX_POINT('',#8618);
#3073=VERTEX_POINT('',#8619);
#3074=VERTEX_POINT('',#8621);
#3075=VERTEX_POINT('',#8623);
#3076=VERTEX_POINT('',#8627);
#3077=VERTEX_POINT('',#8628);
#3078=VERTEX_POINT('',#8630);
#3079=VERTEX_POINT('',#8632);
#3080=VERTEX_POINT('',#8636);
#3081=VERTEX_POINT('',#8637);
#3082=VERTEX_POINT('',#8639);
#3083=VERTEX_POINT('',#8641);
#3084=VERTEX_POINT('',#8645);
#3085=VERTEX_POINT('',#8646);
#3086=VERTEX_POINT('',#8648);
#3087=VERTEX_POINT('',#8650);
#3088=VERTEX_POINT('',#8654);
#3089=VERTEX_POINT('',#8655);
#3090=VERTEX_POINT('',#8657);
#3091=VERTEX_POINT('',#8659);
#3092=VERTEX_POINT('',#8663);
#3093=VERTEX_POINT('',#8664);
#3094=VERTEX_POINT('',#8666);
#3095=VERTEX_POINT('',#8668);
#3096=VERTEX_POINT('',#8702);
#3097=VERTEX_POINT('',#8703);
#3098=VERTEX_POINT('',#8705);
#3099=VERTEX_POINT('',#8707);
#3100=VERTEX_POINT('',#8711);
#3101=VERTEX_POINT('',#8712);
#3102=VERTEX_POINT('',#8714);
#3103=VERTEX_POINT('',#8716);
#3104=VERTEX_POINT('',#8720);
#3105=VERTEX_POINT('',#8721);
#3106=VERTEX_POINT('',#8723);
#3107=VERTEX_POINT('',#8725);
#3108=VERTEX_POINT('',#8729);
#3109=VERTEX_POINT('',#8730);
#3110=VERTEX_POINT('',#8732);
#3111=VERTEX_POINT('',#8734);
#3112=VERTEX_POINT('',#8738);
#3113=VERTEX_POINT('',#8739);
#3114=VERTEX_POINT('',#8741);
#3115=VERTEX_POINT('',#8743);
#3116=VERTEX_POINT('',#8747);
#3117=VERTEX_POINT('',#8748);
#3118=VERTEX_POINT('',#8750);
#3119=VERTEX_POINT('',#8752);
#3120=VERTEX_POINT('',#8756);
#3121=VERTEX_POINT('',#8757);
#3122=VERTEX_POINT('',#8759);
#3123=VERTEX_POINT('',#8761);
#3124=VERTEX_POINT('',#8765);
#3125=VERTEX_POINT('',#8766);
#3126=VERTEX_POINT('',#8768);
#3127=VERTEX_POINT('',#8770);
#3128=VERTEX_POINT('',#8774);
#3129=VERTEX_POINT('',#8775);
#3130=VERTEX_POINT('',#8777);
#3131=VERTEX_POINT('',#8779);
#3132=VERTEX_POINT('',#8783);
#3133=VERTEX_POINT('',#8784);
#3134=VERTEX_POINT('',#8786);
#3135=VERTEX_POINT('',#8788);
#3136=VERTEX_POINT('',#8837);
#3137=VERTEX_POINT('',#8839);
#3138=VERTEX_POINT('',#8843);
#3139=VERTEX_POINT('',#8845);
#3140=VERTEX_POINT('',#8849);
#3141=VERTEX_POINT('',#8851);
#3142=VERTEX_POINT('',#8855);
#3143=VERTEX_POINT('',#8857);
#3144=VERTEX_POINT('',#8861);
#3145=VERTEX_POINT('',#8863);
#3146=VERTEX_POINT('',#8871);
#3147=VERTEX_POINT('',#8875);
#3148=VERTEX_POINT('',#8876);
#3149=VERTEX_POINT('',#8879);
#3150=VERTEX_POINT('',#8881);
#3151=VERTEX_POINT('',#8883);
#3152=VERTEX_POINT('',#8885);
#3153=VERTEX_POINT('',#8887);
#3154=VERTEX_POINT('',#8890);
#3155=VERTEX_POINT('',#8892);
#3156=VERTEX_POINT('',#8895);
#3157=VERTEX_POINT('',#8897);
#3158=VERTEX_POINT('',#8900);
#3159=VERTEX_POINT('',#8902);
#3160=VERTEX_POINT('',#8907);
#3161=VERTEX_POINT('',#8908);
#3162=VERTEX_POINT('',#8910);
#3163=VERTEX_POINT('',#8912);
#3164=VERTEX_POINT('',#8916);
#3165=VERTEX_POINT('',#8917);
#3166=VERTEX_POINT('',#8919);
#3167=VERTEX_POINT('',#8921);
#3168=VERTEX_POINT('',#8925);
#3169=VERTEX_POINT('',#8926);
#3170=VERTEX_POINT('',#8928);
#3171=VERTEX_POINT('',#8930);
#3172=VERTEX_POINT('',#8934);
#3173=VERTEX_POINT('',#8935);
#3174=VERTEX_POINT('',#8937);
#3175=VERTEX_POINT('',#8939);
#3176=VERTEX_POINT('',#8943);
#3177=VERTEX_POINT('',#8944);
#3178=VERTEX_POINT('',#8946);
#3179=VERTEX_POINT('',#8948);
#3180=VERTEX_POINT('',#8952);
#3181=VERTEX_POINT('',#8953);
#3182=VERTEX_POINT('',#8955);
#3183=VERTEX_POINT('',#8957);
#3184=VERTEX_POINT('',#8964);
#3185=VERTEX_POINT('',#8966);
#3186=VERTEX_POINT('',#8968);
#3187=VERTEX_POINT('',#8970);
#3188=VERTEX_POINT('',#8973);
#3189=VERTEX_POINT('',#8975);
#3190=VERTEX_POINT('',#8977);
#3191=VERTEX_POINT('',#8979);
#3192=VERTEX_POINT('',#8982);
#3193=VERTEX_POINT('',#8984);
#3194=VERTEX_POINT('',#8986);
#3195=VERTEX_POINT('',#8988);
#3196=VERTEX_POINT('',#8990);
#3197=VERTEX_POINT('',#8992);
#3198=VERTEX_POINT('',#8994);
#3199=VERTEX_POINT('',#8996);
#3200=VERTEX_POINT('',#8998);
#3201=VERTEX_POINT('',#9000);
#3202=VERTEX_POINT('',#9002);
#3203=VERTEX_POINT('',#9004);
#3204=VERTEX_POINT('',#9006);
#3205=VERTEX_POINT('',#9009);
#3206=VERTEX_POINT('',#9011);
#3207=VERTEX_POINT('',#9013);
#3208=VERTEX_POINT('',#9015);
#3209=VERTEX_POINT('',#9018);
#3210=VERTEX_POINT('',#9020);
#3211=VERTEX_POINT('',#9022);
#3212=VERTEX_POINT('',#9024);
#3213=VERTEX_POINT('',#9029);
#3214=VERTEX_POINT('',#9030);
#3215=VERTEX_POINT('',#9035);
#3216=VERTEX_POINT('',#9036);
#3217=VERTEX_POINT('',#9045);
#3218=VERTEX_POINT('',#9046);
#3219=VERTEX_POINT('',#9051);
#3220=VERTEX_POINT('',#9052);
#3221=VERTEX_POINT('',#9061);
#3222=VERTEX_POINT('',#9065);
#3223=VERTEX_POINT('',#9069);
#3224=VERTEX_POINT('',#9073);
#3225=VERTEX_POINT('',#9077);
#3226=VERTEX_POINT('',#9081);
#3227=VERTEX_POINT('',#9085);
#3228=VERTEX_POINT('',#9089);
#3229=VERTEX_POINT('',#9093);
#3230=VERTEX_POINT('',#9097);
#3231=VERTEX_POINT('',#9101);
#3232=VERTEX_POINT('',#9105);
#3233=VERTEX_POINT('',#9109);
#3234=VERTEX_POINT('',#9115);
#3235=VERTEX_POINT('',#9116);
#3236=VERTEX_POINT('',#9121);
#3237=VERTEX_POINT('',#9122);
#3238=VERTEX_POINT('',#9131);
#3239=VERTEX_POINT('',#9132);
#3240=VERTEX_POINT('',#9186);
#3241=VERTEX_POINT('',#9190);
#3242=LINE('',#7617,#3884);
#3243=LINE('',#7620,#3885);
#3244=LINE('',#7622,#3886);
#3245=LINE('',#7624,#3887);
#3246=LINE('',#7626,#3888);
#3247=LINE('',#7629,#3889);
#3248=LINE('',#7631,#3890);
#3249=LINE('',#7633,#3891);
#3250=LINE('',#7635,#3892);
#3251=LINE('',#7638,#3893);
#3252=LINE('',#7640,#3894);
#3253=LINE('',#7642,#3895);
#3254=LINE('',#7644,#3896);
#3255=LINE('',#7647,#3897);
#3256=LINE('',#7649,#3898);
#3257=LINE('',#7651,#3899);
#3258=LINE('',#7653,#3900);
#3259=LINE('',#7656,#3901);
#3260=LINE('',#7658,#3902);
#3261=LINE('',#7660,#3903);
#3262=LINE('',#7662,#3904);
#3263=LINE('',#7665,#3905);
#3264=LINE('',#7667,#3906);
#3265=LINE('',#7669,#3907);
#3266=LINE('',#7671,#3908);
#3267=LINE('',#7674,#3909);
#3268=LINE('',#7676,#3910);
#3269=LINE('',#7678,#3911);
#3270=LINE('',#7680,#3912);
#3271=LINE('',#7683,#3913);
#3272=LINE('',#7685,#3914);
#3273=LINE('',#7687,#3915);
#3274=LINE('',#7689,#3916);
#3275=LINE('',#7692,#3917);
#3276=LINE('',#7694,#3918);
#3277=LINE('',#7696,#3919);
#3278=LINE('',#7698,#3920);
#3279=LINE('',#7701,#3921);
#3280=LINE('',#7703,#3922);
#3281=LINE('',#7705,#3923);
#3282=LINE('',#7707,#3924);
#3283=LINE('',#7710,#3925);
#3284=LINE('',#7712,#3926);
#3285=LINE('',#7714,#3927);
#3286=LINE('',#7716,#3928);
#3287=LINE('',#7719,#3929);
#3288=LINE('',#7721,#3930);
#3289=LINE('',#7723,#3931);
#3290=LINE('',#7725,#3932);
#3291=LINE('',#7728,#3933);
#3292=LINE('',#7730,#3934);
#3293=LINE('',#7732,#3935);
#3294=LINE('',#7734,#3936);
#3295=LINE('',#7737,#3937);
#3296=LINE('',#7739,#3938);
#3297=LINE('',#7741,#3939);
#3298=LINE('',#7743,#3940);
#3299=LINE('',#7746,#3941);
#3300=LINE('',#7748,#3942);
#3301=LINE('',#7750,#3943);
#3302=LINE('',#7752,#3944);
#3303=LINE('',#7755,#3945);
#3304=LINE('',#7757,#3946);
#3305=LINE('',#7759,#3947);
#3306=LINE('',#7761,#3948);
#3307=LINE('',#7764,#3949);
#3308=LINE('',#7766,#3950);
#3309=LINE('',#7768,#3951);
#3310=LINE('',#7770,#3952);
#3311=LINE('',#7773,#3953);
#3312=LINE('',#7775,#3954);
#3313=LINE('',#7777,#3955);
#3314=LINE('',#7779,#3956);
#3315=LINE('',#7782,#3957);
#3316=LINE('',#7784,#3958);
#3317=LINE('',#7786,#3959);
#3318=LINE('',#7788,#3960);
#3319=LINE('',#7791,#3961);
#3320=LINE('',#7793,#3962);
#3321=LINE('',#7795,#3963);
#3322=LINE('',#7797,#3964);
#3323=LINE('',#7800,#3965);
#3324=LINE('',#7802,#3966);
#3325=LINE('',#7804,#3967);
#3326=LINE('',#7806,#3968);
#3327=LINE('',#7809,#3969);
#3328=LINE('',#7811,#3970);
#3329=LINE('',#7813,#3971);
#3330=LINE('',#7815,#3972);
#3331=LINE('',#7818,#3973);
#3332=LINE('',#7820,#3974);
#3333=LINE('',#7822,#3975);
#3334=LINE('',#7824,#3976);
#3335=LINE('',#7827,#3977);
#3336=LINE('',#7829,#3978);
#3337=LINE('',#7831,#3979);
#3338=LINE('',#7833,#3980);
#3339=LINE('',#7836,#3981);
#3340=LINE('',#7838,#3982);
#3341=LINE('',#7840,#3983);
#3342=LINE('',#7842,#3984);
#3343=LINE('',#7845,#3985);
#3344=LINE('',#7847,#3986);
#3345=LINE('',#7849,#3987);
#3346=LINE('',#7851,#3988);
#3347=LINE('',#7854,#3989);
#3348=LINE('',#7856,#3990);
#3349=LINE('',#7858,#3991);
#3350=LINE('',#7860,#3992);
#3351=LINE('',#7863,#3993);
#3352=LINE('',#7865,#3994);
#3353=LINE('',#7867,#3995);
#3354=LINE('',#7869,#3996);
#3355=LINE('',#7872,#3997);
#3356=LINE('',#7874,#3998);
#3357=LINE('',#7876,#3999);
#3358=LINE('',#7878,#4000);
#3359=LINE('',#7881,#4001);
#3360=LINE('',#7883,#4002);
#3361=LINE('',#7885,#4003);
#3362=LINE('',#7887,#4004);
#3363=LINE('',#7890,#4005);
#3364=LINE('',#7892,#4006);
#3365=LINE('',#7894,#4007);
#3366=LINE('',#7896,#4008);
#3367=LINE('',#7898,#4009);
#3368=LINE('',#7900,#4010);
#3369=LINE('',#7902,#4011);
#3370=LINE('',#7904,#4012);
#3371=LINE('',#7906,#4013);
#3372=LINE('',#7908,#4014);
#3373=LINE('',#7910,#4015);
#3374=LINE('',#7912,#4016);
#3375=LINE('',#7914,#4017);
#3376=LINE('',#7916,#4018);
#3377=LINE('',#7918,#4019);
#3378=LINE('',#7920,#4020);
#3379=LINE('',#7922,#4021);
#3380=LINE('',#7924,#4022);
#3381=LINE('',#7926,#4023);
#3382=LINE('',#7928,#4024);
#3383=LINE('',#7930,#4025);
#3384=LINE('',#7932,#4026);
#3385=LINE('',#7934,#4027);
#3386=LINE('',#7936,#4028);
#3387=LINE('',#7939,#4029);
#3388=LINE('',#7941,#4030);
#3389=LINE('',#7943,#4031);
#3390=LINE('',#7945,#4032);
#3391=LINE('',#7948,#4033);
#3392=LINE('',#7950,#4034);
#3393=LINE('',#7952,#4035);
#3394=LINE('',#7954,#4036);
#3395=LINE('',#7957,#4037);
#3396=LINE('',#7959,#4038);
#3397=LINE('',#7961,#4039);
#3398=LINE('',#7963,#4040);
#3399=LINE('',#7966,#4041);
#3400=LINE('',#7968,#4042);
#3401=LINE('',#7970,#4043);
#3402=LINE('',#7972,#4044);
#3403=LINE('',#7975,#4045);
#3404=LINE('',#7977,#4046);
#3405=LINE('',#7979,#4047);
#3406=LINE('',#7981,#4048);
#3407=LINE('',#7984,#4049);
#3408=LINE('',#7986,#4050);
#3409=LINE('',#7988,#4051);
#3410=LINE('',#7990,#4052);
#3411=LINE('',#7993,#4053);
#3412=LINE('',#7995,#4054);
#3413=LINE('',#7997,#4055);
#3414=LINE('',#7999,#4056);
#3415=LINE('',#8002,#4057);
#3416=LINE('',#8004,#4058);
#3417=LINE('',#8006,#4059);
#3418=LINE('',#8008,#4060);
#3419=LINE('',#8011,#4061);
#3420=LINE('',#8013,#4062);
#3421=LINE('',#8015,#4063);
#3422=LINE('',#8017,#4064);
#3423=LINE('',#8020,#4065);
#3424=LINE('',#8022,#4066);
#3425=LINE('',#8024,#4067);
#3426=LINE('',#8056,#4068);
#3427=LINE('',#8059,#4069);
#3428=LINE('',#8061,#4070);
#3429=LINE('',#8063,#4071);
#3430=LINE('',#8065,#4072);
#3431=LINE('',#8068,#4073);
#3432=LINE('',#8070,#4074);
#3433=LINE('',#8072,#4075);
#3434=LINE('',#8074,#4076);
#3435=LINE('',#8077,#4077);
#3436=LINE('',#8079,#4078);
#3437=LINE('',#8081,#4079);
#3438=LINE('',#8083,#4080);
#3439=LINE('',#8086,#4081);
#3440=LINE('',#8088,#4082);
#3441=LINE('',#8090,#4083);
#3442=LINE('',#8092,#4084);
#3443=LINE('',#8095,#4085);
#3444=LINE('',#8097,#4086);
#3445=LINE('',#8099,#4087);
#3446=LINE('',#8101,#4088);
#3447=LINE('',#8104,#4089);
#3448=LINE('',#8106,#4090);
#3449=LINE('',#8108,#4091);
#3450=LINE('',#8110,#4092);
#3451=LINE('',#8113,#4093);
#3452=LINE('',#8115,#4094);
#3453=LINE('',#8117,#4095);
#3454=LINE('',#8119,#4096);
#3455=LINE('',#8122,#4097);
#3456=LINE('',#8124,#4098);
#3457=LINE('',#8126,#4099);
#3458=LINE('',#8128,#4100);
#3459=LINE('',#8131,#4101);
#3460=LINE('',#8133,#4102);
#3461=LINE('',#8135,#4103);
#3462=LINE('',#8137,#4104);
#3463=LINE('',#8140,#4105);
#3464=LINE('',#8142,#4106);
#3465=LINE('',#8144,#4107);
#3466=LINE('',#8176,#4108);
#3467=LINE('',#8178,#4109);
#3468=LINE('',#8180,#4110);
#3469=LINE('',#8182,#4111);
#3470=LINE('',#8184,#4112);
#3471=LINE('',#8186,#4113);
#3472=LINE('',#8188,#4114);
#3473=LINE('',#8190,#4115);
#3474=LINE('',#8192,#4116);
#3475=LINE('',#8194,#4117);
#3476=LINE('',#8196,#4118);
#3477=LINE('',#8198,#4119);
#3478=LINE('',#8200,#4120);
#3479=LINE('',#8202,#4121);
#3480=LINE('',#8204,#4122);
#3481=LINE('',#8206,#4123);
#3482=LINE('',#8208,#4124);
#3483=LINE('',#8210,#4125);
#3484=LINE('',#8212,#4126);
#3485=LINE('',#8214,#4127);
#3486=LINE('',#8216,#4128);
#3487=LINE('',#8218,#4129);
#3488=LINE('',#8220,#4130);
#3489=LINE('',#8222,#4131);
#3490=LINE('',#8224,#4132);
#3491=LINE('',#8226,#4133);
#3492=LINE('',#8228,#4134);
#3493=LINE('',#8230,#4135);
#3494=LINE('',#8232,#4136);
#3495=LINE('',#8234,#4137);
#3496=LINE('',#8240,#4138);
#3497=LINE('',#8244,#4139);
#3498=LINE('',#8250,#4140);
#3499=LINE('',#8256,#4141);
#3500=LINE('',#8262,#4142);
#3501=LINE('',#8266,#4143);
#3502=LINE('',#8268,#4144);
#3503=LINE('',#8270,#4145);
#3504=LINE('',#8272,#4146);
#3505=LINE('',#8274,#4147);
#3506=LINE('',#8276,#4148);
#3507=LINE('',#8278,#4149);
#3508=LINE('',#8280,#4150);
#3509=LINE('',#8282,#4151);
#3510=LINE('',#8284,#4152);
#3511=LINE('',#8286,#4153);
#3512=LINE('',#8288,#4154);
#3513=LINE('',#8290,#4155);
#3514=LINE('',#8292,#4156);
#3515=LINE('',#8294,#4157);
#3516=LINE('',#8296,#4158);
#3517=LINE('',#8298,#4159);
#3518=LINE('',#8300,#4160);
#3519=LINE('',#8302,#4161);
#3520=LINE('',#8304,#4162);
#3521=LINE('',#8306,#4163);
#3522=LINE('',#8308,#4164);
#3523=LINE('',#8310,#4165);
#3524=LINE('',#8312,#4166);
#3525=LINE('',#8314,#4167);
#3526=LINE('',#8316,#4168);
#3527=LINE('',#8318,#4169);
#3528=LINE('',#8320,#4170);
#3529=LINE('',#8322,#4171);
#3530=LINE('',#8324,#4172);
#3531=LINE('',#8326,#4173);
#3532=LINE('',#8328,#4174);
#3533=LINE('',#8330,#4175);
#3534=LINE('',#8332,#4176);
#3535=LINE('',#8334,#4177);
#3536=LINE('',#8336,#4178);
#3537=LINE('',#8338,#4179);
#3538=LINE('',#8340,#4180);
#3539=LINE('',#8342,#4181);
#3540=LINE('',#8344,#4182);
#3541=LINE('',#8346,#4183);
#3542=LINE('',#8348,#4184);
#3543=LINE('',#8350,#4185);
#3544=LINE('',#8352,#4186);
#3545=LINE('',#8354,#4187);
#3546=LINE('',#8360,#4188);
#3547=LINE('',#8364,#4189);
#3548=LINE('',#8370,#4190);
#3549=LINE('',#8376,#4191);
#3550=LINE('',#8382,#4192);
#3551=LINE('',#8386,#4193);
#3552=LINE('',#8388,#4194);
#3553=LINE('',#8390,#4195);
#3554=LINE('',#8392,#4196);
#3555=LINE('',#8394,#4197);
#3556=LINE('',#8396,#4198);
#3557=LINE('',#8398,#4199);
#3558=LINE('',#8400,#4200);
#3559=LINE('',#8402,#4201);
#3560=LINE('',#8404,#4202);
#3561=LINE('',#8406,#4203);
#3562=LINE('',#8408,#4204);
#3563=LINE('',#8410,#4205);
#3564=LINE('',#8412,#4206);
#3565=LINE('',#8414,#4207);
#3566=LINE('',#8416,#4208);
#3567=LINE('',#8418,#4209);
#3568=LINE('',#8420,#4210);
#3569=LINE('',#8422,#4211);
#3570=LINE('',#8424,#4212);
#3571=LINE('',#8426,#4213);
#3572=LINE('',#8428,#4214);
#3573=LINE('',#8430,#4215);
#3574=LINE('',#8432,#4216);
#3575=LINE('',#8434,#4217);
#3576=LINE('',#8436,#4218);
#3577=LINE('',#8438,#4219);
#3578=LINE('',#8440,#4220);
#3579=LINE('',#8442,#4221);
#3580=LINE('',#8444,#4222);
#3581=LINE('',#8446,#4223);
#3582=LINE('',#8448,#4224);
#3583=LINE('',#8450,#4225);
#3584=LINE('',#8452,#4226);
#3585=LINE('',#8454,#4227);
#3586=LINE('',#8456,#4228);
#3587=LINE('',#8458,#4229);
#3588=LINE('',#8460,#4230);
#3589=LINE('',#8462,#4231);
#3590=LINE('',#8464,#4232);
#3591=LINE('',#8466,#4233);
#3592=LINE('',#8468,#4234);
#3593=LINE('',#8470,#4235);
#3594=LINE('',#8472,#4236);
#3595=LINE('',#8474,#4237);
#3596=LINE('',#8480,#4238);
#3597=LINE('',#8484,#4239);
#3598=LINE('',#8490,#4240);
#3599=LINE('',#8496,#4241);
#3600=LINE('',#8502,#4242);
#3601=LINE('',#8506,#4243);
#3602=LINE('',#8508,#4244);
#3603=LINE('',#8510,#4245);
#3604=LINE('',#8512,#4246);
#3605=LINE('',#8514,#4247);
#3606=LINE('',#8516,#4248);
#3607=LINE('',#8518,#4249);
#3608=LINE('',#8520,#4250);
#3609=LINE('',#8522,#4251);
#3610=LINE('',#8524,#4252);
#3611=LINE('',#8526,#4253);
#3612=LINE('',#8528,#4254);
#3613=LINE('',#8530,#4255);
#3614=LINE('',#8532,#4256);
#3615=LINE('',#8534,#4257);
#3616=LINE('',#8536,#4258);
#3617=LINE('',#8538,#4259);
#3618=LINE('',#8540,#4260);
#3619=LINE('',#8542,#4261);
#3620=LINE('',#8544,#4262);
#3621=LINE('',#8546,#4263);
#3622=LINE('',#8548,#4264);
#3623=LINE('',#8550,#4265);
#3624=LINE('',#8552,#4266);
#3625=LINE('',#8554,#4267);
#3626=LINE('',#8556,#4268);
#3627=LINE('',#8558,#4269);
#3628=LINE('',#8560,#4270);
#3629=LINE('',#8562,#4271);
#3630=LINE('',#8564,#4272);
#3631=LINE('',#8581,#4273);
#3632=LINE('',#8584,#4274);
#3633=LINE('',#8586,#4275);
#3634=LINE('',#8588,#4276);
#3635=LINE('',#8590,#4277);
#3636=LINE('',#8593,#4278);
#3637=LINE('',#8595,#4279);
#3638=LINE('',#8597,#4280);
#3639=LINE('',#8599,#4281);
#3640=LINE('',#8602,#4282);
#3641=LINE('',#8604,#4283);
#3642=LINE('',#8606,#4284);
#3643=LINE('',#8608,#4285);
#3644=LINE('',#8611,#4286);
#3645=LINE('',#8613,#4287);
#3646=LINE('',#8615,#4288);
#3647=LINE('',#8617,#4289);
#3648=LINE('',#8620,#4290);
#3649=LINE('',#8622,#4291);
#3650=LINE('',#8624,#4292);
#3651=LINE('',#8626,#4293);
#3652=LINE('',#8629,#4294);
#3653=LINE('',#8631,#4295);
#3654=LINE('',#8633,#4296);
#3655=LINE('',#8635,#4297);
#3656=LINE('',#8638,#4298);
#3657=LINE('',#8640,#4299);
#3658=LINE('',#8642,#4300);
#3659=LINE('',#8644,#4301);
#3660=LINE('',#8647,#4302);
#3661=LINE('',#8649,#4303);
#3662=LINE('',#8651,#4304);
#3663=LINE('',#8653,#4305);
#3664=LINE('',#8656,#4306);
#3665=LINE('',#8658,#4307);
#3666=LINE('',#8660,#4308);
#3667=LINE('',#8662,#4309);
#3668=LINE('',#8665,#4310);
#3669=LINE('',#8667,#4311);
#3670=LINE('',#8669,#4312);
#3671=LINE('',#8701,#4313);
#3672=LINE('',#8704,#4314);
#3673=LINE('',#8706,#4315);
#3674=LINE('',#8708,#4316);
#3675=LINE('',#8710,#4317);
#3676=LINE('',#8713,#4318);
#3677=LINE('',#8715,#4319);
#3678=LINE('',#8717,#4320);
#3679=LINE('',#8719,#4321);
#3680=LINE('',#8722,#4322);
#3681=LINE('',#8724,#4323);
#3682=LINE('',#8726,#4324);
#3683=LINE('',#8728,#4325);
#3684=LINE('',#8731,#4326);
#3685=LINE('',#8733,#4327);
#3686=LINE('',#8735,#4328);
#3687=LINE('',#8737,#4329);
#3688=LINE('',#8740,#4330);
#3689=LINE('',#8742,#4331);
#3690=LINE('',#8744,#4332);
#3691=LINE('',#8746,#4333);
#3692=LINE('',#8749,#4334);
#3693=LINE('',#8751,#4335);
#3694=LINE('',#8753,#4336);
#3695=LINE('',#8755,#4337);
#3696=LINE('',#8758,#4338);
#3697=LINE('',#8760,#4339);
#3698=LINE('',#8762,#4340);
#3699=LINE('',#8764,#4341);
#3700=LINE('',#8767,#4342);
#3701=LINE('',#8769,#4343);
#3702=LINE('',#8771,#4344);
#3703=LINE('',#8773,#4345);
#3704=LINE('',#8776,#4346);
#3705=LINE('',#8778,#4347);
#3706=LINE('',#8780,#4348);
#3707=LINE('',#8782,#4349);
#3708=LINE('',#8785,#4350);
#3709=LINE('',#8787,#4351);
#3710=LINE('',#8789,#4352);
#3711=LINE('',#8840,#4353);
#3712=LINE('',#8844,#4354);
#3713=LINE('',#8850,#4355);
#3714=LINE('',#8856,#4356);
#3715=LINE('',#8862,#4357);
#3716=LINE('',#8866,#4358);
#3717=LINE('',#8867,#4359);
#3718=LINE('',#8868,#4360);
#3719=LINE('',#8869,#4361);
#3720=LINE('',#8870,#4362);
#3721=LINE('',#8872,#4363);
#3722=LINE('',#8874,#4364);
#3723=LINE('',#8877,#4365);
#3724=LINE('',#8878,#4366);
#3725=LINE('',#8880,#4367);
#3726=LINE('',#8882,#4368);
#3727=LINE('',#8884,#4369);
#3728=LINE('',#8886,#4370);
#3729=LINE('',#8888,#4371);
#3730=LINE('',#8889,#4372);
#3731=LINE('',#8891,#4373);
#3732=LINE('',#8893,#4374);
#3733=LINE('',#8894,#4375);
#3734=LINE('',#8896,#4376);
#3735=LINE('',#8898,#4377);
#3736=LINE('',#8899,#4378);
#3737=LINE('',#8901,#4379);
#3738=LINE('',#8903,#4380);
#3739=LINE('',#8904,#4381);
#3740=LINE('',#8906,#4382);
#3741=LINE('',#8909,#4383);
#3742=LINE('',#8911,#4384);
#3743=LINE('',#8913,#4385);
#3744=LINE('',#8915,#4386);
#3745=LINE('',#8918,#4387);
#3746=LINE('',#8920,#4388);
#3747=LINE('',#8922,#4389);
#3748=LINE('',#8924,#4390);
#3749=LINE('',#8927,#4391);
#3750=LINE('',#8929,#4392);
#3751=LINE('',#8931,#4393);
#3752=LINE('',#8933,#4394);
#3753=LINE('',#8936,#4395);
#3754=LINE('',#8938,#4396);
#3755=LINE('',#8940,#4397);
#3756=LINE('',#8942,#4398);
#3757=LINE('',#8945,#4399);
#3758=LINE('',#8947,#4400);
#3759=LINE('',#8949,#4401);
#3760=LINE('',#8951,#4402);
#3761=LINE('',#8954,#4403);
#3762=LINE('',#8956,#4404);
#3763=LINE('',#8958,#4405);
#3764=LINE('',#8961,#4406);
#3765=LINE('',#8965,#4407);
#3766=LINE('',#8967,#4408);
#3767=LINE('',#8969,#4409);
#3768=LINE('',#8974,#4410);
#3769=LINE('',#8976,#4411);
#3770=LINE('',#8978,#4412);
#3771=LINE('',#8981,#4413);
#3772=LINE('',#8983,#4414);
#3773=LINE('',#8987,#4415);
#3774=LINE('',#8989,#4416);
#3775=LINE('',#8991,#4417);
#3776=LINE('',#8995,#4418);
#3777=LINE('',#8997,#4419);
#3778=LINE('',#8999,#4420);
#3779=LINE('',#9003,#4421);
#3780=LINE('',#9005,#4422);
#3781=LINE('',#9010,#4423);
#3782=LINE('',#9012,#4424);
#3783=LINE('',#9014,#4425);
#3784=LINE('',#9019,#4426);
#3785=LINE('',#9021,#4427);
#3786=LINE('',#9023,#4428);
#3787=LINE('',#9028,#4429);
#3788=LINE('',#9031,#4430);
#3789=LINE('',#9032,#4431);
#3790=LINE('',#9034,#4432);
#3791=LINE('',#9037,#4433);
#3792=LINE('',#9038,#4434);
#3793=LINE('',#9044,#4435);
#3794=LINE('',#9047,#4436);
#3795=LINE('',#9048,#4437);
#3796=LINE('',#9050,#4438);
#3797=LINE('',#9053,#4439);
#3798=LINE('',#9054,#4440);
#3799=LINE('',#9060,#4441);
#3800=LINE('',#9062,#4442);
#3801=LINE('',#9064,#4443);
#3802=LINE('',#9066,#4444);
#3803=LINE('',#9070,#4445);
#3804=LINE('',#9072,#4446);
#3805=LINE('',#9074,#4447);
#3806=LINE('',#9076,#4448);
#3807=LINE('',#9078,#4449);
#3808=LINE('',#9080,#4450);
#3809=LINE('',#9082,#4451);
#3810=LINE('',#9086,#4452);
#3811=LINE('',#9088,#4453);
#3812=LINE('',#9090,#4454);
#3813=LINE('',#9092,#4455);
#3814=LINE('',#9094,#4456);
#3815=LINE('',#9096,#4457);
#3816=LINE('',#9098,#4458);
#3817=LINE('',#9102,#4459);
#3818=LINE('',#9104,#4460);
#3819=LINE('',#9106,#4461);
#3820=LINE('',#9108,#4462);
#3821=LINE('',#9110,#4463);
#3822=LINE('',#9114,#4464);
#3823=LINE('',#9117,#4465);
#3824=LINE('',#9118,#4466);
#3825=LINE('',#9120,#4467);
#3826=LINE('',#9123,#4468);
#3827=LINE('',#9124,#4469);
#3828=LINE('',#9130,#4470);
#3829=LINE('',#9133,#4471);
#3830=LINE('',#9134,#4472);
#3831=LINE('',#9136,#4473);
#3832=LINE('',#9137,#4474);
#3833=LINE('',#9138,#4475);
#3834=LINE('',#9139,#4476);
#3835=LINE('',#9140,#4477);
#3836=LINE('',#9141,#4478);
#3837=LINE('',#9142,#4479);
#3838=LINE('',#9143,#4480);
#3839=LINE('',#9144,#4481);
#3840=LINE('',#9145,#4482);
#3841=LINE('',#9146,#4483);
#3842=LINE('',#9147,#4484);
#3843=LINE('',#9148,#4485);
#3844=LINE('',#9149,#4486);
#3845=LINE('',#9150,#4487);
#3846=LINE('',#9151,#4488);
#3847=LINE('',#9152,#4489);
#3848=LINE('',#9153,#4490);
#3849=LINE('',#9154,#4491);
#3850=LINE('',#9155,#4492);
#3851=LINE('',#9156,#4493);
#3852=LINE('',#9157,#4494);
#3853=LINE('',#9158,#4495);
#3854=LINE('',#9159,#4496);
#3855=LINE('',#9160,#4497);
#3856=LINE('',#9161,#4498);
#3857=LINE('',#9162,#4499);
#3858=LINE('',#9163,#4500);
#3859=LINE('',#9164,#4501);
#3860=LINE('',#9165,#4502);
#3861=LINE('',#9166,#4503);
#3862=LINE('',#9167,#4504);
#3863=LINE('',#9168,#4505);
#3864=LINE('',#9169,#4506);
#3865=LINE('',#9170,#4507);
#3866=LINE('',#9171,#4508);
#3867=LINE('',#9172,#4509);
#3868=LINE('',#9173,#4510);
#3869=LINE('',#9174,#4511);
#3870=LINE('',#9175,#4512);
#3871=LINE('',#9176,#4513);
#3872=LINE('',#9177,#4514);
#3873=LINE('',#9178,#4515);
#3874=LINE('',#9179,#4516);
#3875=LINE('',#9180,#4517);
#3876=LINE('',#9181,#4518);
#3877=LINE('',#9182,#4519);
#3878=LINE('',#9183,#4520);
#3879=LINE('',#9184,#4521);
#3880=LINE('',#9185,#4522);
#3881=LINE('',#9187,#4523);
#3882=LINE('',#9189,#4524);
#3883=LINE('',#9191,#4525);
#3884=VECTOR('',#6071,1000.);
#3885=VECTOR('',#6072,1000.);
#3886=VECTOR('',#6073,1000.);
#3887=VECTOR('',#6074,1000.);
#3888=VECTOR('',#6077,1000.);
#3889=VECTOR('',#6078,1000.);
#3890=VECTOR('',#6079,1000.);
#3891=VECTOR('',#6080,1000.);
#3892=VECTOR('',#6083,1000.);
#3893=VECTOR('',#6084,1000.);
#3894=VECTOR('',#6085,1000.);
#3895=VECTOR('',#6086,1000.);
#3896=VECTOR('',#6089,1000.);
#3897=VECTOR('',#6090,1000.);
#3898=VECTOR('',#6091,1000.);
#3899=VECTOR('',#6092,1000.);
#3900=VECTOR('',#6095,1000.);
#3901=VECTOR('',#6096,1000.);
#3902=VECTOR('',#6097,1000.);
#3903=VECTOR('',#6098,1000.);
#3904=VECTOR('',#6101,1000.);
#3905=VECTOR('',#6102,1000.);
#3906=VECTOR('',#6103,1000.);
#3907=VECTOR('',#6104,1000.);
#3908=VECTOR('',#6107,1000.);
#3909=VECTOR('',#6108,1000.);
#3910=VECTOR('',#6109,1000.);
#3911=VECTOR('',#6110,1000.);
#3912=VECTOR('',#6113,1000.);
#3913=VECTOR('',#6114,1000.);
#3914=VECTOR('',#6115,1000.);
#3915=VECTOR('',#6116,1000.);
#3916=VECTOR('',#6119,1000.);
#3917=VECTOR('',#6120,1000.);
#3918=VECTOR('',#6121,1000.);
#3919=VECTOR('',#6122,1000.);
#3920=VECTOR('',#6125,1000.);
#3921=VECTOR('',#6126,1000.);
#3922=VECTOR('',#6127,1000.);
#3923=VECTOR('',#6128,1000.);
#3924=VECTOR('',#6131,1000.);
#3925=VECTOR('',#6132,1000.);
#3926=VECTOR('',#6133,1000.);
#3927=VECTOR('',#6134,1000.);
#3928=VECTOR('',#6137,1000.);
#3929=VECTOR('',#6138,1000.);
#3930=VECTOR('',#6139,1000.);
#3931=VECTOR('',#6140,1000.);
#3932=VECTOR('',#6143,1000.);
#3933=VECTOR('',#6144,1000.);
#3934=VECTOR('',#6145,1000.);
#3935=VECTOR('',#6146,1000.);
#3936=VECTOR('',#6149,1000.);
#3937=VECTOR('',#6150,1000.);
#3938=VECTOR('',#6151,1000.);
#3939=VECTOR('',#6152,1000.);
#3940=VECTOR('',#6155,1000.);
#3941=VECTOR('',#6156,1000.);
#3942=VECTOR('',#6157,1000.);
#3943=VECTOR('',#6158,1000.);
#3944=VECTOR('',#6161,1000.);
#3945=VECTOR('',#6162,1000.);
#3946=VECTOR('',#6163,1000.);
#3947=VECTOR('',#6164,1000.);
#3948=VECTOR('',#6167,1000.);
#3949=VECTOR('',#6168,1000.);
#3950=VECTOR('',#6169,1000.);
#3951=VECTOR('',#6170,1000.);
#3952=VECTOR('',#6173,1000.);
#3953=VECTOR('',#6174,1000.);
#3954=VECTOR('',#6175,1000.);
#3955=VECTOR('',#6176,1000.);
#3956=VECTOR('',#6179,1000.);
#3957=VECTOR('',#6180,1000.);
#3958=VECTOR('',#6181,1000.);
#3959=VECTOR('',#6182,1000.);
#3960=VECTOR('',#6185,1000.);
#3961=VECTOR('',#6186,1000.);
#3962=VECTOR('',#6187,1000.);
#3963=VECTOR('',#6188,1000.);
#3964=VECTOR('',#6191,1000.);
#3965=VECTOR('',#6192,1000.);
#3966=VECTOR('',#6193,1000.);
#3967=VECTOR('',#6194,1000.);
#3968=VECTOR('',#6197,1000.);
#3969=VECTOR('',#6198,1000.);
#3970=VECTOR('',#6199,1000.);
#3971=VECTOR('',#6200,1000.);
#3972=VECTOR('',#6203,1000.);
#3973=VECTOR('',#6204,1000.);
#3974=VECTOR('',#6205,1000.);
#3975=VECTOR('',#6206,1000.);
#3976=VECTOR('',#6209,1000.);
#3977=VECTOR('',#6210,1000.);
#3978=VECTOR('',#6211,1000.);
#3979=VECTOR('',#6212,1000.);
#3980=VECTOR('',#6215,1000.);
#3981=VECTOR('',#6216,1000.);
#3982=VECTOR('',#6217,1000.);
#3983=VECTOR('',#6218,1000.);
#3984=VECTOR('',#6221,1000.);
#3985=VECTOR('',#6222,1000.);
#3986=VECTOR('',#6223,1000.);
#3987=VECTOR('',#6224,1000.);
#3988=VECTOR('',#6227,1000.);
#3989=VECTOR('',#6228,1000.);
#3990=VECTOR('',#6229,1000.);
#3991=VECTOR('',#6230,1000.);
#3992=VECTOR('',#6233,1000.);
#3993=VECTOR('',#6234,1000.);
#3994=VECTOR('',#6235,1000.);
#3995=VECTOR('',#6236,1000.);
#3996=VECTOR('',#6239,1000.);
#3997=VECTOR('',#6240,1000.);
#3998=VECTOR('',#6241,1000.);
#3999=VECTOR('',#6242,1000.);
#4000=VECTOR('',#6245,1000.);
#4001=VECTOR('',#6246,1000.);
#4002=VECTOR('',#6247,1000.);
#4003=VECTOR('',#6248,1000.);
#4004=VECTOR('',#6251,1000.);
#4005=VECTOR('',#6252,1000.);
#4006=VECTOR('',#6253,1000.);
#4007=VECTOR('',#6254,1000.);
#4008=VECTOR('',#6255,1000.);
#4009=VECTOR('',#6256,1000.);
#4010=VECTOR('',#6257,1000.);
#4011=VECTOR('',#6258,1000.);
#4012=VECTOR('',#6259,1000.);
#4013=VECTOR('',#6260,1000.);
#4014=VECTOR('',#6261,1000.);
#4015=VECTOR('',#6262,1000.);
#4016=VECTOR('',#6263,1000.);
#4017=VECTOR('',#6264,1000.);
#4018=VECTOR('',#6265,1000.);
#4019=VECTOR('',#6266,1000.);
#4020=VECTOR('',#6267,1000.);
#4021=VECTOR('',#6268,1000.);
#4022=VECTOR('',#6269,1000.);
#4023=VECTOR('',#6270,1000.);
#4024=VECTOR('',#6271,1000.);
#4025=VECTOR('',#6272,1000.);
#4026=VECTOR('',#6273,1000.);
#4027=VECTOR('',#6274,1000.);
#4028=VECTOR('',#6277,1000.);
#4029=VECTOR('',#6278,1000.);
#4030=VECTOR('',#6279,1000.);
#4031=VECTOR('',#6280,1000.);
#4032=VECTOR('',#6283,1000.);
#4033=VECTOR('',#6284,1000.);
#4034=VECTOR('',#6285,1000.);
#4035=VECTOR('',#6286,1000.);
#4036=VECTOR('',#6289,1000.);
#4037=VECTOR('',#6290,1000.);
#4038=VECTOR('',#6291,1000.);
#4039=VECTOR('',#6292,1000.);
#4040=VECTOR('',#6295,1000.);
#4041=VECTOR('',#6296,1000.);
#4042=VECTOR('',#6297,1000.);
#4043=VECTOR('',#6298,1000.);
#4044=VECTOR('',#6301,1000.);
#4045=VECTOR('',#6302,1000.);
#4046=VECTOR('',#6303,1000.);
#4047=VECTOR('',#6304,1000.);
#4048=VECTOR('',#6307,1000.);
#4049=VECTOR('',#6308,1000.);
#4050=VECTOR('',#6309,1000.);
#4051=VECTOR('',#6310,1000.);
#4052=VECTOR('',#6313,1000.);
#4053=VECTOR('',#6314,1000.);
#4054=VECTOR('',#6315,1000.);
#4055=VECTOR('',#6316,1000.);
#4056=VECTOR('',#6319,1000.);
#4057=VECTOR('',#6320,1000.);
#4058=VECTOR('',#6321,1000.);
#4059=VECTOR('',#6322,1000.);
#4060=VECTOR('',#6325,1000.);
#4061=VECTOR('',#6326,1000.);
#4062=VECTOR('',#6327,1000.);
#4063=VECTOR('',#6328,1000.);
#4064=VECTOR('',#6331,1000.);
#4065=VECTOR('',#6332,1000.);
#4066=VECTOR('',#6333,1000.);
#4067=VECTOR('',#6334,1000.);
#4068=VECTOR('',#6397,1000.);
#4069=VECTOR('',#6398,1000.);
#4070=VECTOR('',#6399,1000.);
#4071=VECTOR('',#6400,1000.);
#4072=VECTOR('',#6403,1000.);
#4073=VECTOR('',#6404,1000.);
#4074=VECTOR('',#6405,1000.);
#4075=VECTOR('',#6406,1000.);
#4076=VECTOR('',#6409,1000.);
#4077=VECTOR('',#6410,1000.);
#4078=VECTOR('',#6411,1000.);
#4079=VECTOR('',#6412,1000.);
#4080=VECTOR('',#6415,1000.);
#4081=VECTOR('',#6416,1000.);
#4082=VECTOR('',#6417,1000.);
#4083=VECTOR('',#6418,1000.);
#4084=VECTOR('',#6421,1000.);
#4085=VECTOR('',#6422,1000.);
#4086=VECTOR('',#6423,1000.);
#4087=VECTOR('',#6424,1000.);
#4088=VECTOR('',#6427,1000.);
#4089=VECTOR('',#6428,1000.);
#4090=VECTOR('',#6429,1000.);
#4091=VECTOR('',#6430,1000.);
#4092=VECTOR('',#6433,1000.);
#4093=VECTOR('',#6434,1000.);
#4094=VECTOR('',#6435,1000.);
#4095=VECTOR('',#6436,1000.);
#4096=VECTOR('',#6439,1000.);
#4097=VECTOR('',#6440,1000.);
#4098=VECTOR('',#6441,1000.);
#4099=VECTOR('',#6442,1000.);
#4100=VECTOR('',#6445,1000.);
#4101=VECTOR('',#6446,1000.);
#4102=VECTOR('',#6447,1000.);
#4103=VECTOR('',#6448,1000.);
#4104=VECTOR('',#6451,1000.);
#4105=VECTOR('',#6452,1000.);
#4106=VECTOR('',#6453,1000.);
#4107=VECTOR('',#6454,1000.);
#4108=VECTOR('',#6517,1000.);
#4109=VECTOR('',#6518,1000.);
#4110=VECTOR('',#6519,1000.);
#4111=VECTOR('',#6522,1000.);
#4112=VECTOR('',#6523,1000.);
#4113=VECTOR('',#6524,1000.);
#4114=VECTOR('',#6527,1000.);
#4115=VECTOR('',#6528,1000.);
#4116=VECTOR('',#6529,1000.);
#4117=VECTOR('',#6532,1000.);
#4118=VECTOR('',#6533,1000.);
#4119=VECTOR('',#6534,1000.);
#4120=VECTOR('',#6537,1000.);
#4121=VECTOR('',#6538,1000.);
#4122=VECTOR('',#6539,1000.);
#4123=VECTOR('',#6542,1000.);
#4124=VECTOR('',#6543,1000.);
#4125=VECTOR('',#6544,1000.);
#4126=VECTOR('',#6547,1000.);
#4127=VECTOR('',#6548,1000.);
#4128=VECTOR('',#6549,1000.);
#4129=VECTOR('',#6552,1000.);
#4130=VECTOR('',#6553,1000.);
#4131=VECTOR('',#6554,1000.);
#4132=VECTOR('',#6557,1000.);
#4133=VECTOR('',#6558,1000.);
#4134=VECTOR('',#6559,1000.);
#4135=VECTOR('',#6562,1000.);
#4136=VECTOR('',#6563,1000.);
#4137=VECTOR('',#6564,1000.);
#4138=VECTOR('',#6571,1000.);
#4139=VECTOR('',#6576,1000.);
#4140=VECTOR('',#6583,1000.);
#4141=VECTOR('',#6590,1000.);
#4142=VECTOR('',#6597,1000.);
#4143=VECTOR('',#6602,1000.);
#4144=VECTOR('',#6603,1000.);
#4145=VECTOR('',#6604,1000.);
#4146=VECTOR('',#6607,1000.);
#4147=VECTOR('',#6608,1000.);
#4148=VECTOR('',#6609,1000.);
#4149=VECTOR('',#6612,1000.);
#4150=VECTOR('',#6613,1000.);
#4151=VECTOR('',#6614,1000.);
#4152=VECTOR('',#6617,1000.);
#4153=VECTOR('',#6618,1000.);
#4154=VECTOR('',#6619,1000.);
#4155=VECTOR('',#6622,1000.);
#4156=VECTOR('',#6623,1000.);
#4157=VECTOR('',#6624,1000.);
#4158=VECTOR('',#6627,1000.);
#4159=VECTOR('',#6628,1000.);
#4160=VECTOR('',#6629,1000.);
#4161=VECTOR('',#6632,1000.);
#4162=VECTOR('',#6633,1000.);
#4163=VECTOR('',#6634,1000.);
#4164=VECTOR('',#6637,1000.);
#4165=VECTOR('',#6638,1000.);
#4166=VECTOR('',#6639,1000.);
#4167=VECTOR('',#6642,1000.);
#4168=VECTOR('',#6643,1000.);
#4169=VECTOR('',#6644,1000.);
#4170=VECTOR('',#6647,1000.);
#4171=VECTOR('',#6648,1000.);
#4172=VECTOR('',#6649,1000.);
#4173=VECTOR('',#6652,1000.);
#4174=VECTOR('',#6653,1000.);
#4175=VECTOR('',#6654,1000.);
#4176=VECTOR('',#6657,1000.);
#4177=VECTOR('',#6658,1000.);
#4178=VECTOR('',#6659,1000.);
#4179=VECTOR('',#6662,1000.);
#4180=VECTOR('',#6663,1000.);
#4181=VECTOR('',#6664,1000.);
#4182=VECTOR('',#6667,1000.);
#4183=VECTOR('',#6668,1000.);
#4184=VECTOR('',#6669,1000.);
#4185=VECTOR('',#6672,1000.);
#4186=VECTOR('',#6673,1000.);
#4187=VECTOR('',#6674,1000.);
#4188=VECTOR('',#6681,1000.);
#4189=VECTOR('',#6686,1000.);
#4190=VECTOR('',#6693,1000.);
#4191=VECTOR('',#6700,1000.);
#4192=VECTOR('',#6707,1000.);
#4193=VECTOR('',#6712,1000.);
#4194=VECTOR('',#6713,1000.);
#4195=VECTOR('',#6714,1000.);
#4196=VECTOR('',#6717,1000.);
#4197=VECTOR('',#6718,1000.);
#4198=VECTOR('',#6719,1000.);
#4199=VECTOR('',#6722,1000.);
#4200=VECTOR('',#6723,1000.);
#4201=VECTOR('',#6724,1000.);
#4202=VECTOR('',#6727,1000.);
#4203=VECTOR('',#6728,1000.);
#4204=VECTOR('',#6729,1000.);
#4205=VECTOR('',#6732,1000.);
#4206=VECTOR('',#6733,1000.);
#4207=VECTOR('',#6734,1000.);
#4208=VECTOR('',#6737,1000.);
#4209=VECTOR('',#6738,1000.);
#4210=VECTOR('',#6739,1000.);
#4211=VECTOR('',#6742,1000.);
#4212=VECTOR('',#6743,1000.);
#4213=VECTOR('',#6744,1000.);
#4214=VECTOR('',#6747,1000.);
#4215=VECTOR('',#6748,1000.);
#4216=VECTOR('',#6749,1000.);
#4217=VECTOR('',#6752,1000.);
#4218=VECTOR('',#6753,1000.);
#4219=VECTOR('',#6754,1000.);
#4220=VECTOR('',#6757,1000.);
#4221=VECTOR('',#6758,1000.);
#4222=VECTOR('',#6759,1000.);
#4223=VECTOR('',#6762,1000.);
#4224=VECTOR('',#6763,1000.);
#4225=VECTOR('',#6764,1000.);
#4226=VECTOR('',#6767,1000.);
#4227=VECTOR('',#6768,1000.);
#4228=VECTOR('',#6769,1000.);
#4229=VECTOR('',#6772,1000.);
#4230=VECTOR('',#6773,1000.);
#4231=VECTOR('',#6774,1000.);
#4232=VECTOR('',#6777,1000.);
#4233=VECTOR('',#6778,1000.);
#4234=VECTOR('',#6779,1000.);
#4235=VECTOR('',#6782,1000.);
#4236=VECTOR('',#6783,1000.);
#4237=VECTOR('',#6784,1000.);
#4238=VECTOR('',#6791,1000.);
#4239=VECTOR('',#6796,1000.);
#4240=VECTOR('',#6803,1000.);
#4241=VECTOR('',#6810,1000.);
#4242=VECTOR('',#6817,1000.);
#4243=VECTOR('',#6822,1000.);
#4244=VECTOR('',#6823,1000.);
#4245=VECTOR('',#6824,1000.);
#4246=VECTOR('',#6827,1000.);
#4247=VECTOR('',#6828,1000.);
#4248=VECTOR('',#6829,1000.);
#4249=VECTOR('',#6832,1000.);
#4250=VECTOR('',#6833,1000.);
#4251=VECTOR('',#6834,1000.);
#4252=VECTOR('',#6837,1000.);
#4253=VECTOR('',#6838,1000.);
#4254=VECTOR('',#6839,1000.);
#4255=VECTOR('',#6842,1000.);
#4256=VECTOR('',#6843,1000.);
#4257=VECTOR('',#6844,1000.);
#4258=VECTOR('',#6847,1000.);
#4259=VECTOR('',#6848,1000.);
#4260=VECTOR('',#6849,1000.);
#4261=VECTOR('',#6852,1000.);
#4262=VECTOR('',#6853,1000.);
#4263=VECTOR('',#6854,1000.);
#4264=VECTOR('',#6857,1000.);
#4265=VECTOR('',#6858,1000.);
#4266=VECTOR('',#6859,1000.);
#4267=VECTOR('',#6862,1000.);
#4268=VECTOR('',#6863,1000.);
#4269=VECTOR('',#6864,1000.);
#4270=VECTOR('',#6867,1000.);
#4271=VECTOR('',#6868,1000.);
#4272=VECTOR('',#6869,1000.);
#4273=VECTOR('',#6902,1000.);
#4274=VECTOR('',#6903,1000.);
#4275=VECTOR('',#6904,1000.);
#4276=VECTOR('',#6905,1000.);
#4277=VECTOR('',#6908,1000.);
#4278=VECTOR('',#6909,1000.);
#4279=VECTOR('',#6910,1000.);
#4280=VECTOR('',#6911,1000.);
#4281=VECTOR('',#6914,1000.);
#4282=VECTOR('',#6915,1000.);
#4283=VECTOR('',#6916,1000.);
#4284=VECTOR('',#6917,1000.);
#4285=VECTOR('',#6920,1000.);
#4286=VECTOR('',#6921,1000.);
#4287=VECTOR('',#6922,1000.);
#4288=VECTOR('',#6923,1000.);
#4289=VECTOR('',#6926,1000.);
#4290=VECTOR('',#6927,1000.);
#4291=VECTOR('',#6928,1000.);
#4292=VECTOR('',#6929,1000.);
#4293=VECTOR('',#6932,1000.);
#4294=VECTOR('',#6933,1000.);
#4295=VECTOR('',#6934,1000.);
#4296=VECTOR('',#6935,1000.);
#4297=VECTOR('',#6938,1000.);
#4298=VECTOR('',#6939,1000.);
#4299=VECTOR('',#6940,1000.);
#4300=VECTOR('',#6941,1000.);
#4301=VECTOR('',#6944,1000.);
#4302=VECTOR('',#6945,1000.);
#4303=VECTOR('',#6946,1000.);
#4304=VECTOR('',#6947,1000.);
#4305=VECTOR('',#6950,1000.);
#4306=VECTOR('',#6951,1000.);
#4307=VECTOR('',#6952,1000.);
#4308=VECTOR('',#6953,1000.);
#4309=VECTOR('',#6956,1000.);
#4310=VECTOR('',#6957,1000.);
#4311=VECTOR('',#6958,1000.);
#4312=VECTOR('',#6959,1000.);
#4313=VECTOR('',#7022,1000.);
#4314=VECTOR('',#7023,1000.);
#4315=VECTOR('',#7024,1000.);
#4316=VECTOR('',#7025,1000.);
#4317=VECTOR('',#7028,1000.);
#4318=VECTOR('',#7029,1000.);
#4319=VECTOR('',#7030,1000.);
#4320=VECTOR('',#7031,1000.);
#4321=VECTOR('',#7034,1000.);
#4322=VECTOR('',#7035,1000.);
#4323=VECTOR('',#7036,1000.);
#4324=VECTOR('',#7037,1000.);
#4325=VECTOR('',#7040,1000.);
#4326=VECTOR('',#7041,1000.);
#4327=VECTOR('',#7042,1000.);
#4328=VECTOR('',#7043,1000.);
#4329=VECTOR('',#7046,1000.);
#4330=VECTOR('',#7047,1000.);
#4331=VECTOR('',#7048,1000.);
#4332=VECTOR('',#7049,1000.);
#4333=VECTOR('',#7052,1000.);
#4334=VECTOR('',#7053,1000.);
#4335=VECTOR('',#7054,1000.);
#4336=VECTOR('',#7055,1000.);
#4337=VECTOR('',#7058,1000.);
#4338=VECTOR('',#7059,1000.);
#4339=VECTOR('',#7060,1000.);
#4340=VECTOR('',#7061,1000.);
#4341=VECTOR('',#7064,1000.);
#4342=VECTOR('',#7065,1000.);
#4343=VECTOR('',#7066,1000.);
#4344=VECTOR('',#7067,1000.);
#4345=VECTOR('',#7070,1000.);
#4346=VECTOR('',#7071,1000.);
#4347=VECTOR('',#7072,1000.);
#4348=VECTOR('',#7073,1000.);
#4349=VECTOR('',#7076,1000.);
#4350=VECTOR('',#7077,1000.);
#4351=VECTOR('',#7078,1000.);
#4352=VECTOR('',#7079,1000.);
#4353=VECTOR('',#7176,1000.);
#4354=VECTOR('',#7181,1000.);
#4355=VECTOR('',#7188,1000.);
#4356=VECTOR('',#7195,1000.);
#4357=VECTOR('',#7202,1000.);
#4358=VECTOR('',#7207,1000.);
#4359=VECTOR('',#7208,1000.);
#4360=VECTOR('',#7209,1000.);
#4361=VECTOR('',#7210,1000.);
#4362=VECTOR('',#7211,1000.);
#4363=VECTOR('',#7212,1000.);
#4364=VECTOR('',#7215,1000.);
#4365=VECTOR('',#7216,1000.);
#4366=VECTOR('',#7217,1000.);
#4367=VECTOR('',#7218,1000.);
#4368=VECTOR('',#7219,1000.);
#4369=VECTOR('',#7220,1000.);
#4370=VECTOR('',#7221,1000.);
#4371=VECTOR('',#7222,1000.);
#4372=VECTOR('',#7223,1000.);
#4373=VECTOR('',#7224,1000.);
#4374=VECTOR('',#7225,1000.);
#4375=VECTOR('',#7226,1000.);
#4376=VECTOR('',#7227,1000.);
#4377=VECTOR('',#7228,1000.);
#4378=VECTOR('',#7229,1000.);
#4379=VECTOR('',#7230,1000.);
#4380=VECTOR('',#7231,1000.);
#4381=VECTOR('',#7232,1000.);
#4382=VECTOR('',#7235,1000.);
#4383=VECTOR('',#7236,1000.);
#4384=VECTOR('',#7237,1000.);
#4385=VECTOR('',#7238,1000.);
#4386=VECTOR('',#7241,1000.);
#4387=VECTOR('',#7242,1000.);
#4388=VECTOR('',#7243,1000.);
#4389=VECTOR('',#7244,1000.);
#4390=VECTOR('',#7247,1000.);
#4391=VECTOR('',#7248,1000.);
#4392=VECTOR('',#7249,1000.);
#4393=VECTOR('',#7250,1000.);
#4394=VECTOR('',#7253,1000.);
#4395=VECTOR('',#7254,1000.);
#4396=VECTOR('',#7255,1000.);
#4397=VECTOR('',#7256,1000.);
#4398=VECTOR('',#7259,1000.);
#4399=VECTOR('',#7260,1000.);
#4400=VECTOR('',#7261,1000.);
#4401=VECTOR('',#7262,1000.);
#4402=VECTOR('',#7265,1000.);
#4403=VECTOR('',#7266,1000.);
#4404=VECTOR('',#7267,1000.);
#4405=VECTOR('',#7268,1000.);
#4406=VECTOR('',#7273,1000.);
#4407=VECTOR('',#7278,1000.);
#4408=VECTOR('',#7279,1000.);
#4409=VECTOR('',#7280,1000.);
#4410=VECTOR('',#7285,1000.);
#4411=VECTOR('',#7286,1000.);
#4412=VECTOR('',#7287,1000.);
#4413=VECTOR('',#7290,1000.);
#4414=VECTOR('',#7291,1000.);
#4415=VECTOR('',#7294,1000.);
#4416=VECTOR('',#7295,1000.);
#4417=VECTOR('',#7296,1000.);
#4418=VECTOR('',#7299,1000.);
#4419=VECTOR('',#7300,1000.);
#4420=VECTOR('',#7301,1000.);
#4421=VECTOR('',#7304,1000.);
#4422=VECTOR('',#7305,1000.);
#4423=VECTOR('',#7310,1000.);
#4424=VECTOR('',#7311,1000.);
#4425=VECTOR('',#7312,1000.);
#4426=VECTOR('',#7317,1000.);
#4427=VECTOR('',#7318,1000.);
#4428=VECTOR('',#7319,1000.);
#4429=VECTOR('',#7326,1000.);
#4430=VECTOR('',#7327,1000.);
#4431=VECTOR('',#7328,1000.);
#4432=VECTOR('',#7331,1000.);
#4433=VECTOR('',#7332,1000.);
#4434=VECTOR('',#7333,1000.);
#4435=VECTOR('',#7344,1000.);
#4436=VECTOR('',#7345,1000.);
#4437=VECTOR('',#7346,1000.);
#4438=VECTOR('',#7349,1000.);
#4439=VECTOR('',#7350,1000.);
#4440=VECTOR('',#7351,1000.);
#4441=VECTOR('',#7362,1000.);
#4442=VECTOR('',#7363,1000.);
#4443=VECTOR('',#7366,1000.);
#4444=VECTOR('',#7367,1000.);
#4445=VECTOR('',#7372,1000.);
#4446=VECTOR('',#7375,1000.);
#4447=VECTOR('',#7376,1000.);
#4448=VECTOR('',#7379,1000.);
#4449=VECTOR('',#7380,1000.);
#4450=VECTOR('',#7383,1000.);
#4451=VECTOR('',#7384,1000.);
#4452=VECTOR('',#7389,1000.);
#4453=VECTOR('',#7392,1000.);
#4454=VECTOR('',#7393,1000.);
#4455=VECTOR('',#7396,1000.);
#4456=VECTOR('',#7397,1000.);
#4457=VECTOR('',#7400,1000.);
#4458=VECTOR('',#7401,1000.);
#4459=VECTOR('',#7406,1000.);
#4460=VECTOR('',#7409,1000.);
#4461=VECTOR('',#7410,1000.);
#4462=VECTOR('',#7413,1000.);
#4463=VECTOR('',#7414,1000.);
#4464=VECTOR('',#7421,1000.);
#4465=VECTOR('',#7422,1000.);
#4466=VECTOR('',#7423,1000.);
#4467=VECTOR('',#7426,1000.);
#4468=VECTOR('',#7427,1000.);
#4469=VECTOR('',#7428,1000.);
#4470=VECTOR('',#7439,1000.);
#4471=VECTOR('',#7440,1000.);
#4472=VECTOR('',#7441,1000.);
#4473=VECTOR('',#7444,1000.);
#4474=VECTOR('',#7445,1000.);
#4475=VECTOR('',#7446,1000.);
#4476=VECTOR('',#7447,1000.);
#4477=VECTOR('',#7448,1000.);
#4478=VECTOR('',#7449,1000.);
#4479=VECTOR('',#7450,1000.);
#4480=VECTOR('',#7451,1000.);
#4481=VECTOR('',#7452,1000.);
#4482=VECTOR('',#7453,1000.);
#4483=VECTOR('',#7454,1000.);
#4484=VECTOR('',#7455,1000.);
#4485=VECTOR('',#7456,1000.);
#4486=VECTOR('',#7457,1000.);
#4487=VECTOR('',#7458,1000.);
#4488=VECTOR('',#7459,1000.);
#4489=VECTOR('',#7460,1000.);
#4490=VECTOR('',#7461,1000.);
#4491=VECTOR('',#7462,1000.);
#4492=VECTOR('',#7463,1000.);
#4493=VECTOR('',#7464,1000.);
#4494=VECTOR('',#7465,1000.);
#4495=VECTOR('',#7466,1000.);
#4496=VECTOR('',#7467,1000.);
#4497=VECTOR('',#7468,1000.);
#4498=VECTOR('',#7469,1000.);
#4499=VECTOR('',#7470,1000.);
#4500=VECTOR('',#7471,1000.);
#4501=VECTOR('',#7472,1000.);
#4502=VECTOR('',#7473,1000.);
#4503=VECTOR('',#7474,1000.);
#4504=VECTOR('',#7475,1000.);
#4505=VECTOR('',#7476,1000.);
#4506=VECTOR('',#7477,1000.);
#4507=VECTOR('',#7478,1000.);
#4508=VECTOR('',#7479,1000.);
#4509=VECTOR('',#7480,1000.);
#4510=VECTOR('',#7481,1000.);
#4511=VECTOR('',#7482,1000.);
#4512=VECTOR('',#7483,1000.);
#4513=VECTOR('',#7484,1000.);
#4514=VECTOR('',#7485,1000.);
#4515=VECTOR('',#7486,1000.);
#4516=VECTOR('',#7487,1000.);
#4517=VECTOR('',#7488,1000.);
#4518=VECTOR('',#7489,1000.);
#4519=VECTOR('',#7490,1000.);
#4520=VECTOR('',#7491,1000.);
#4521=VECTOR('',#7492,1000.);
#4522=VECTOR('',#7493,1000.);
#4523=VECTOR('',#7494,1000.);
#4524=VECTOR('',#7497,1000.);
#4525=VECTOR('',#7498,1000.);
#4526=EDGE_LOOP('',(#272,#273,#274,#275));
#4527=EDGE_LOOP('',(#276,#277,#278,#279));
#4528=EDGE_LOOP('',(#280,#281,#282,#283));
#4529=EDGE_LOOP('',(#284,#285,#286,#287));
#4530=EDGE_LOOP('',(#288,#289,#290,#291));
#4531=EDGE_LOOP('',(#292,#293,#294,#295));
#4532=EDGE_LOOP('',(#296,#297,#298,#299));
#4533=EDGE_LOOP('',(#300,#301,#302,#303));
#4534=EDGE_LOOP('',(#304,#305,#306,#307));
#4535=EDGE_LOOP('',(#308,#309,#310,#311));
#4536=EDGE_LOOP('',(#312,#313,#314,#315));
#4537=EDGE_LOOP('',(#316,#317,#318,#319));
#4538=EDGE_LOOP('',(#320,#321,#322,#323));
#4539=EDGE_LOOP('',(#324,#325,#326,#327));
#4540=EDGE_LOOP('',(#328,#329,#330,#331));
#4541=EDGE_LOOP('',(#332,#333,#334,#335));
#4542=EDGE_LOOP('',(#336,#337,#338,#339));
#4543=EDGE_LOOP('',(#340,#341,#342,#343));
#4544=EDGE_LOOP('',(#344,#345,#346,#347));
#4545=EDGE_LOOP('',(#348,#349,#350,#351));
#4546=EDGE_LOOP('',(#352,#353,#354,#355));
#4547=EDGE_LOOP('',(#356,#357,#358,#359));
#4548=EDGE_LOOP('',(#360,#361,#362,#363));
#4549=EDGE_LOOP('',(#364,#365,#366,#367));
#4550=EDGE_LOOP('',(#368,#369,#370,#371));
#4551=EDGE_LOOP('',(#372,#373,#374,#375));
#4552=EDGE_LOOP('',(#376,#377,#378,#379));
#4553=EDGE_LOOP('',(#380,#381,#382,#383));
#4554=EDGE_LOOP('',(#384,#385,#386,#387));
#4555=EDGE_LOOP('',(#388,#389,#390,#391));
#4556=EDGE_LOOP('',(#392,#393,#394,#395,#396,#397,#398,#399,#400,#401,#402,
#403,#404,#405,#406,#407,#408,#409,#410,#411,#412,#413,#414,#415));
#4557=EDGE_LOOP('',(#416,#417,#418,#419));
#4558=EDGE_LOOP('',(#420,#421,#422,#423));
#4559=EDGE_LOOP('',(#424,#425,#426,#427));
#4560=EDGE_LOOP('',(#428,#429,#430,#431));
#4561=EDGE_LOOP('',(#432,#433,#434,#435));
#4562=EDGE_LOOP('',(#436,#437,#438,#439));
#4563=EDGE_LOOP('',(#440,#441,#442,#443));
#4564=EDGE_LOOP('',(#444,#445,#446,#447));
#4565=EDGE_LOOP('',(#448,#449,#450,#451));
#4566=EDGE_LOOP('',(#452,#453,#454,#455));
#4567=EDGE_LOOP('',(#456,#457,#458,#459));
#4568=EDGE_LOOP('',(#460,#461,#462,#463));
#4569=EDGE_LOOP('',(#464,#465,#466,#467));
#4570=EDGE_LOOP('',(#468,#469,#470,#471));
#4571=EDGE_LOOP('',(#472,#473,#474,#475));
#4572=EDGE_LOOP('',(#476,#477,#478,#479));
#4573=EDGE_LOOP('',(#480,#481,#482,#483));
#4574=EDGE_LOOP('',(#484,#485,#486,#487));
#4575=EDGE_LOOP('',(#488,#489,#490,#491));
#4576=EDGE_LOOP('',(#492,#493,#494,#495));
#4577=EDGE_LOOP('',(#496,#497,#498,#499));
#4578=EDGE_LOOP('',(#500,#501,#502,#503));
#4579=EDGE_LOOP('',(#504,#505,#506,#507));
#4580=EDGE_LOOP('',(#508,#509,#510,#511));
#4581=EDGE_LOOP('',(#512,#513,#514,#515));
#4582=EDGE_LOOP('',(#516,#517,#518,#519));
#4583=EDGE_LOOP('',(#520,#521,#522,#523));
#4584=EDGE_LOOP('',(#524,#525,#526,#527));
#4585=EDGE_LOOP('',(#528,#529,#530,#531));
#4586=EDGE_LOOP('',(#532,#533,#534,#535));
#4587=EDGE_LOOP('',(#536,#537,#538,#539));
#4588=EDGE_LOOP('',(#540,#541,#542,#543));
#4589=EDGE_LOOP('',(#544,#545,#546,#547));
#4590=EDGE_LOOP('',(#548,#549,#550,#551));
#4591=EDGE_LOOP('',(#552,#553,#554,#555));
#4592=EDGE_LOOP('',(#556,#557,#558,#559));
#4593=EDGE_LOOP('',(#560,#561,#562,#563));
#4594=EDGE_LOOP('',(#564,#565,#566,#567));
#4595=EDGE_LOOP('',(#568,#569,#570,#571));
#4596=EDGE_LOOP('',(#572,#573,#574,#575));
#4597=EDGE_LOOP('',(#576,#577,#578,#579));
#4598=EDGE_LOOP('',(#580,#581,#582,#583));
#4599=EDGE_LOOP('',(#584,#585,#586,#587));
#4600=EDGE_LOOP('',(#588,#589,#590,#591));
#4601=EDGE_LOOP('',(#592,#593,#594,#595));
#4602=EDGE_LOOP('',(#596,#597,#598,#599));
#4603=EDGE_LOOP('',(#600,#601,#602,#603));
#4604=EDGE_LOOP('',(#604,#605,#606,#607));
#4605=EDGE_LOOP('',(#608,#609,#610,#611));
#4606=EDGE_LOOP('',(#612,#613,#614,#615));
#4607=EDGE_LOOP('',(#616,#617,#618,#619));
#4608=EDGE_LOOP('',(#620,#621,#622,#623));
#4609=EDGE_LOOP('',(#624,#625,#626,#627));
#4610=EDGE_LOOP('',(#628,#629,#630,#631));
#4611=EDGE_LOOP('',(#632,#633,#634,#635));
#4612=EDGE_LOOP('',(#636,#637,#638,#639));
#4613=EDGE_LOOP('',(#640,#641,#642,#643));
#4614=EDGE_LOOP('',(#644,#645,#646,#647));
#4615=EDGE_LOOP('',(#648,#649,#650,#651));
#4616=EDGE_LOOP('',(#652,#653,#654,#655));
#4617=EDGE_LOOP('',(#656,#657,#658,#659));
#4618=EDGE_LOOP('',(#660,#661,#662,#663));
#4619=EDGE_LOOP('',(#664,#665,#666,#667));
#4620=EDGE_LOOP('',(#668,#669,#670,#671));
#4621=EDGE_LOOP('',(#672,#673,#674,#675));
#4622=EDGE_LOOP('',(#676,#677,#678,#679));
#4623=EDGE_LOOP('',(#680,#681,#682,#683));
#4624=EDGE_LOOP('',(#684,#685,#686,#687));
#4625=EDGE_LOOP('',(#688,#689,#690,#691));
#4626=EDGE_LOOP('',(#692,#693,#694,#695));
#4627=EDGE_LOOP('',(#696,#697,#698,#699));
#4628=EDGE_LOOP('',(#700,#701,#702,#703));
#4629=EDGE_LOOP('',(#704,#705,#706,#707));
#4630=EDGE_LOOP('',(#708,#709,#710,#711));
#4631=EDGE_LOOP('',(#712,#713,#714,#715));
#4632=EDGE_LOOP('',(#716,#717,#718,#719));
#4633=EDGE_LOOP('',(#720,#721,#722,#723));
#4634=EDGE_LOOP('',(#724,#725,#726,#727));
#4635=EDGE_LOOP('',(#728,#729,#730,#731));
#4636=EDGE_LOOP('',(#732,#733,#734,#735));
#4637=EDGE_LOOP('',(#736,#737,#738,#739));
#4638=EDGE_LOOP('',(#740,#741,#742,#743));
#4639=EDGE_LOOP('',(#744,#745,#746,#747));
#4640=EDGE_LOOP('',(#748,#749,#750,#751));
#4641=EDGE_LOOP('',(#752,#753,#754,#755));
#4642=EDGE_LOOP('',(#756,#757,#758,#759));
#4643=EDGE_LOOP('',(#760,#761,#762,#763));
#4644=EDGE_LOOP('',(#764,#765,#766,#767));
#4645=EDGE_LOOP('',(#768,#769,#770,#771));
#4646=EDGE_LOOP('',(#772,#773,#774,#775));
#4647=EDGE_LOOP('',(#776,#777,#778,#779));
#4648=EDGE_LOOP('',(#780,#781,#782,#783));
#4649=EDGE_LOOP('',(#784,#785,#786,#787));
#4650=EDGE_LOOP('',(#788,#789,#790,#791));
#4651=EDGE_LOOP('',(#792,#793,#794,#795));
#4652=EDGE_LOOP('',(#796,#797,#798,#799));
#4653=EDGE_LOOP('',(#800,#801,#802,#803));
#4654=EDGE_LOOP('',(#804,#805,#806,#807));
#4655=EDGE_LOOP('',(#808,#809,#810,#811));
#4656=EDGE_LOOP('',(#812,#813,#814,#815));
#4657=EDGE_LOOP('',(#816,#817,#818,#819));
#4658=EDGE_LOOP('',(#820,#821,#822,#823));
#4659=EDGE_LOOP('',(#824,#825,#826,#827));
#4660=EDGE_LOOP('',(#828,#829,#830,#831));
#4661=EDGE_LOOP('',(#832,#833,#834,#835));
#4662=EDGE_LOOP('',(#836,#837,#838,#839));
#4663=EDGE_LOOP('',(#840,#841,#842,#843));
#4664=EDGE_LOOP('',(#844,#845,#846,#847));
#4665=EDGE_LOOP('',(#848,#849,#850,#851));
#4666=EDGE_LOOP('',(#852,#853,#854,#855));
#4667=EDGE_LOOP('',(#856,#857,#858,#859));
#4668=EDGE_LOOP('',(#860,#861,#862,#863));
#4669=EDGE_LOOP('',(#864,#865,#866,#867));
#4670=EDGE_LOOP('',(#868,#869,#870,#871));
#4671=EDGE_LOOP('',(#872,#873,#874,#875));
#4672=EDGE_LOOP('',(#876,#877,#878,#879));
#4673=EDGE_LOOP('',(#880,#881,#882,#883));
#4674=EDGE_LOOP('',(#884,#885,#886,#887));
#4675=EDGE_LOOP('',(#888,#889,#890,#891));
#4676=EDGE_LOOP('',(#892,#893,#894,#895));
#4677=EDGE_LOOP('',(#896,#897,#898,#899));
#4678=EDGE_LOOP('',(#900,#901,#902,#903));
#4679=EDGE_LOOP('',(#904,#905,#906,#907));
#4680=EDGE_LOOP('',(#908,#909,#910,#911));
#4681=EDGE_LOOP('',(#912,#913,#914,#915));
#4682=EDGE_LOOP('',(#916,#917,#918,#919));
#4683=EDGE_LOOP('',(#920,#921,#922,#923));
#4684=EDGE_LOOP('',(#924,#925,#926,#927));
#4685=EDGE_LOOP('',(#928,#929,#930,#931));
#4686=EDGE_LOOP('',(#932,#933,#934,#935));
#4687=EDGE_LOOP('',(#936,#937,#938,#939));
#4688=EDGE_LOOP('',(#940,#941,#942,#943));
#4689=EDGE_LOOP('',(#944,#945,#946,#947));
#4690=EDGE_LOOP('',(#948,#949,#950,#951));
#4691=EDGE_LOOP('',(#952,#953,#954,#955));
#4692=EDGE_LOOP('',(#956,#957,#958,#959));
#4693=EDGE_LOOP('',(#960,#961,#962,#963));
#4694=EDGE_LOOP('',(#964,#965,#966,#967));
#4695=EDGE_LOOP('',(#968,#969,#970,#971));
#4696=EDGE_LOOP('',(#972,#973,#974,#975));
#4697=EDGE_LOOP('',(#976,#977,#978,#979));
#4698=EDGE_LOOP('',(#980,#981,#982,#983));
#4699=EDGE_LOOP('',(#984,#985,#986,#987));
#4700=EDGE_LOOP('',(#988,#989,#990,#991));
#4701=EDGE_LOOP('',(#992,#993,#994,#995));
#4702=EDGE_LOOP('',(#996,#997,#998,#999));
#4703=EDGE_LOOP('',(#1000,#1001,#1002,#1003));
#4704=EDGE_LOOP('',(#1004,#1005,#1006,#1007));
#4705=EDGE_LOOP('',(#1008,#1009,#1010,#1011));
#4706=EDGE_LOOP('',(#1012,#1013,#1014,#1015));
#4707=EDGE_LOOP('',(#1016,#1017,#1018,#1019));
#4708=EDGE_LOOP('',(#1020,#1021,#1022,#1023));
#4709=EDGE_LOOP('',(#1024,#1025,#1026,#1027));
#4710=EDGE_LOOP('',(#1028,#1029,#1030,#1031));
#4711=EDGE_LOOP('',(#1032,#1033,#1034,#1035));
#4712=EDGE_LOOP('',(#1036,#1037,#1038,#1039));
#4713=EDGE_LOOP('',(#1040,#1041,#1042,#1043));
#4714=EDGE_LOOP('',(#1044,#1045,#1046,#1047));
#4715=EDGE_LOOP('',(#1048,#1049,#1050,#1051));
#4716=EDGE_LOOP('',(#1052,#1053,#1054,#1055));
#4717=EDGE_LOOP('',(#1056,#1057,#1058,#1059,#1060,#1061,#1062,#1063,#1064,
#1065,#1066,#1067,#1068,#1069,#1070,#1071,#1072,#1073,#1074,#1075,#1076,
#1077,#1078,#1079,#1080,#1081,#1082,#1083,#1084,#1085,#1086,#1087,#1088,
#1089,#1090,#1091,#1092,#1093,#1094,#1095,#1096,#1097,#1098,#1099,#1100));
#4718=EDGE_LOOP('',(#1101,#1102,#1103,#1104,#1105,#1106,#1107,#1108,#1109,
#1110,#1111,#1112,#1113,#1114,#1115,#1116,#1117,#1118,#1119,#1120,#1121,
#1122,#1123,#1124));
#4719=EDGE_LOOP('',(#1125,#1126,#1127,#1128));
#4720=EDGE_LOOP('',(#1129,#1130,#1131,#1132));
#4721=EDGE_LOOP('',(#1133,#1134,#1135,#1136));
#4722=EDGE_LOOP('',(#1137,#1138,#1139,#1140));
#4723=EDGE_LOOP('',(#1141,#1142,#1143,#1144));
#4724=EDGE_LOOP('',(#1145,#1146,#1147,#1148));
#4725=EDGE_LOOP('',(#1149,#1150,#1151,#1152,#1153,#1154,#1155,#1156,#1157,
#1158,#1159,#1160,#1161,#1162,#1163,#1164,#1165,#1166,#1167,#1168,#1169,
#1170,#1171,#1172,#1173,#1174,#1175,#1176,#1177,#1178,#1179,#1180,#1181,
#1182,#1183,#1184,#1185,#1186,#1187,#1188,#1189,#1190,#1191,#1192,#1193));
#4726=EDGE_LOOP('',(#1194,#1195,#1196,#1197));
#4727=EDGE_LOOP('',(#1198,#1199,#1200,#1201));
#4728=EDGE_LOOP('',(#1202,#1203,#1204,#1205));
#4729=EDGE_LOOP('',(#1206,#1207,#1208,#1209));
#4730=EDGE_LOOP('',(#1210,#1211,#1212,#1213));
#4731=EDGE_LOOP('',(#1214,#1215,#1216,#1217));
#4732=EDGE_LOOP('',(#1218,#1219,#1220,#1221));
#4733=EDGE_LOOP('',(#1222,#1223,#1224,#1225));
#4734=EDGE_LOOP('',(#1226,#1227,#1228,#1229));
#4735=EDGE_LOOP('',(#1230,#1231,#1232,#1233));
#4736=EDGE_LOOP('',(#1234,#1235,#1236,#1237));
#4737=EDGE_LOOP('',(#1238,#1239,#1240,#1241));
#4738=EDGE_LOOP('',(#1242,#1243,#1244,#1245));
#4739=EDGE_LOOP('',(#1246,#1247,#1248,#1249));
#4740=EDGE_LOOP('',(#1250,#1251,#1252,#1253));
#4741=EDGE_LOOP('',(#1254,#1255,#1256,#1257));
#4742=EDGE_LOOP('',(#1258,#1259,#1260,#1261));
#4743=EDGE_LOOP('',(#1262,#1263,#1264,#1265));
#4744=EDGE_LOOP('',(#1266,#1267,#1268,#1269));
#4745=EDGE_LOOP('',(#1270,#1271,#1272,#1273));
#4746=EDGE_LOOP('',(#1274,#1275,#1276,#1277));
#4747=EDGE_LOOP('',(#1278,#1279,#1280,#1281));
#4748=EDGE_LOOP('',(#1282,#1283,#1284,#1285));
#4749=EDGE_LOOP('',(#1286,#1287,#1288,#1289));
#4750=EDGE_LOOP('',(#1290,#1291,#1292,#1293));
#4751=EDGE_LOOP('',(#1294,#1295,#1296,#1297));
#4752=EDGE_LOOP('',(#1298,#1299,#1300,#1301));
#4753=EDGE_LOOP('',(#1302,#1303,#1304,#1305));
#4754=EDGE_LOOP('',(#1306,#1307,#1308,#1309));
#4755=EDGE_LOOP('',(#1310,#1311,#1312,#1313));
#4756=EDGE_LOOP('',(#1314,#1315,#1316,#1317));
#4757=EDGE_LOOP('',(#1318,#1319,#1320,#1321));
#4758=EDGE_LOOP('',(#1322,#1323,#1324,#1325));
#4759=EDGE_LOOP('',(#1326,#1327,#1328,#1329));
#4760=EDGE_LOOP('',(#1330,#1331,#1332,#1333));
#4761=EDGE_LOOP('',(#1334,#1335,#1336,#1337));
#4762=EDGE_LOOP('',(#1338,#1339,#1340,#1341));
#4763=EDGE_LOOP('',(#1342,#1343,#1344,#1345));
#4764=EDGE_LOOP('',(#1346,#1347,#1348,#1349));
#4765=EDGE_LOOP('',(#1350,#1351,#1352,#1353));
#4766=EDGE_LOOP('',(#1354,#1355,#1356,#1357,#1358,#1359,#1360,#1361,#1362,
#1363,#1364,#1365,#1366,#1367,#1368,#1369,#1370,#1371,#1372,#1373,#1374,
#1375,#1376,#1377,#1378,#1379,#1380,#1381,#1382,#1383,#1384,#1385,#1386,
#1387,#1388,#1389,#1390,#1391,#1392,#1393,#1394,#1395,#1396,#1397,#1398,
#1399,#1400,#1401,#1402,#1403,#1404,#1405,#1406,#1407,#1408,#1409,#1410,
#1411,#1412,#1413,#1414,#1415,#1416,#1417,#1418,#1419,#1420,#1421));
#4767=EDGE_LOOP('',(#1422,#1423,#1424,#1425));
#4768=EDGE_LOOP('',(#1426,#1427,#1428,#1429));
#4769=EDGE_LOOP('',(#1430,#1431,#1432,#1433));
#4770=EDGE_LOOP('',(#1434,#1435,#1436,#1437));
#4771=EDGE_LOOP('',(#1438,#1439,#1440,#1441));
#4772=EDGE_LOOP('',(#1442,#1443,#1444,#1445,#1446,#1447));
#4773=EDGE_LOOP('',(#1448,#1449,#1450,#1451,#1452,#1453));
#4774=EDGE_LOOP('',(#1454,#1455,#1456,#1457,#1458,#1459));
#4775=EDGE_LOOP('',(#1460,#1461,#1462,#1463,#1464,#1465));
#4776=EDGE_LOOP('',(#1466,#1467,#1468,#1469,#1470,#1471));
#4777=EDGE_LOOP('',(#1472,#1473,#1474,#1475,#1476,#1477));
#4778=EDGE_LOOP('',(#1478,#1479,#1480,#1481,#1482,#1483));
#4779=EDGE_LOOP('',(#1484,#1485,#1486,#1487,#1488,#1489));
#4780=EDGE_LOOP('',(#1490,#1491,#1492,#1493,#1494,#1495));
#4781=EDGE_LOOP('',(#1496,#1497,#1498,#1499,#1500,#1501));
#4782=EDGE_LOOP('',(#1502,#1503,#1504,#1505,#1506,#1507));
#4783=EDGE_LOOP('',(#1508,#1509,#1510,#1511,#1512,#1513));
#4784=EDGE_LOOP('',(#1514,#1515,#1516,#1517,#1518,#1519));
#4785=EDGE_LOOP('',(#1520,#1521,#1522,#1523,#1524,#1525));
#4786=EDGE_LOOP('',(#1526,#1527,#1528,#1529,#1530,#1531));
#4787=EDGE_LOOP('',(#1532,#1533,#1534,#1535,#1536,#1537));
#4788=EDGE_LOOP('',(#1538,#1539,#1540,#1541,#1542,#1543));
#4789=EDGE_LOOP('',(#1544,#1545,#1546,#1547,#1548,#1549));
#4790=EDGE_LOOP('',(#1550,#1551,#1552,#1553,#1554,#1555));
#4791=EDGE_LOOP('',(#1556,#1557,#1558,#1559,#1560,#1561));
#4792=EDGE_LOOP('',(#1562,#1563,#1564,#1565,#1566,#1567));
#4793=EDGE_LOOP('',(#1568,#1569,#1570,#1571,#1572,#1573));
#4794=EDGE_LOOP('',(#1574,#1575,#1576,#1577,#1578,#1579));
#4795=EDGE_LOOP('',(#1580,#1581,#1582,#1583,#1584,#1585));
#4796=EDGE_LOOP('',(#1586,#1587,#1588,#1589,#1590,#1591));
#4797=EDGE_LOOP('',(#1592,#1593,#1594,#1595,#1596,#1597));
#4798=EDGE_LOOP('',(#1598,#1599,#1600,#1601,#1602,#1603));
#4799=EDGE_LOOP('',(#1604,#1605,#1606,#1607,#1608,#1609));
#4800=EDGE_LOOP('',(#1610,#1611,#1612,#1613,#1614,#1615));
#4801=EDGE_LOOP('',(#1616,#1617,#1618,#1619,#1620,#1621));
#4802=EDGE_LOOP('',(#1622,#1623,#1624,#1625,#1626,#1627,#1628,#1629,#1630,
#1631,#1632,#1633,#1634,#1635,#1636,#1637,#1638,#1639,#1640,#1641,#1642));
#4803=EDGE_LOOP('',(#1643,#1644,#1645,#1646,#1647,#1648,#1649,#1650,#1651,
#1652,#1653,#1654,#1655,#1656,#1657,#1658,#1659,#1660,#1661,#1662,#1663));
#4804=EDGE_LOOP('',(#1664,#1665,#1666,#1667,#1668,#1669,#1670,#1671,#1672,
#1673,#1674,#1675,#1676,#1677,#1678,#1679,#1680,#1681,#1682,#1683,#1684));
#4805=EDGE_LOOP('',(#1685,#1686,#1687,#1688,#1689,#1690,#1691,#1692,#1693,
#1694,#1695,#1696,#1697,#1698,#1699,#1700,#1701,#1702,#1703,#1704,#1705));
#4806=EDGE_LOOP('',(#1706,#1707,#1708,#1709,#1710,#1711,#1712,#1713,#1714,
#1715,#1716,#1717,#1718,#1719,#1720,#1721,#1722,#1723,#1724,#1725,#1726));
#4807=EDGE_LOOP('',(#1727,#1728,#1729,#1730,#1731,#1732,#1733,#1734,#1735,
#1736,#1737,#1738,#1739,#1740,#1741,#1742,#1743,#1744,#1745,#1746,#1747));
#4808=EDGE_LOOP('',(#1748,#1749,#1750,#1751,#1752,#1753,#1754,#1755,#1756,
#1757,#1758,#1759,#1760,#1761,#1762,#1763,#1764,#1765,#1766,#1767,#1768));
#4809=EDGE_LOOP('',(#1769,#1770,#1771,#1772,#1773,#1774,#1775,#1776,#1777,
#1778,#1779,#1780,#1781,#1782,#1783,#1784,#1785,#1786,#1787,#1788,#1789));
#4810=EDGE_LOOP('',(#1790,#1791,#1792,#1793,#1794,#1795,#1796,#1797,#1798,
#1799,#1800,#1801,#1802,#1803,#1804,#1805,#1806,#1807,#1808,#1809,#1810));
#4811=EDGE_LOOP('',(#1811,#1812,#1813,#1814,#1815,#1816,#1817,#1818,#1819,
#1820,#1821,#1822,#1823,#1824,#1825,#1826,#1827,#1828,#1829,#1830,#1831));
#4812=EDGE_LOOP('',(#1832,#1833,#1834,#1835,#1836,#1837));
#4813=EDGE_LOOP('',(#1838,#1839,#1840,#1841,#1842,#1843));
#4814=EDGE_LOOP('',(#1844,#1845,#1846,#1847,#1848,#1849));
#4815=EDGE_LOOP('',(#1850,#1851,#1852,#1853,#1854,#1855));
#4816=EDGE_LOOP('',(#1856,#1857,#1858,#1859,#1860,#1861));
#4817=EDGE_LOOP('',(#1862,#1863,#1864,#1865,#1866,#1867));
#4818=EDGE_LOOP('',(#1868,#1869,#1870,#1871,#1872,#1873));
#4819=EDGE_LOOP('',(#1874,#1875,#1876,#1877,#1878,#1879));
#4820=EDGE_LOOP('',(#1880,#1881,#1882,#1883,#1884,#1885));
#4821=EDGE_LOOP('',(#1886,#1887,#1888,#1889,#1890,#1891));
#4822=FACE_BOUND('',#4526,.T.);
#4823=FACE_BOUND('',#4527,.T.);
#4824=FACE_BOUND('',#4528,.T.);
#4825=FACE_BOUND('',#4529,.T.);
#4826=FACE_BOUND('',#4530,.T.);
#4827=FACE_BOUND('',#4531,.T.);
#4828=FACE_BOUND('',#4532,.T.);
#4829=FACE_BOUND('',#4533,.T.);
#4830=FACE_BOUND('',#4534,.T.);
#4831=FACE_BOUND('',#4535,.T.);
#4832=FACE_BOUND('',#4536,.T.);
#4833=FACE_BOUND('',#4537,.T.);
#4834=FACE_BOUND('',#4538,.T.);
#4835=FACE_BOUND('',#4539,.T.);
#4836=FACE_BOUND('',#4540,.T.);
#4837=FACE_BOUND('',#4541,.T.);
#4838=FACE_BOUND('',#4542,.T.);
#4839=FACE_BOUND('',#4543,.T.);
#4840=FACE_BOUND('',#4544,.T.);
#4841=FACE_BOUND('',#4545,.T.);
#4842=FACE_BOUND('',#4546,.T.);
#4843=FACE_BOUND('',#4547,.T.);
#4844=FACE_BOUND('',#4548,.T.);
#4845=FACE_BOUND('',#4549,.T.);
#4846=FACE_BOUND('',#4550,.T.);
#4847=FACE_BOUND('',#4551,.T.);
#4848=FACE_BOUND('',#4552,.T.);
#4849=FACE_BOUND('',#4553,.T.);
#4850=FACE_BOUND('',#4554,.T.);
#4851=FACE_BOUND('',#4555,.T.);
#4852=FACE_BOUND('',#4556,.T.);
#4853=FACE_BOUND('',#4557,.T.);
#4854=FACE_BOUND('',#4558,.T.);
#4855=FACE_BOUND('',#4559,.T.);
#4856=FACE_BOUND('',#4560,.T.);
#4857=FACE_BOUND('',#4561,.T.);
#4858=FACE_BOUND('',#4562,.T.);
#4859=FACE_BOUND('',#4563,.T.);
#4860=FACE_BOUND('',#4564,.T.);
#4861=FACE_BOUND('',#4565,.T.);
#4862=FACE_BOUND('',#4566,.T.);
#4863=FACE_BOUND('',#4567,.T.);
#4864=FACE_BOUND('',#4568,.T.);
#4865=FACE_BOUND('',#4569,.T.);
#4866=FACE_BOUND('',#4570,.T.);
#4867=FACE_BOUND('',#4571,.T.);
#4868=FACE_BOUND('',#4572,.T.);
#4869=FACE_BOUND('',#4573,.T.);
#4870=FACE_BOUND('',#4574,.T.);
#4871=FACE_BOUND('',#4575,.T.);
#4872=FACE_BOUND('',#4576,.T.);
#4873=FACE_BOUND('',#4577,.T.);
#4874=FACE_BOUND('',#4578,.T.);
#4875=FACE_BOUND('',#4579,.T.);
#4876=FACE_BOUND('',#4580,.T.);
#4877=FACE_BOUND('',#4581,.T.);
#4878=FACE_BOUND('',#4582,.T.);
#4879=FACE_BOUND('',#4583,.T.);
#4880=FACE_BOUND('',#4584,.T.);
#4881=FACE_BOUND('',#4585,.T.);
#4882=FACE_BOUND('',#4586,.T.);
#4883=FACE_BOUND('',#4587,.T.);
#4884=FACE_BOUND('',#4588,.T.);
#4885=FACE_BOUND('',#4589,.T.);
#4886=FACE_BOUND('',#4590,.T.);
#4887=FACE_BOUND('',#4591,.T.);
#4888=FACE_BOUND('',#4592,.T.);
#4889=FACE_BOUND('',#4593,.T.);
#4890=FACE_BOUND('',#4594,.T.);
#4891=FACE_BOUND('',#4595,.T.);
#4892=FACE_BOUND('',#4596,.T.);
#4893=FACE_BOUND('',#4597,.T.);
#4894=FACE_BOUND('',#4598,.T.);
#4895=FACE_BOUND('',#4599,.T.);
#4896=FACE_BOUND('',#4600,.T.);
#4897=FACE_BOUND('',#4601,.T.);
#4898=FACE_BOUND('',#4602,.T.);
#4899=FACE_BOUND('',#4603,.T.);
#4900=FACE_BOUND('',#4604,.T.);
#4901=FACE_BOUND('',#4605,.T.);
#4902=FACE_BOUND('',#4606,.T.);
#4903=FACE_BOUND('',#4607,.T.);
#4904=FACE_BOUND('',#4608,.T.);
#4905=FACE_BOUND('',#4609,.T.);
#4906=FACE_BOUND('',#4610,.T.);
#4907=FACE_BOUND('',#4611,.T.);
#4908=FACE_BOUND('',#4612,.T.);
#4909=FACE_BOUND('',#4613,.T.);
#4910=FACE_BOUND('',#4614,.T.);
#4911=FACE_BOUND('',#4615,.T.);
#4912=FACE_BOUND('',#4616,.T.);
#4913=FACE_BOUND('',#4617,.T.);
#4914=FACE_BOUND('',#4618,.T.);
#4915=FACE_BOUND('',#4619,.T.);
#4916=FACE_BOUND('',#4620,.T.);
#4917=FACE_BOUND('',#4621,.T.);
#4918=FACE_BOUND('',#4622,.T.);
#4919=FACE_BOUND('',#4623,.T.);
#4920=FACE_BOUND('',#4624,.T.);
#4921=FACE_BOUND('',#4625,.T.);
#4922=FACE_BOUND('',#4626,.T.);
#4923=FACE_BOUND('',#4627,.T.);
#4924=FACE_BOUND('',#4628,.T.);
#4925=FACE_BOUND('',#4629,.T.);
#4926=FACE_BOUND('',#4630,.T.);
#4927=FACE_BOUND('',#4631,.T.);
#4928=FACE_BOUND('',#4632,.T.);
#4929=FACE_BOUND('',#4633,.T.);
#4930=FACE_BOUND('',#4634,.T.);
#4931=FACE_BOUND('',#4635,.T.);
#4932=FACE_BOUND('',#4636,.T.);
#4933=FACE_BOUND('',#4637,.T.);
#4934=FACE_BOUND('',#4638,.T.);
#4935=FACE_BOUND('',#4639,.T.);
#4936=FACE_BOUND('',#4640,.T.);
#4937=FACE_BOUND('',#4641,.T.);
#4938=FACE_BOUND('',#4642,.T.);
#4939=FACE_BOUND('',#4643,.T.);
#4940=FACE_BOUND('',#4644,.T.);
#4941=FACE_BOUND('',#4645,.T.);
#4942=FACE_BOUND('',#4646,.T.);
#4943=FACE_BOUND('',#4647,.T.);
#4944=FACE_BOUND('',#4648,.T.);
#4945=FACE_BOUND('',#4649,.T.);
#4946=FACE_BOUND('',#4650,.T.);
#4947=FACE_BOUND('',#4651,.T.);
#4948=FACE_BOUND('',#4652,.T.);
#4949=FACE_BOUND('',#4653,.T.);
#4950=FACE_BOUND('',#4654,.T.);
#4951=FACE_BOUND('',#4655,.T.);
#4952=FACE_BOUND('',#4656,.T.);
#4953=FACE_BOUND('',#4657,.T.);
#4954=FACE_BOUND('',#4658,.T.);
#4955=FACE_BOUND('',#4659,.T.);
#4956=FACE_BOUND('',#4660,.T.);
#4957=FACE_BOUND('',#4661,.T.);
#4958=FACE_BOUND('',#4662,.T.);
#4959=FACE_BOUND('',#4663,.T.);
#4960=FACE_BOUND('',#4664,.T.);
#4961=FACE_BOUND('',#4665,.T.);
#4962=FACE_BOUND('',#4666,.T.);
#4963=FACE_BOUND('',#4667,.T.);
#4964=FACE_BOUND('',#4668,.T.);
#4965=FACE_BOUND('',#4669,.T.);
#4966=FACE_BOUND('',#4670,.T.);
#4967=FACE_BOUND('',#4671,.T.);
#4968=FACE_BOUND('',#4672,.T.);
#4969=FACE_BOUND('',#4673,.T.);
#4970=FACE_BOUND('',#4674,.T.);
#4971=FACE_BOUND('',#4675,.T.);
#4972=FACE_BOUND('',#4676,.T.);
#4973=FACE_BOUND('',#4677,.T.);
#4974=FACE_BOUND('',#4678,.T.);
#4975=FACE_BOUND('',#4679,.T.);
#4976=FACE_BOUND('',#4680,.T.);
#4977=FACE_BOUND('',#4681,.T.);
#4978=FACE_BOUND('',#4682,.T.);
#4979=FACE_BOUND('',#4683,.T.);
#4980=FACE_BOUND('',#4684,.T.);
#4981=FACE_BOUND('',#4685,.T.);
#4982=FACE_BOUND('',#4686,.T.);
#4983=FACE_BOUND('',#4687,.T.);
#4984=FACE_BOUND('',#4688,.T.);
#4985=FACE_BOUND('',#4689,.T.);
#4986=FACE_BOUND('',#4690,.T.);
#4987=FACE_BOUND('',#4691,.T.);
#4988=FACE_BOUND('',#4692,.T.);
#4989=FACE_BOUND('',#4693,.T.);
#4990=FACE_BOUND('',#4694,.T.);
#4991=FACE_BOUND('',#4695,.T.);
#4992=FACE_BOUND('',#4696,.T.);
#4993=FACE_BOUND('',#4697,.T.);
#4994=FACE_BOUND('',#4698,.T.);
#4995=FACE_BOUND('',#4699,.T.);
#4996=FACE_BOUND('',#4700,.T.);
#4997=FACE_BOUND('',#4701,.T.);
#4998=FACE_BOUND('',#4702,.T.);
#4999=FACE_BOUND('',#4703,.T.);
#5000=FACE_BOUND('',#4704,.T.);
#5001=FACE_BOUND('',#4705,.T.);
#5002=FACE_BOUND('',#4706,.T.);
#5003=FACE_BOUND('',#4707,.T.);
#5004=FACE_BOUND('',#4708,.T.);
#5005=FACE_BOUND('',#4709,.T.);
#5006=FACE_BOUND('',#4710,.T.);
#5007=FACE_BOUND('',#4711,.T.);
#5008=FACE_BOUND('',#4712,.T.);
#5009=FACE_BOUND('',#4713,.T.);
#5010=FACE_BOUND('',#4714,.T.);
#5011=FACE_BOUND('',#4715,.T.);
#5012=FACE_BOUND('',#4716,.T.);
#5013=FACE_BOUND('',#4717,.T.);
#5014=FACE_BOUND('',#4718,.T.);
#5015=FACE_BOUND('',#4719,.T.);
#5016=FACE_BOUND('',#4720,.T.);
#5017=FACE_BOUND('',#4721,.T.);
#5018=FACE_BOUND('',#4722,.T.);
#5019=FACE_BOUND('',#4723,.T.);
#5020=FACE_BOUND('',#4724,.T.);
#5021=FACE_BOUND('',#4725,.T.);
#5022=FACE_BOUND('',#4726,.T.);
#5023=FACE_BOUND('',#4727,.T.);
#5024=FACE_BOUND('',#4728,.T.);
#5025=FACE_BOUND('',#4729,.T.);
#5026=FACE_BOUND('',#4730,.T.);
#5027=FACE_BOUND('',#4731,.T.);
#5028=FACE_BOUND('',#4732,.T.);
#5029=FACE_BOUND('',#4733,.T.);
#5030=FACE_BOUND('',#4734,.T.);
#5031=FACE_BOUND('',#4735,.T.);
#5032=FACE_BOUND('',#4736,.T.);
#5033=FACE_BOUND('',#4737,.T.);
#5034=FACE_BOUND('',#4738,.T.);
#5035=FACE_BOUND('',#4739,.T.);
#5036=FACE_BOUND('',#4740,.T.);
#5037=FACE_BOUND('',#4741,.T.);
#5038=FACE_BOUND('',#4742,.T.);
#5039=FACE_BOUND('',#4743,.T.);
#5040=FACE_BOUND('',#4744,.T.);
#5041=FACE_BOUND('',#4745,.T.);
#5042=FACE_BOUND('',#4746,.T.);
#5043=FACE_BOUND('',#4747,.T.);
#5044=FACE_BOUND('',#4748,.T.);
#5045=FACE_BOUND('',#4749,.T.);
#5046=FACE_BOUND('',#4750,.T.);
#5047=FACE_BOUND('',#4751,.T.);
#5048=FACE_BOUND('',#4752,.T.);
#5049=FACE_BOUND('',#4753,.T.);
#5050=FACE_BOUND('',#4754,.T.);
#5051=FACE_BOUND('',#4755,.T.);
#5052=FACE_BOUND('',#4756,.T.);
#5053=FACE_BOUND('',#4757,.T.);
#5054=FACE_BOUND('',#4758,.T.);
#5055=FACE_BOUND('',#4759,.T.);
#5056=FACE_BOUND('',#4760,.T.);
#5057=FACE_BOUND('',#4761,.T.);
#5058=FACE_BOUND('',#4762,.T.);
#5059=FACE_BOUND('',#4763,.T.);
#5060=FACE_BOUND('',#4764,.T.);
#5061=FACE_BOUND('',#4765,.T.);
#5062=FACE_BOUND('',#4766,.T.);
#5063=FACE_BOUND('',#4767,.T.);
#5064=FACE_BOUND('',#4768,.T.);
#5065=FACE_BOUND('',#4769,.T.);
#5066=FACE_BOUND('',#4770,.T.);
#5067=FACE_BOUND('',#4771,.T.);
#5068=FACE_BOUND('',#4772,.T.);
#5069=FACE_BOUND('',#4773,.T.);
#5070=FACE_BOUND('',#4774,.T.);
#5071=FACE_BOUND('',#4775,.T.);
#5072=FACE_BOUND('',#4776,.T.);
#5073=FACE_BOUND('',#4777,.T.);
#5074=FACE_BOUND('',#4778,.T.);
#5075=FACE_BOUND('',#4779,.T.);
#5076=FACE_BOUND('',#4780,.T.);
#5077=FACE_BOUND('',#4781,.T.);
#5078=FACE_BOUND('',#4782,.T.);
#5079=FACE_BOUND('',#4783,.T.);
#5080=FACE_BOUND('',#4784,.T.);
#5081=FACE_BOUND('',#4785,.T.);
#5082=FACE_BOUND('',#4786,.T.);
#5083=FACE_BOUND('',#4787,.T.);
#5084=FACE_BOUND('',#4788,.T.);
#5085=FACE_BOUND('',#4789,.T.);
#5086=FACE_BOUND('',#4790,.T.);
#5087=FACE_BOUND('',#4791,.T.);
#5088=FACE_BOUND('',#4792,.T.);
#5089=FACE_BOUND('',#4793,.T.);
#5090=FACE_BOUND('',#4794,.T.);
#5091=FACE_BOUND('',#4795,.T.);
#5092=FACE_BOUND('',#4796,.T.);
#5093=FACE_BOUND('',#4797,.T.);
#5094=FACE_BOUND('',#4798,.T.);
#5095=FACE_BOUND('',#4799,.T.);
#5096=FACE_BOUND('',#4800,.T.);
#5097=FACE_BOUND('',#4801,.T.);
#5098=FACE_BOUND('',#4802,.T.);
#5099=FACE_BOUND('',#4803,.T.);
#5100=FACE_BOUND('',#4804,.T.);
#5101=FACE_BOUND('',#4805,.T.);
#5102=FACE_BOUND('',#4806,.T.);
#5103=FACE_BOUND('',#4807,.T.);
#5104=FACE_BOUND('',#4808,.T.);
#5105=FACE_BOUND('',#4809,.T.);
#5106=FACE_BOUND('',#4810,.T.);
#5107=FACE_BOUND('',#4811,.T.);
#5108=FACE_BOUND('',#4812,.T.);
#5109=FACE_BOUND('',#4813,.T.);
#5110=FACE_BOUND('',#4814,.T.);
#5111=FACE_BOUND('',#4815,.T.);
#5112=FACE_BOUND('',#4816,.T.);
#5113=FACE_BOUND('',#4817,.T.);
#5114=FACE_BOUND('',#4818,.T.);
#5115=FACE_BOUND('',#4819,.T.);
#5116=FACE_BOUND('',#4820,.T.);
#5117=FACE_BOUND('',#4821,.T.);
#5118=PLANE('',#5615);
#5119=PLANE('',#5616);
#5120=PLANE('',#5617);
#5121=PLANE('',#5618);
#5122=PLANE('',#5619);
#5123=PLANE('',#5620);
#5124=PLANE('',#5621);
#5125=PLANE('',#5622);
#5126=PLANE('',#5623);
#5127=PLANE('',#5624);
#5128=PLANE('',#5625);
#5129=PLANE('',#5626);
#5130=PLANE('',#5627);
#5131=PLANE('',#5628);
#5132=PLANE('',#5629);
#5133=PLANE('',#5630);
#5134=PLANE('',#5631);
#5135=PLANE('',#5632);
#5136=PLANE('',#5633);
#5137=PLANE('',#5634);
#5138=PLANE('',#5635);
#5139=PLANE('',#5636);
#5140=PLANE('',#5637);
#5141=PLANE('',#5638);
#5142=PLANE('',#5639);
#5143=PLANE('',#5640);
#5144=PLANE('',#5641);
#5145=PLANE('',#5642);
#5146=PLANE('',#5643);
#5147=PLANE('',#5644);
#5148=PLANE('',#5645);
#5149=PLANE('',#5646);
#5150=PLANE('',#5647);
#5151=PLANE('',#5648);
#5152=PLANE('',#5649);
#5153=PLANE('',#5650);
#5154=PLANE('',#5651);
#5155=PLANE('',#5652);
#5156=PLANE('',#5653);
#5157=PLANE('',#5654);
#5158=PLANE('',#5655);
#5159=PLANE('',#5686);
#5160=PLANE('',#5687);
#5161=PLANE('',#5688);
#5162=PLANE('',#5689);
#5163=PLANE('',#5690);
#5164=PLANE('',#5691);
#5165=PLANE('',#5692);
#5166=PLANE('',#5693);
#5167=PLANE('',#5694);
#5168=PLANE('',#5695);
#5169=PLANE('',#5726);
#5170=PLANE('',#5727);
#5171=PLANE('',#5728);
#5172=PLANE('',#5729);
#5173=PLANE('',#5730);
#5174=PLANE('',#5731);
#5175=PLANE('',#5732);
#5176=PLANE('',#5733);
#5177=PLANE('',#5734);
#5178=PLANE('',#5735);
#5179=PLANE('',#5751);
#5180=PLANE('',#5752);
#5181=PLANE('',#5753);
#5182=PLANE('',#5754);
#5183=PLANE('',#5755);
#5184=PLANE('',#5756);
#5185=PLANE('',#5757);
#5186=PLANE('',#5758);
#5187=PLANE('',#5759);
#5188=PLANE('',#5760);
#5189=PLANE('',#5761);
#5190=PLANE('',#5762);
#5191=PLANE('',#5763);
#5192=PLANE('',#5764);
#5193=PLANE('',#5765);
#5194=PLANE('',#5781);
#5195=PLANE('',#5782);
#5196=PLANE('',#5783);
#5197=PLANE('',#5784);
#5198=PLANE('',#5785);
#5199=PLANE('',#5786);
#5200=PLANE('',#5787);
#5201=PLANE('',#5788);
#5202=PLANE('',#5789);
#5203=PLANE('',#5790);
#5204=PLANE('',#5791);
#5205=PLANE('',#5792);
#5206=PLANE('',#5793);
#5207=PLANE('',#5794);
#5208=PLANE('',#5795);
#5209=PLANE('',#5811);
#5210=PLANE('',#5812);
#5211=PLANE('',#5813);
#5212=PLANE('',#5814);
#5213=PLANE('',#5815);
#5214=PLANE('',#5816);
#5215=PLANE('',#5817);
#5216=PLANE('',#5818);
#5217=PLANE('',#5819);
#5218=PLANE('',#5820);
#5219=PLANE('',#5836);
#5220=PLANE('',#5837);
#5221=PLANE('',#5838);
#5222=PLANE('',#5839);
#5223=PLANE('',#5840);
#5224=PLANE('',#5841);
#5225=PLANE('',#5842);
#5226=PLANE('',#5843);
#5227=PLANE('',#5844);
#5228=PLANE('',#5845);
#5229=PLANE('',#5876);
#5230=PLANE('',#5877);
#5231=PLANE('',#5878);
#5232=PLANE('',#5879);
#5233=PLANE('',#5880);
#5234=PLANE('',#5881);
#5235=PLANE('',#5882);
#5236=PLANE('',#5883);
#5237=PLANE('',#5884);
#5238=PLANE('',#5885);
#5239=PLANE('',#5946);
#5240=PLANE('',#5947);
#5241=PLANE('',#5948);
#5242=PLANE('',#5949);
#5243=PLANE('',#5950);
#5244=PLANE('',#5951);
#5245=PLANE('',#5952);
#5246=PLANE('',#5953);
#5247=PLANE('',#5954);
#5248=PLANE('',#5969);
#5249=PLANE('',#5970);
#5250=PLANE('',#5971);
#5251=PLANE('',#5976);
#5252=PLANE('',#5977);
#5253=PLANE('',#5982);
#5254=PLANE('',#5983);
#5255=PLANE('',#5986);
#5256=PLANE('',#5987);
#5257=PLANE('',#5988);
#5258=PLANE('',#5991);
#5259=PLANE('',#5992);
#5260=PLANE('',#5993);
#5261=PLANE('',#5996);
#5262=PLANE('',#5997);
#5263=PLANE('',#6000);
#5264=PLANE('',#6001);
#5265=PLANE('',#6006);
#5266=PLANE('',#6007);
#5267=PLANE('',#6008);
#5268=PLANE('',#6017);
#5269=PLANE('',#6018);
#5270=PLANE('',#6019);
#5271=PLANE('',#6020);
#5272=PLANE('',#6021);
#5273=PLANE('',#6022);
#5274=PLANE('',#6023);
#5275=PLANE('',#6024);
#5276=PLANE('',#6025);
#5277=PLANE('',#6026);
#5278=PLANE('',#6027);
#5279=PLANE('',#6028);
#5280=PLANE('',#6029);
#5281=PLANE('',#6030);
#5282=PLANE('',#6031);
#5283=PLANE('',#6032);
#5284=PLANE('',#6033);
#5285=PLANE('',#6034);
#5286=PLANE('',#6035);
#5287=PLANE('',#6036);
#5288=PLANE('',#6037);
#5289=PLANE('',#6038);
#5290=PLANE('',#6039);
#5291=PLANE('',#6040);
#5292=PLANE('',#6041);
#5293=PLANE('',#6042);
#5294=PLANE('',#6043);
#5295=PLANE('',#6044);
#5296=PLANE('',#6045);
#5297=PLANE('',#6046);
#5298=PLANE('',#6047);
#5299=PLANE('',#6048);
#5300=PLANE('',#6049);
#5301=PLANE('',#6050);
#5302=PLANE('',#6051);
#5303=PLANE('',#6052);
#5304=PLANE('',#6053);
#5305=PLANE('',#6054);
#5306=PLANE('',#6055);
#5307=PLANE('',#6056);
#5308=PLANE('',#6057);
#5309=PLANE('',#6058);
#5310=PLANE('',#6059);
#5311=PLANE('',#6060);
#5312=PLANE('',#6061);
#5313=PLANE('',#6062);
#5314=PLANE('',#6063);
#5315=PLANE('',#6064);
#5316=PLANE('',#6065);
#5317=PLANE('',#6066);
#5318=ADVANCED_FACE('',(#4822),#5118,.T.);
#5319=ADVANCED_FACE('',(#4823),#5119,.T.);
#5320=ADVANCED_FACE('',(#4824),#5120,.T.);
#5321=ADVANCED_FACE('',(#4825),#5121,.T.);
#5322=ADVANCED_FACE('',(#4826),#5122,.T.);
#5323=ADVANCED_FACE('',(#4827),#5123,.T.);
#5324=ADVANCED_FACE('',(#4828),#5124,.T.);
#5325=ADVANCED_FACE('',(#4829),#5125,.T.);
#5326=ADVANCED_FACE('',(#4830),#5126,.T.);
#5327=ADVANCED_FACE('',(#4831),#5127,.T.);
#5328=ADVANCED_FACE('',(#4832),#5128,.T.);
#5329=ADVANCED_FACE('',(#4833),#5129,.T.);
#5330=ADVANCED_FACE('',(#4834),#5130,.T.);
#5331=ADVANCED_FACE('',(#4835),#5131,.T.);
#5332=ADVANCED_FACE('',(#4836),#5132,.T.);
#5333=ADVANCED_FACE('',(#4837),#5133,.T.);
#5334=ADVANCED_FACE('',(#4838),#5134,.T.);
#5335=ADVANCED_FACE('',(#4839),#5135,.T.);
#5336=ADVANCED_FACE('',(#4840),#5136,.T.);
#5337=ADVANCED_FACE('',(#4841),#5137,.T.);
#5338=ADVANCED_FACE('',(#4842),#5138,.T.);
#5339=ADVANCED_FACE('',(#4843),#5139,.T.);
#5340=ADVANCED_FACE('',(#4844),#5140,.T.);
#5341=ADVANCED_FACE('',(#4845),#5141,.T.);
#5342=ADVANCED_FACE('',(#4846),#5142,.T.);
#5343=ADVANCED_FACE('',(#4847),#5143,.T.);
#5344=ADVANCED_FACE('',(#4848),#5144,.T.);
#5345=ADVANCED_FACE('',(#4849),#5145,.T.);
#5346=ADVANCED_FACE('',(#4850),#5146,.T.);
#5347=ADVANCED_FACE('',(#4851),#5147,.T.);
#5348=ADVANCED_FACE('',(#4852),#5148,.F.);
#5349=ADVANCED_FACE('',(#4853),#5149,.T.);
#5350=ADVANCED_FACE('',(#4854),#5150,.T.);
#5351=ADVANCED_FACE('',(#4855),#5151,.T.);
#5352=ADVANCED_FACE('',(#4856),#5152,.T.);
#5353=ADVANCED_FACE('',(#4857),#5153,.T.);
#5354=ADVANCED_FACE('',(#4858),#5154,.T.);
#5355=ADVANCED_FACE('',(#4859),#5155,.T.);
#5356=ADVANCED_FACE('',(#4860),#5156,.T.);
#5357=ADVANCED_FACE('',(#4861),#5157,.T.);
#5358=ADVANCED_FACE('',(#4862),#5158,.T.);
#5359=ADVANCED_FACE('',(#4863),#188,.T.);
#5360=ADVANCED_FACE('',(#4864),#189,.T.);
#5361=ADVANCED_FACE('',(#4865),#190,.T.);
#5362=ADVANCED_FACE('',(#4866),#191,.T.);
#5363=ADVANCED_FACE('',(#4867),#192,.T.);
#5364=ADVANCED_FACE('',(#4868),#193,.T.);
#5365=ADVANCED_FACE('',(#4869),#194,.T.);
#5366=ADVANCED_FACE('',(#4870),#195,.T.);
#5367=ADVANCED_FACE('',(#4871),#196,.T.);
#5368=ADVANCED_FACE('',(#4872),#197,.T.);
#5369=ADVANCED_FACE('',(#4873),#5159,.T.);
#5370=ADVANCED_FACE('',(#4874),#5160,.T.);
#5371=ADVANCED_FACE('',(#4875),#5161,.T.);
#5372=ADVANCED_FACE('',(#4876),#5162,.T.);
#5373=ADVANCED_FACE('',(#4877),#5163,.T.);
#5374=ADVANCED_FACE('',(#4878),#5164,.T.);
#5375=ADVANCED_FACE('',(#4879),#5165,.T.);
#5376=ADVANCED_FACE('',(#4880),#5166,.T.);
#5377=ADVANCED_FACE('',(#4881),#5167,.T.);
#5378=ADVANCED_FACE('',(#4882),#5168,.T.);
#5379=ADVANCED_FACE('',(#4883),#198,.T.);
#5380=ADVANCED_FACE('',(#4884),#199,.T.);
#5381=ADVANCED_FACE('',(#4885),#200,.T.);
#5382=ADVANCED_FACE('',(#4886),#201,.T.);
#5383=ADVANCED_FACE('',(#4887),#202,.T.);
#5384=ADVANCED_FACE('',(#4888),#203,.T.);
#5385=ADVANCED_FACE('',(#4889),#204,.T.);
#5386=ADVANCED_FACE('',(#4890),#205,.T.);
#5387=ADVANCED_FACE('',(#4891),#206,.T.);
#5388=ADVANCED_FACE('',(#4892),#207,.T.);
#5389=ADVANCED_FACE('',(#4893),#5169,.T.);
#5390=ADVANCED_FACE('',(#4894),#5170,.T.);
#5391=ADVANCED_FACE('',(#4895),#5171,.T.);
#5392=ADVANCED_FACE('',(#4896),#5172,.T.);
#5393=ADVANCED_FACE('',(#4897),#5173,.T.);
#5394=ADVANCED_FACE('',(#4898),#5174,.T.);
#5395=ADVANCED_FACE('',(#4899),#5175,.T.);
#5396=ADVANCED_FACE('',(#4900),#5176,.T.);
#5397=ADVANCED_FACE('',(#4901),#5177,.T.);
#5398=ADVANCED_FACE('',(#4902),#5178,.T.);
#5399=ADVANCED_FACE('',(#4903),#208,.T.);
#5400=ADVANCED_FACE('',(#4904),#209,.T.);
#5401=ADVANCED_FACE('',(#4905),#210,.T.);
#5402=ADVANCED_FACE('',(#4906),#211,.T.);
#5403=ADVANCED_FACE('',(#4907),#212,.T.);
#5404=ADVANCED_FACE('',(#4908),#5179,.T.);
#5405=ADVANCED_FACE('',(#4909),#5180,.T.);
#5406=ADVANCED_FACE('',(#4910),#5181,.T.);
#5407=ADVANCED_FACE('',(#4911),#5182,.T.);
#5408=ADVANCED_FACE('',(#4912),#5183,.T.);
#5409=ADVANCED_FACE('',(#4913),#5184,.T.);
#5410=ADVANCED_FACE('',(#4914),#5185,.T.);
#5411=ADVANCED_FACE('',(#4915),#5186,.T.);
#5412=ADVANCED_FACE('',(#4916),#5187,.T.);
#5413=ADVANCED_FACE('',(#4917),#5188,.T.);
#5414=ADVANCED_FACE('',(#4918),#5189,.T.);
#5415=ADVANCED_FACE('',(#4919),#5190,.T.);
#5416=ADVANCED_FACE('',(#4920),#5191,.T.);
#5417=ADVANCED_FACE('',(#4921),#5192,.T.);
#5418=ADVANCED_FACE('',(#4922),#5193,.T.);
#5419=ADVANCED_FACE('',(#4923),#213,.F.);
#5420=ADVANCED_FACE('',(#4924),#214,.F.);
#5421=ADVANCED_FACE('',(#4925),#215,.F.);
#5422=ADVANCED_FACE('',(#4926),#216,.F.);
#5423=ADVANCED_FACE('',(#4927),#217,.F.);
#5424=ADVANCED_FACE('',(#4928),#5194,.T.);
#5425=ADVANCED_FACE('',(#4929),#5195,.T.);
#5426=ADVANCED_FACE('',(#4930),#5196,.T.);
#5427=ADVANCED_FACE('',(#4931),#5197,.T.);
#5428=ADVANCED_FACE('',(#4932),#5198,.T.);
#5429=ADVANCED_FACE('',(#4933),#5199,.T.);
#5430=ADVANCED_FACE('',(#4934),#5200,.T.);
#5431=ADVANCED_FACE('',(#4935),#5201,.T.);
#5432=ADVANCED_FACE('',(#4936),#5202,.T.);
#5433=ADVANCED_FACE('',(#4937),#5203,.T.);
#5434=ADVANCED_FACE('',(#4938),#5204,.T.);
#5435=ADVANCED_FACE('',(#4939),#5205,.T.);
#5436=ADVANCED_FACE('',(#4940),#5206,.T.);
#5437=ADVANCED_FACE('',(#4941),#5207,.T.);
#5438=ADVANCED_FACE('',(#4942),#5208,.T.);
#5439=ADVANCED_FACE('',(#4943),#218,.T.);
#5440=ADVANCED_FACE('',(#4944),#219,.T.);
#5441=ADVANCED_FACE('',(#4945),#220,.T.);
#5442=ADVANCED_FACE('',(#4946),#221,.T.);
#5443=ADVANCED_FACE('',(#4947),#222,.T.);
#5444=ADVANCED_FACE('',(#4948),#5209,.T.);
#5445=ADVANCED_FACE('',(#4949),#5210,.T.);
#5446=ADVANCED_FACE('',(#4950),#5211,.T.);
#5447=ADVANCED_FACE('',(#4951),#5212,.T.);
#5448=ADVANCED_FACE('',(#4952),#5213,.T.);
#5449=ADVANCED_FACE('',(#4953),#5214,.T.);
#5450=ADVANCED_FACE('',(#4954),#5215,.T.);
#5451=ADVANCED_FACE('',(#4955),#5216,.T.);
#5452=ADVANCED_FACE('',(#4956),#5217,.T.);
#5453=ADVANCED_FACE('',(#4957),#5218,.T.);
#5454=ADVANCED_FACE('',(#4958),#223,.T.);
#5455=ADVANCED_FACE('',(#4959),#224,.T.);
#5456=ADVANCED_FACE('',(#4960),#225,.T.);
#5457=ADVANCED_FACE('',(#4961),#226,.T.);
#5458=ADVANCED_FACE('',(#4962),#227,.T.);
#5459=ADVANCED_FACE('',(#4963),#5219,.T.);
#5460=ADVANCED_FACE('',(#4964),#5220,.T.);
#5461=ADVANCED_FACE('',(#4965),#5221,.T.);
#5462=ADVANCED_FACE('',(#4966),#5222,.T.);
#5463=ADVANCED_FACE('',(#4967),#5223,.T.);
#5464=ADVANCED_FACE('',(#4968),#5224,.T.);
#5465=ADVANCED_FACE('',(#4969),#5225,.T.);
#5466=ADVANCED_FACE('',(#4970),#5226,.T.);
#5467=ADVANCED_FACE('',(#4971),#5227,.T.);
#5468=ADVANCED_FACE('',(#4972),#5228,.T.);
#5469=ADVANCED_FACE('',(#4973),#228,.T.);
#5470=ADVANCED_FACE('',(#4974),#229,.T.);
#5471=ADVANCED_FACE('',(#4975),#230,.T.);
#5472=ADVANCED_FACE('',(#4976),#231,.T.);
#5473=ADVANCED_FACE('',(#4977),#232,.T.);
#5474=ADVANCED_FACE('',(#4978),#233,.T.);
#5475=ADVANCED_FACE('',(#4979),#234,.T.);
#5476=ADVANCED_FACE('',(#4980),#235,.T.);
#5477=ADVANCED_FACE('',(#4981),#236,.T.);
#5478=ADVANCED_FACE('',(#4982),#237,.T.);
#5479=ADVANCED_FACE('',(#4983),#5229,.T.);
#5480=ADVANCED_FACE('',(#4984),#5230,.T.);
#5481=ADVANCED_FACE('',(#4985),#5231,.T.);
#5482=ADVANCED_FACE('',(#4986),#5232,.T.);
#5483=ADVANCED_FACE('',(#4987),#5233,.T.);
#5484=ADVANCED_FACE('',(#4988),#5234,.T.);
#5485=ADVANCED_FACE('',(#4989),#5235,.T.);
#5486=ADVANCED_FACE('',(#4990),#5236,.T.);
#5487=ADVANCED_FACE('',(#4991),#5237,.T.);
#5488=ADVANCED_FACE('',(#4992),#5238,.T.);
#5489=ADVANCED_FACE('',(#4993),#238,.T.);
#5490=ADVANCED_FACE('',(#4994),#239,.T.);
#5491=ADVANCED_FACE('',(#4995),#240,.T.);
#5492=ADVANCED_FACE('',(#4996),#241,.T.);
#5493=ADVANCED_FACE('',(#4997),#242,.T.);
#5494=ADVANCED_FACE('',(#4998),#243,.T.);
#5495=ADVANCED_FACE('',(#4999),#244,.T.);
#5496=ADVANCED_FACE('',(#5000),#245,.T.);
#5497=ADVANCED_FACE('',(#5001),#246,.T.);
#5498=ADVANCED_FACE('',(#5002),#247,.T.);
#5499=ADVANCED_FACE('',(#5003),#248,.T.);
#5500=ADVANCED_FACE('',(#5004),#249,.T.);
#5501=ADVANCED_FACE('',(#5005),#250,.T.);
#5502=ADVANCED_FACE('',(#5006),#251,.T.);
#5503=ADVANCED_FACE('',(#5007),#252,.T.);
#5504=ADVANCED_FACE('',(#5008),#253,.T.);
#5505=ADVANCED_FACE('',(#5009),#254,.T.);
#5506=ADVANCED_FACE('',(#5010),#255,.T.);
#5507=ADVANCED_FACE('',(#5011),#256,.T.);
#5508=ADVANCED_FACE('',(#5012),#257,.T.);
#5509=ADVANCED_FACE('',(#5013),#5239,.F.);
#5510=ADVANCED_FACE('',(#5014),#5240,.F.);
#5511=ADVANCED_FACE('',(#5015),#5241,.T.);
#5512=ADVANCED_FACE('',(#5016),#5242,.T.);
#5513=ADVANCED_FACE('',(#5017),#5243,.T.);
#5514=ADVANCED_FACE('',(#5018),#5244,.T.);
#5515=ADVANCED_FACE('',(#5019),#5245,.T.);
#5516=ADVANCED_FACE('',(#5020),#5246,.T.);
#5517=ADVANCED_FACE('',(#5021),#5247,.F.);
#5518=ADVANCED_FACE('',(#5022),#5248,.F.);
#5519=ADVANCED_FACE('',(#5023),#5249,.T.);
#5520=ADVANCED_FACE('',(#5024),#5250,.T.);
#5521=ADVANCED_FACE('',(#5025),#258,.T.);
#5522=ADVANCED_FACE('',(#5026),#259,.T.);
#5523=ADVANCED_FACE('',(#5027),#5251,.T.);
#5524=ADVANCED_FACE('',(#5028),#5252,.T.);
#5525=ADVANCED_FACE('',(#5029),#260,.T.);
#5526=ADVANCED_FACE('',(#5030),#261,.T.);
#5527=ADVANCED_FACE('',(#5031),#5253,.T.);
#5528=ADVANCED_FACE('',(#5032),#5254,.T.);
#5529=ADVANCED_FACE('',(#5033),#262,.T.);
#5530=ADVANCED_FACE('',(#5034),#5255,.T.);
#5531=ADVANCED_FACE('',(#5035),#5256,.T.);
#5532=ADVANCED_FACE('',(#5036),#5257,.T.);
#5533=ADVANCED_FACE('',(#5037),#263,.F.);
#5534=ADVANCED_FACE('',(#5038),#5258,.T.);
#5535=ADVANCED_FACE('',(#5039),#5259,.T.);
#5536=ADVANCED_FACE('',(#5040),#5260,.T.);
#5537=ADVANCED_FACE('',(#5041),#264,.T.);
#5538=ADVANCED_FACE('',(#5042),#5261,.T.);
#5539=ADVANCED_FACE('',(#5043),#5262,.T.);
#5540=ADVANCED_FACE('',(#5044),#265,.T.);
#5541=ADVANCED_FACE('',(#5045),#5263,.T.);
#5542=ADVANCED_FACE('',(#5046),#5264,.T.);
#5543=ADVANCED_FACE('',(#5047),#266,.T.);
#5544=ADVANCED_FACE('',(#5048),#267,.T.);
#5545=ADVANCED_FACE('',(#5049),#5265,.T.);
#5546=ADVANCED_FACE('',(#5050,#5051,#5052,#5053,#5054,#5055,#5056,#5057,
#5058,#5059,#5060,#5061,#5062),#5266,.T.);
#5547=ADVANCED_FACE('',(#5063),#5267,.T.);
#5548=ADVANCED_FACE('',(#5064),#268,.T.);
#5549=ADVANCED_FACE('',(#5065),#269,.T.);
#5550=ADVANCED_FACE('',(#5066),#270,.T.);
#5551=ADVANCED_FACE('',(#5067),#271,.T.);
#5552=ADVANCED_FACE('',(#5068),#5268,.F.);
#5553=ADVANCED_FACE('',(#5069),#5269,.F.);
#5554=ADVANCED_FACE('',(#5070),#5270,.F.);
#5555=ADVANCED_FACE('',(#5071),#5271,.F.);
#5556=ADVANCED_FACE('',(#5072),#5272,.F.);
#5557=ADVANCED_FACE('',(#5073),#5273,.F.);
#5558=ADVANCED_FACE('',(#5074),#5274,.F.);
#5559=ADVANCED_FACE('',(#5075),#5275,.F.);
#5560=ADVANCED_FACE('',(#5076),#5276,.F.);
#5561=ADVANCED_FACE('',(#5077),#5277,.F.);
#5562=ADVANCED_FACE('',(#5078),#5278,.F.);
#5563=ADVANCED_FACE('',(#5079),#5279,.F.);
#5564=ADVANCED_FACE('',(#5080),#5280,.F.);
#5565=ADVANCED_FACE('',(#5081),#5281,.F.);
#5566=ADVANCED_FACE('',(#5082),#5282,.F.);
#5567=ADVANCED_FACE('',(#5083),#5283,.F.);
#5568=ADVANCED_FACE('',(#5084),#5284,.F.);
#5569=ADVANCED_FACE('',(#5085),#5285,.F.);
#5570=ADVANCED_FACE('',(#5086),#5286,.F.);
#5571=ADVANCED_FACE('',(#5087),#5287,.F.);
#5572=ADVANCED_FACE('',(#5088),#5288,.F.);
#5573=ADVANCED_FACE('',(#5089),#5289,.F.);
#5574=ADVANCED_FACE('',(#5090),#5290,.F.);
#5575=ADVANCED_FACE('',(#5091),#5291,.F.);
#5576=ADVANCED_FACE('',(#5092),#5292,.F.);
#5577=ADVANCED_FACE('',(#5093),#5293,.F.);
#5578=ADVANCED_FACE('',(#5094),#5294,.F.);
#5579=ADVANCED_FACE('',(#5095),#5295,.F.);
#5580=ADVANCED_FACE('',(#5096),#5296,.F.);
#5581=ADVANCED_FACE('',(#5097),#5297,.F.);
#5582=ADVANCED_FACE('',(#5098),#5298,.F.);
#5583=ADVANCED_FACE('',(#5099),#5299,.F.);
#5584=ADVANCED_FACE('',(#5100),#5300,.F.);
#5585=ADVANCED_FACE('',(#5101),#5301,.F.);
#5586=ADVANCED_FACE('',(#5102),#5302,.F.);
#5587=ADVANCED_FACE('',(#5103),#5303,.F.);
#5588=ADVANCED_FACE('',(#5104),#5304,.F.);
#5589=ADVANCED_FACE('',(#5105),#5305,.F.);
#5590=ADVANCED_FACE('',(#5106),#5306,.F.);
#5591=ADVANCED_FACE('',(#5107),#5307,.F.);
#5592=ADVANCED_FACE('',(#5108),#5308,.F.);
#5593=ADVANCED_FACE('',(#5109),#5309,.F.);
#5594=ADVANCED_FACE('',(#5110),#5310,.F.);
#5595=ADVANCED_FACE('',(#5111),#5311,.F.);
#5596=ADVANCED_FACE('',(#5112),#5312,.F.);
#5597=ADVANCED_FACE('',(#5113),#5313,.F.);
#5598=ADVANCED_FACE('',(#5114),#5314,.F.);
#5599=ADVANCED_FACE('',(#5115),#5315,.F.);
#5600=ADVANCED_FACE('',(#5116),#5316,.F.);
#5601=ADVANCED_FACE('',(#5117),#5317,.F.);
#5602=CLOSED_SHELL('',(#5318,#5319,#5320,#5321,#5322,#5323,#5324,#5325,
#5326,#5327,#5328,#5329,#5330,#5331,#5332,#5333,#5334,#5335,#5336,#5337,
#5338,#5339,#5340,#5341,#5342,#5343,#5344,#5345,#5346,#5347,#5348,#5349,
#5350,#5351,#5352,#5353,#5354,#5355,#5356,#5357,#5358,#5359,#5360,#5361,
#5362,#5363,#5364,#5365,#5366,#5367,#5368,#5369,#5370,#5371,#5372,#5373,
#5374,#5375,#5376,#5377,#5378,#5379,#5380,#5381,#5382,#5383,#5384,#5385,
#5386,#5387,#5388,#5389,#5390,#5391,#5392,#5393,#5394,#5395,#5396,#5397,
#5398,#5399,#5400,#5401,#5402,#5403,#5404,#5405,#5406,#5407,#5408,#5409,
#5410,#5411,#5412,#5413,#5414,#5415,#5416,#5417,#5418,#5419,#5420,#5421,
#5422,#5423,#5424,#5425,#5426,#5427,#5428,#5429,#5430,#5431,#5432,#5433,
#5434,#5435,#5436,#5437,#5438,#5439,#5440,#5441,#5442,#5443,#5444,#5445,
#5446,#5447,#5448,#5449,#5450,#5451,#5452,#5453,#5454,#5455,#5456,#5457,
#5458,#5459,#5460,#5461,#5462,#5463,#5464,#5465,#5466,#5467,#5468,#5469,
#5470,#5471,#5472,#5473,#5474,#5475,#5476,#5477,#5478,#5479,#5480,#5481,
#5482,#5483,#5484,#5485,#5486,#5487,#5488,#5489,#5490,#5491,#5492,#5493,
#5494,#5495,#5496,#5497,#5498,#5499,#5500,#5501,#5502,#5503,#5504,#5505,
#5506,#5507,#5508,#5509,#5510,#5511,#5512,#5513,#5514,#5515,#5516,#5517,
#5518,#5519,#5520,#5521,#5522,#5523,#5524,#5525,#5526,#5527,#5528,#5529,
#5530,#5531,#5532,#5533,#5534,#5535,#5536,#5537,#5538,#5539,#5540,#5541,
#5542,#5543,#5544,#5545,#5546,#5547,#5548,#5549,#5550,#5551,#5552,#5553,
#5554,#5555,#5556,#5557,#5558,#5559,#5560,#5561,#5562,#5563,#5564,#5565,
#5566,#5567,#5568,#5569,#5570,#5571,#5572,#5573,#5574,#5575,#5576,#5577,
#5578,#5579,#5580,#5581,#5582,#5583,#5584,#5585,#5586,#5587,#5588,#5589,
#5590,#5591,#5592,#5593,#5594,#5595,#5596,#5597,#5598,#5599,#5600,#5601));
#5603=STYLED_ITEM('',(#5604),#5611);
#5604=PRESENTATION_STYLE_ASSIGNMENT((#5605));
#5605=SURFACE_STYLE_USAGE(.BOTH.,#5606);
#5606=SURFACE_SIDE_STYLE('',(#5607));
#5607=SURFACE_STYLE_FILL_AREA(#5608);
#5608=FILL_AREA_STYLE('',(#5609));
#5609=FILL_AREA_STYLE_COLOUR('',#5610);
#5610=COLOUR_RGB('',0.200000002980232,0.200000002980232,0.200000002980232);
#5611=MANIFOLD_SOLID_BREP('',#5602);
#5612=SHAPE_DEFINITION_REPRESENTATION(#9256,#5613);
#5613=SHAPE_REPRESENTATION('374524B60023G',(#5614),#9251);
#5614=AXIS2_PLACEMENT_3D('',#7615,#6067,#6068);
#5615=AXIS2_PLACEMENT_3D('',#7616,#6069,#6070);
#5616=AXIS2_PLACEMENT_3D('',#7625,#6075,#6076);
#5617=AXIS2_PLACEMENT_3D('',#7634,#6081,#6082);
#5618=AXIS2_PLACEMENT_3D('',#7643,#6087,#6088);
#5619=AXIS2_PLACEMENT_3D('',#7652,#6093,#6094);
#5620=AXIS2_PLACEMENT_3D('',#7661,#6099,#6100);
#5621=AXIS2_PLACEMENT_3D('',#7670,#6105,#6106);
#5622=AXIS2_PLACEMENT_3D('',#7679,#6111,#6112);
#5623=AXIS2_PLACEMENT_3D('',#7688,#6117,#6118);
#5624=AXIS2_PLACEMENT_3D('',#7697,#6123,#6124);
#5625=AXIS2_PLACEMENT_3D('',#7706,#6129,#6130);
#5626=AXIS2_PLACEMENT_3D('',#7715,#6135,#6136);
#5627=AXIS2_PLACEMENT_3D('',#7724,#6141,#6142);
#5628=AXIS2_PLACEMENT_3D('',#7733,#6147,#6148);
#5629=AXIS2_PLACEMENT_3D('',#7742,#6153,#6154);
#5630=AXIS2_PLACEMENT_3D('',#7751,#6159,#6160);
#5631=AXIS2_PLACEMENT_3D('',#7760,#6165,#6166);
#5632=AXIS2_PLACEMENT_3D('',#7769,#6171,#6172);
#5633=AXIS2_PLACEMENT_3D('',#7778,#6177,#6178);
#5634=AXIS2_PLACEMENT_3D('',#7787,#6183,#6184);
#5635=AXIS2_PLACEMENT_3D('',#7796,#6189,#6190);
#5636=AXIS2_PLACEMENT_3D('',#7805,#6195,#6196);
#5637=AXIS2_PLACEMENT_3D('',#7814,#6201,#6202);
#5638=AXIS2_PLACEMENT_3D('',#7823,#6207,#6208);
#5639=AXIS2_PLACEMENT_3D('',#7832,#6213,#6214);
#5640=AXIS2_PLACEMENT_3D('',#7841,#6219,#6220);
#5641=AXIS2_PLACEMENT_3D('',#7850,#6225,#6226);
#5642=AXIS2_PLACEMENT_3D('',#7859,#6231,#6232);
#5643=AXIS2_PLACEMENT_3D('',#7868,#6237,#6238);
#5644=AXIS2_PLACEMENT_3D('',#7877,#6243,#6244);
#5645=AXIS2_PLACEMENT_3D('',#7886,#6249,#6250);
#5646=AXIS2_PLACEMENT_3D('',#7935,#6275,#6276);
#5647=AXIS2_PLACEMENT_3D('',#7944,#6281,#6282);
#5648=AXIS2_PLACEMENT_3D('',#7953,#6287,#6288);
#5649=AXIS2_PLACEMENT_3D('',#7962,#6293,#6294);
#5650=AXIS2_PLACEMENT_3D('',#7971,#6299,#6300);
#5651=AXIS2_PLACEMENT_3D('',#7980,#6305,#6306);
#5652=AXIS2_PLACEMENT_3D('',#7989,#6311,#6312);
#5653=AXIS2_PLACEMENT_3D('',#7998,#6317,#6318);
#5654=AXIS2_PLACEMENT_3D('',#8007,#6323,#6324);
#5655=AXIS2_PLACEMENT_3D('',#8016,#6329,#6330);
#5656=AXIS2_PLACEMENT_3D('',#8025,#6335,#6336);
#5657=AXIS2_PLACEMENT_3D('',#8026,#6337,#6338);
#5658=AXIS2_PLACEMENT_3D('',#8027,#6339,#6340);
#5659=AXIS2_PLACEMENT_3D('',#8028,#6341,#6342);
#5660=AXIS2_PLACEMENT_3D('',#8029,#6343,#6344);
#5661=AXIS2_PLACEMENT_3D('',#8030,#6345,#6346);
#5662=AXIS2_PLACEMENT_3D('',#8031,#6347,#6348);
#5663=AXIS2_PLACEMENT_3D('',#8032,#6349,#6350);
#5664=AXIS2_PLACEMENT_3D('',#8033,#6351,#6352);
#5665=AXIS2_PLACEMENT_3D('',#8034,#6353,#6354);
#5666=AXIS2_PLACEMENT_3D('',#8035,#6355,#6356);
#5667=AXIS2_PLACEMENT_3D('',#8036,#6357,#6358);
#5668=AXIS2_PLACEMENT_3D('',#8037,#6359,#6360);
#5669=AXIS2_PLACEMENT_3D('',#8038,#6361,#6362);
#5670=AXIS2_PLACEMENT_3D('',#8039,#6363,#6364);
#5671=AXIS2_PLACEMENT_3D('',#8040,#6365,#6366);
#5672=AXIS2_PLACEMENT_3D('',#8041,#6367,#6368);
#5673=AXIS2_PLACEMENT_3D('',#8042,#6369,#6370);
#5674=AXIS2_PLACEMENT_3D('',#8043,#6371,#6372);
#5675=AXIS2_PLACEMENT_3D('',#8044,#6373,#6374);
#5676=AXIS2_PLACEMENT_3D('',#8045,#6375,#6376);
#5677=AXIS2_PLACEMENT_3D('',#8046,#6377,#6378);
#5678=AXIS2_PLACEMENT_3D('',#8047,#6379,#6380);
#5679=AXIS2_PLACEMENT_3D('',#8048,#6381,#6382);
#5680=AXIS2_PLACEMENT_3D('',#8049,#6383,#6384);
#5681=AXIS2_PLACEMENT_3D('',#8050,#6385,#6386);
#5682=AXIS2_PLACEMENT_3D('',#8051,#6387,#6388);
#5683=AXIS2_PLACEMENT_3D('',#8052,#6389,#6390);
#5684=AXIS2_PLACEMENT_3D('',#8053,#6391,#6392);
#5685=AXIS2_PLACEMENT_3D('',#8054,#6393,#6394);
#5686=AXIS2_PLACEMENT_3D('',#8055,#6395,#6396);
#5687=AXIS2_PLACEMENT_3D('',#8064,#6401,#6402);
#5688=AXIS2_PLACEMENT_3D('',#8073,#6407,#6408);
#5689=AXIS2_PLACEMENT_3D('',#8082,#6413,#6414);
#5690=AXIS2_PLACEMENT_3D('',#8091,#6419,#6420);
#5691=AXIS2_PLACEMENT_3D('',#8100,#6425,#6426);
#5692=AXIS2_PLACEMENT_3D('',#8109,#6431,#6432);
#5693=AXIS2_PLACEMENT_3D('',#8118,#6437,#6438);
#5694=AXIS2_PLACEMENT_3D('',#8127,#6443,#6444);
#5695=AXIS2_PLACEMENT_3D('',#8136,#6449,#6450);
#5696=AXIS2_PLACEMENT_3D('',#8145,#6455,#6456);
#5697=AXIS2_PLACEMENT_3D('',#8146,#6457,#6458);
#5698=AXIS2_PLACEMENT_3D('',#8147,#6459,#6460);
#5699=AXIS2_PLACEMENT_3D('',#8148,#6461,#6462);
#5700=AXIS2_PLACEMENT_3D('',#8149,#6463,#6464);
#5701=AXIS2_PLACEMENT_3D('',#8150,#6465,#6466);
#5702=AXIS2_PLACEMENT_3D('',#8151,#6467,#6468);
#5703=AXIS2_PLACEMENT_3D('',#8152,#6469,#6470);
#5704=AXIS2_PLACEMENT_3D('',#8153,#6471,#6472);
#5705=AXIS2_PLACEMENT_3D('',#8154,#6473,#6474);
#5706=AXIS2_PLACEMENT_3D('',#8155,#6475,#6476);
#5707=AXIS2_PLACEMENT_3D('',#8156,#6477,#6478);
#5708=AXIS2_PLACEMENT_3D('',#8157,#6479,#6480);
#5709=AXIS2_PLACEMENT_3D('',#8158,#6481,#6482);
#5710=AXIS2_PLACEMENT_3D('',#8159,#6483,#6484);
#5711=AXIS2_PLACEMENT_3D('',#8160,#6485,#6486);
#5712=AXIS2_PLACEMENT_3D('',#8161,#6487,#6488);
#5713=AXIS2_PLACEMENT_3D('',#8162,#6489,#6490);
#5714=AXIS2_PLACEMENT_3D('',#8163,#6491,#6492);
#5715=AXIS2_PLACEMENT_3D('',#8164,#6493,#6494);
#5716=AXIS2_PLACEMENT_3D('',#8165,#6495,#6496);
#5717=AXIS2_PLACEMENT_3D('',#8166,#6497,#6498);
#5718=AXIS2_PLACEMENT_3D('',#8167,#6499,#6500);
#5719=AXIS2_PLACEMENT_3D('',#8168,#6501,#6502);
#5720=AXIS2_PLACEMENT_3D('',#8169,#6503,#6504);
#5721=AXIS2_PLACEMENT_3D('',#8170,#6505,#6506);
#5722=AXIS2_PLACEMENT_3D('',#8171,#6507,#6508);
#5723=AXIS2_PLACEMENT_3D('',#8172,#6509,#6510);
#5724=AXIS2_PLACEMENT_3D('',#8173,#6511,#6512);
#5725=AXIS2_PLACEMENT_3D('',#8174,#6513,#6514);
#5726=AXIS2_PLACEMENT_3D('',#8175,#6515,#6516);
#5727=AXIS2_PLACEMENT_3D('',#8181,#6520,#6521);
#5728=AXIS2_PLACEMENT_3D('',#8187,#6525,#6526);
#5729=AXIS2_PLACEMENT_3D('',#8193,#6530,#6531);
#5730=AXIS2_PLACEMENT_3D('',#8199,#6535,#6536);
#5731=AXIS2_PLACEMENT_3D('',#8205,#6540,#6541);
#5732=AXIS2_PLACEMENT_3D('',#8211,#6545,#6546);
#5733=AXIS2_PLACEMENT_3D('',#8217,#6550,#6551);
#5734=AXIS2_PLACEMENT_3D('',#8223,#6555,#6556);
#5735=AXIS2_PLACEMENT_3D('',#8229,#6560,#6561);
#5736=AXIS2_PLACEMENT_3D('',#8235,#6565,#6566);
#5737=AXIS2_PLACEMENT_3D('',#8236,#6567,#6568);
#5738=AXIS2_PLACEMENT_3D('',#8238,#6569,#6570);
#5739=AXIS2_PLACEMENT_3D('',#8241,#6572,#6573);
#5740=AXIS2_PLACEMENT_3D('',#8242,#6574,#6575);
#5741=AXIS2_PLACEMENT_3D('',#8246,#6577,#6578);
#5742=AXIS2_PLACEMENT_3D('',#8247,#6579,#6580);
#5743=AXIS2_PLACEMENT_3D('',#8248,#6581,#6582);
#5744=AXIS2_PLACEMENT_3D('',#8252,#6584,#6585);
#5745=AXIS2_PLACEMENT_3D('',#8253,#6586,#6587);
#5746=AXIS2_PLACEMENT_3D('',#8254,#6588,#6589);
#5747=AXIS2_PLACEMENT_3D('',#8258,#6591,#6592);
#5748=AXIS2_PLACEMENT_3D('',#8259,#6593,#6594);
#5749=AXIS2_PLACEMENT_3D('',#8260,#6595,#6596);
#5750=AXIS2_PLACEMENT_3D('',#8264,#6598,#6599);
#5751=AXIS2_PLACEMENT_3D('',#8265,#6600,#6601);
#5752=AXIS2_PLACEMENT_3D('',#8271,#6605,#6606);
#5753=AXIS2_PLACEMENT_3D('',#8277,#6610,#6611);
#5754=AXIS2_PLACEMENT_3D('',#8283,#6615,#6616);
#5755=AXIS2_PLACEMENT_3D('',#8289,#6620,#6621);
#5756=AXIS2_PLACEMENT_3D('',#8295,#6625,#6626);
#5757=AXIS2_PLACEMENT_3D('',#8301,#6630,#6631);
#5758=AXIS2_PLACEMENT_3D('',#8307,#6635,#6636);
#5759=AXIS2_PLACEMENT_3D('',#8313,#6640,#6641);
#5760=AXIS2_PLACEMENT_3D('',#8319,#6645,#6646);
#5761=AXIS2_PLACEMENT_3D('',#8325,#6650,#6651);
#5762=AXIS2_PLACEMENT_3D('',#8331,#6655,#6656);
#5763=AXIS2_PLACEMENT_3D('',#8337,#6660,#6661);
#5764=AXIS2_PLACEMENT_3D('',#8343,#6665,#6666);
#5765=AXIS2_PLACEMENT_3D('',#8349,#6670,#6671);
#5766=AXIS2_PLACEMENT_3D('',#8355,#6675,#6676);
#5767=AXIS2_PLACEMENT_3D('',#8356,#6677,#6678);
#5768=AXIS2_PLACEMENT_3D('',#8358,#6679,#6680);
#5769=AXIS2_PLACEMENT_3D('',#8361,#6682,#6683);
#5770=AXIS2_PLACEMENT_3D('',#8362,#6684,#6685);
#5771=AXIS2_PLACEMENT_3D('',#8366,#6687,#6688);
#5772=AXIS2_PLACEMENT_3D('',#8367,#6689,#6690);
#5773=AXIS2_PLACEMENT_3D('',#8368,#6691,#6692);
#5774=AXIS2_PLACEMENT_3D('',#8372,#6694,#6695);
#5775=AXIS2_PLACEMENT_3D('',#8373,#6696,#6697);
#5776=AXIS2_PLACEMENT_3D('',#8374,#6698,#6699);
#5777=AXIS2_PLACEMENT_3D('',#8378,#6701,#6702);
#5778=AXIS2_PLACEMENT_3D('',#8379,#6703,#6704);
#5779=AXIS2_PLACEMENT_3D('',#8380,#6705,#6706);
#5780=AXIS2_PLACEMENT_3D('',#8384,#6708,#6709);
#5781=AXIS2_PLACEMENT_3D('',#8385,#6710,#6711);
#5782=AXIS2_PLACEMENT_3D('',#8391,#6715,#6716);
#5783=AXIS2_PLACEMENT_3D('',#8397,#6720,#6721);
#5784=AXIS2_PLACEMENT_3D('',#8403,#6725,#6726);
#5785=AXIS2_PLACEMENT_3D('',#8409,#6730,#6731);
#5786=AXIS2_PLACEMENT_3D('',#8415,#6735,#6736);
#5787=AXIS2_PLACEMENT_3D('',#8421,#6740,#6741);
#5788=AXIS2_PLACEMENT_3D('',#8427,#6745,#6746);
#5789=AXIS2_PLACEMENT_3D('',#8433,#6750,#6751);
#5790=AXIS2_PLACEMENT_3D('',#8439,#6755,#6756);
#5791=AXIS2_PLACEMENT_3D('',#8445,#6760,#6761);
#5792=AXIS2_PLACEMENT_3D('',#8451,#6765,#6766);
#5793=AXIS2_PLACEMENT_3D('',#8457,#6770,#6771);
#5794=AXIS2_PLACEMENT_3D('',#8463,#6775,#6776);
#5795=AXIS2_PLACEMENT_3D('',#8469,#6780,#6781);
#5796=AXIS2_PLACEMENT_3D('',#8475,#6785,#6786);
#5797=AXIS2_PLACEMENT_3D('',#8476,#6787,#6788);
#5798=AXIS2_PLACEMENT_3D('',#8478,#6789,#6790);
#5799=AXIS2_PLACEMENT_3D('',#8481,#6792,#6793);
#5800=AXIS2_PLACEMENT_3D('',#8482,#6794,#6795);
#5801=AXIS2_PLACEMENT_3D('',#8486,#6797,#6798);
#5802=AXIS2_PLACEMENT_3D('',#8487,#6799,#6800);
#5803=AXIS2_PLACEMENT_3D('',#8488,#6801,#6802);
#5804=AXIS2_PLACEMENT_3D('',#8492,#6804,#6805);
#5805=AXIS2_PLACEMENT_3D('',#8493,#6806,#6807);
#5806=AXIS2_PLACEMENT_3D('',#8494,#6808,#6809);
#5807=AXIS2_PLACEMENT_3D('',#8498,#6811,#6812);
#5808=AXIS2_PLACEMENT_3D('',#8499,#6813,#6814);
#5809=AXIS2_PLACEMENT_3D('',#8500,#6815,#6816);
#5810=AXIS2_PLACEMENT_3D('',#8504,#6818,#6819);
#5811=AXIS2_PLACEMENT_3D('',#8505,#6820,#6821);
#5812=AXIS2_PLACEMENT_3D('',#8511,#6825,#6826);
#5813=AXIS2_PLACEMENT_3D('',#8517,#6830,#6831);
#5814=AXIS2_PLACEMENT_3D('',#8523,#6835,#6836);
#5815=AXIS2_PLACEMENT_3D('',#8529,#6840,#6841);
#5816=AXIS2_PLACEMENT_3D('',#8535,#6845,#6846);
#5817=AXIS2_PLACEMENT_3D('',#8541,#6850,#6851);
#5818=AXIS2_PLACEMENT_3D('',#8547,#6855,#6856);
#5819=AXIS2_PLACEMENT_3D('',#8553,#6860,#6861);
#5820=AXIS2_PLACEMENT_3D('',#8559,#6865,#6866);
#5821=AXIS2_PLACEMENT_3D('',#8565,#6870,#6871);
#5822=AXIS2_PLACEMENT_3D('',#8566,#6872,#6873);
#5823=AXIS2_PLACEMENT_3D('',#8567,#6874,#6875);
#5824=AXIS2_PLACEMENT_3D('',#8568,#6876,#6877);
#5825=AXIS2_PLACEMENT_3D('',#8569,#6878,#6879);
#5826=AXIS2_PLACEMENT_3D('',#8570,#6880,#6881);
#5827=AXIS2_PLACEMENT_3D('',#8571,#6882,#6883);
#5828=AXIS2_PLACEMENT_3D('',#8572,#6884,#6885);
#5829=AXIS2_PLACEMENT_3D('',#8573,#6886,#6887);
#5830=AXIS2_PLACEMENT_3D('',#8574,#6888,#6889);
#5831=AXIS2_PLACEMENT_3D('',#8575,#6890,#6891);
#5832=AXIS2_PLACEMENT_3D('',#8576,#6892,#6893);
#5833=AXIS2_PLACEMENT_3D('',#8577,#6894,#6895);
#5834=AXIS2_PLACEMENT_3D('',#8578,#6896,#6897);
#5835=AXIS2_PLACEMENT_3D('',#8579,#6898,#6899);
#5836=AXIS2_PLACEMENT_3D('',#8580,#6900,#6901);
#5837=AXIS2_PLACEMENT_3D('',#8589,#6906,#6907);
#5838=AXIS2_PLACEMENT_3D('',#8598,#6912,#6913);
#5839=AXIS2_PLACEMENT_3D('',#8607,#6918,#6919);
#5840=AXIS2_PLACEMENT_3D('',#8616,#6924,#6925);
#5841=AXIS2_PLACEMENT_3D('',#8625,#6930,#6931);
#5842=AXIS2_PLACEMENT_3D('',#8634,#6936,#6937);
#5843=AXIS2_PLACEMENT_3D('',#8643,#6942,#6943);
#5844=AXIS2_PLACEMENT_3D('',#8652,#6948,#6949);
#5845=AXIS2_PLACEMENT_3D('',#8661,#6954,#6955);
#5846=AXIS2_PLACEMENT_3D('',#8670,#6960,#6961);
#5847=AXIS2_PLACEMENT_3D('',#8671,#6962,#6963);
#5848=AXIS2_PLACEMENT_3D('',#8672,#6964,#6965);
#5849=AXIS2_PLACEMENT_3D('',#8673,#6966,#6967);
#5850=AXIS2_PLACEMENT_3D('',#8674,#6968,#6969);
#5851=AXIS2_PLACEMENT_3D('',#8675,#6970,#6971);
#5852=AXIS2_PLACEMENT_3D('',#8676,#6972,#6973);
#5853=AXIS2_PLACEMENT_3D('',#8677,#6974,#6975);
#5854=AXIS2_PLACEMENT_3D('',#8678,#6976,#6977);
#5855=AXIS2_PLACEMENT_3D('',#8679,#6978,#6979);
#5856=AXIS2_PLACEMENT_3D('',#8680,#6980,#6981);
#5857=AXIS2_PLACEMENT_3D('',#8681,#6982,#6983);
#5858=AXIS2_PLACEMENT_3D('',#8682,#6984,#6985);
#5859=AXIS2_PLACEMENT_3D('',#8683,#6986,#6987);
#5860=AXIS2_PLACEMENT_3D('',#8684,#6988,#6989);
#5861=AXIS2_PLACEMENT_3D('',#8685,#6990,#6991);
#5862=AXIS2_PLACEMENT_3D('',#8686,#6992,#6993);
#5863=AXIS2_PLACEMENT_3D('',#8687,#6994,#6995);
#5864=AXIS2_PLACEMENT_3D('',#8688,#6996,#6997);
#5865=AXIS2_PLACEMENT_3D('',#8689,#6998,#6999);
#5866=AXIS2_PLACEMENT_3D('',#8690,#7000,#7001);
#5867=AXIS2_PLACEMENT_3D('',#8691,#7002,#7003);
#5868=AXIS2_PLACEMENT_3D('',#8692,#7004,#7005);
#5869=AXIS2_PLACEMENT_3D('',#8693,#7006,#7007);
#5870=AXIS2_PLACEMENT_3D('',#8694,#7008,#7009);
#5871=AXIS2_PLACEMENT_3D('',#8695,#7010,#7011);
#5872=AXIS2_PLACEMENT_3D('',#8696,#7012,#7013);
#5873=AXIS2_PLACEMENT_3D('',#8697,#7014,#7015);
#5874=AXIS2_PLACEMENT_3D('',#8698,#7016,#7017);
#5875=AXIS2_PLACEMENT_3D('',#8699,#7018,#7019);
#5876=AXIS2_PLACEMENT_3D('',#8700,#7020,#7021);
#5877=AXIS2_PLACEMENT_3D('',#8709,#7026,#7027);
#5878=AXIS2_PLACEMENT_3D('',#8718,#7032,#7033);
#5879=AXIS2_PLACEMENT_3D('',#8727,#7038,#7039);
#5880=AXIS2_PLACEMENT_3D('',#8736,#7044,#7045);
#5881=AXIS2_PLACEMENT_3D('',#8745,#7050,#7051);
#5882=AXIS2_PLACEMENT_3D('',#8754,#7056,#7057);
#5883=AXIS2_PLACEMENT_3D('',#8763,#7062,#7063);
#5884=AXIS2_PLACEMENT_3D('',#8772,#7068,#7069);
#5885=AXIS2_PLACEMENT_3D('',#8781,#7074,#7075);
#5886=AXIS2_PLACEMENT_3D('',#8790,#7080,#7081);
#5887=AXIS2_PLACEMENT_3D('',#8791,#7082,#7083);
#5888=AXIS2_PLACEMENT_3D('',#8792,#7084,#7085);
#5889=AXIS2_PLACEMENT_3D('',#8793,#7086,#7087);
#5890=AXIS2_PLACEMENT_3D('',#8794,#7088,#7089);
#5891=AXIS2_PLACEMENT_3D('',#8795,#7090,#7091);
#5892=AXIS2_PLACEMENT_3D('',#8796,#7092,#7093);
#5893=AXIS2_PLACEMENT_3D('',#8797,#7094,#7095);
#5894=AXIS2_PLACEMENT_3D('',#8798,#7096,#7097);
#5895=AXIS2_PLACEMENT_3D('',#8799,#7098,#7099);
#5896=AXIS2_PLACEMENT_3D('',#8800,#7100,#7101);
#5897=AXIS2_PLACEMENT_3D('',#8801,#7102,#7103);
#5898=AXIS2_PLACEMENT_3D('',#8802,#7104,#7105);
#5899=AXIS2_PLACEMENT_3D('',#8803,#7106,#7107);
#5900=AXIS2_PLACEMENT_3D('',#8804,#7108,#7109);
#5901=AXIS2_PLACEMENT_3D('',#8805,#7110,#7111);
#5902=AXIS2_PLACEMENT_3D('',#8806,#7112,#7113);
#5903=AXIS2_PLACEMENT_3D('',#8807,#7114,#7115);
#5904=AXIS2_PLACEMENT_3D('',#8808,#7116,#7117);
#5905=AXIS2_PLACEMENT_3D('',#8809,#7118,#7119);
#5906=AXIS2_PLACEMENT_3D('',#8810,#7120,#7121);
#5907=AXIS2_PLACEMENT_3D('',#8811,#7122,#7123);
#5908=AXIS2_PLACEMENT_3D('',#8812,#7124,#7125);
#5909=AXIS2_PLACEMENT_3D('',#8813,#7126,#7127);
#5910=AXIS2_PLACEMENT_3D('',#8814,#7128,#7129);
#5911=AXIS2_PLACEMENT_3D('',#8815,#7130,#7131);
#5912=AXIS2_PLACEMENT_3D('',#8816,#7132,#7133);
#5913=AXIS2_PLACEMENT_3D('',#8817,#7134,#7135);
#5914=AXIS2_PLACEMENT_3D('',#8818,#7136,#7137);
#5915=AXIS2_PLACEMENT_3D('',#8819,#7138,#7139);
#5916=AXIS2_PLACEMENT_3D('',#8820,#7140,#7141);
#5917=AXIS2_PLACEMENT_3D('',#8821,#7142,#7143);
#5918=AXIS2_PLACEMENT_3D('',#8822,#7144,#7145);
#5919=AXIS2_PLACEMENT_3D('',#8823,#7146,#7147);
#5920=AXIS2_PLACEMENT_3D('',#8824,#7148,#7149);
#5921=AXIS2_PLACEMENT_3D('',#8825,#7150,#7151);
#5922=AXIS2_PLACEMENT_3D('',#8826,#7152,#7153);
#5923=AXIS2_PLACEMENT_3D('',#8827,#7154,#7155);
#5924=AXIS2_PLACEMENT_3D('',#8828,#7156,#7157);
#5925=AXIS2_PLACEMENT_3D('',#8829,#7158,#7159);
#5926=AXIS2_PLACEMENT_3D('',#8830,#7160,#7161);
#5927=AXIS2_PLACEMENT_3D('',#8831,#7162,#7163);
#5928=AXIS2_PLACEMENT_3D('',#8832,#7164,#7165);
#5929=AXIS2_PLACEMENT_3D('',#8833,#7166,#7167);
#5930=AXIS2_PLACEMENT_3D('',#8834,#7168,#7169);
#5931=AXIS2_PLACEMENT_3D('',#8835,#7170,#7171);
#5932=AXIS2_PLACEMENT_3D('',#8836,#7172,#7173);
#5933=AXIS2_PLACEMENT_3D('',#8838,#7174,#7175);
#5934=AXIS2_PLACEMENT_3D('',#8841,#7177,#7178);
#5935=AXIS2_PLACEMENT_3D('',#8842,#7179,#7180);
#5936=AXIS2_PLACEMENT_3D('',#8846,#7182,#7183);
#5937=AXIS2_PLACEMENT_3D('',#8847,#7184,#7185);
#5938=AXIS2_PLACEMENT_3D('',#8848,#7186,#7187);
#5939=AXIS2_PLACEMENT_3D('',#8852,#7189,#7190);
#5940=AXIS2_PLACEMENT_3D('',#8853,#7191,#7192);
#5941=AXIS2_PLACEMENT_3D('',#8854,#7193,#7194);
#5942=AXIS2_PLACEMENT_3D('',#8858,#7196,#7197);
#5943=AXIS2_PLACEMENT_3D('',#8859,#7198,#7199);
#5944=AXIS2_PLACEMENT_3D('',#8860,#7200,#7201);
#5945=AXIS2_PLACEMENT_3D('',#8864,#7203,#7204);
#5946=AXIS2_PLACEMENT_3D('',#8865,#7205,#7206);
#5947=AXIS2_PLACEMENT_3D('',#8873,#7213,#7214);
#5948=AXIS2_PLACEMENT_3D('',#8905,#7233,#7234);
#5949=AXIS2_PLACEMENT_3D('',#8914,#7239,#7240);
#5950=AXIS2_PLACEMENT_3D('',#8923,#7245,#7246);
#5951=AXIS2_PLACEMENT_3D('',#8932,#7251,#7252);
#5952=AXIS2_PLACEMENT_3D('',#8941,#7257,#7258);
#5953=AXIS2_PLACEMENT_3D('',#8950,#7263,#7264);
#5954=AXIS2_PLACEMENT_3D('',#8959,#7269,#7270);
#5955=AXIS2_PLACEMENT_3D('',#8960,#7271,#7272);
#5956=AXIS2_PLACEMENT_3D('',#8962,#7274,#7275);
#5957=AXIS2_PLACEMENT_3D('',#8963,#7276,#7277);
#5958=AXIS2_PLACEMENT_3D('',#8971,#7281,#7282);
#5959=AXIS2_PLACEMENT_3D('',#8972,#7283,#7284);
#5960=AXIS2_PLACEMENT_3D('',#8980,#7288,#7289);
#5961=AXIS2_PLACEMENT_3D('',#8985,#7292,#7293);
#5962=AXIS2_PLACEMENT_3D('',#8993,#7297,#7298);
#5963=AXIS2_PLACEMENT_3D('',#9001,#7302,#7303);
#5964=AXIS2_PLACEMENT_3D('',#9007,#7306,#7307);
#5965=AXIS2_PLACEMENT_3D('',#9008,#7308,#7309);
#5966=AXIS2_PLACEMENT_3D('',#9016,#7313,#7314);
#5967=AXIS2_PLACEMENT_3D('',#9017,#7315,#7316);
#5968=AXIS2_PLACEMENT_3D('',#9025,#7320,#7321);
#5969=AXIS2_PLACEMENT_3D('',#9026,#7322,#7323);
#5970=AXIS2_PLACEMENT_3D('',#9027,#7324,#7325);
#5971=AXIS2_PLACEMENT_3D('',#9033,#7329,#7330);
#5972=AXIS2_PLACEMENT_3D('',#9039,#7334,#7335);
#5973=AXIS2_PLACEMENT_3D('',#9040,#7336,#7337);
#5974=AXIS2_PLACEMENT_3D('',#9041,#7338,#7339);
#5975=AXIS2_PLACEMENT_3D('',#9042,#7340,#7341);
#5976=AXIS2_PLACEMENT_3D('',#9043,#7342,#7343);
#5977=AXIS2_PLACEMENT_3D('',#9049,#7347,#7348);
#5978=AXIS2_PLACEMENT_3D('',#9055,#7352,#7353);
#5979=AXIS2_PLACEMENT_3D('',#9056,#7354,#7355);
#5980=AXIS2_PLACEMENT_3D('',#9057,#7356,#7357);
#5981=AXIS2_PLACEMENT_3D('',#9058,#7358,#7359);
#5982=AXIS2_PLACEMENT_3D('',#9059,#7360,#7361);
#5983=AXIS2_PLACEMENT_3D('',#9063,#7364,#7365);
#5984=AXIS2_PLACEMENT_3D('',#9067,#7368,#7369);
#5985=AXIS2_PLACEMENT_3D('',#9068,#7370,#7371);
#5986=AXIS2_PLACEMENT_3D('',#9071,#7373,#7374);
#5987=AXIS2_PLACEMENT_3D('',#9075,#7377,#7378);
#5988=AXIS2_PLACEMENT_3D('',#9079,#7381,#7382);
#5989=AXIS2_PLACEMENT_3D('',#9083,#7385,#7386);
#5990=AXIS2_PLACEMENT_3D('',#9084,#7387,#7388);
#5991=AXIS2_PLACEMENT_3D('',#9087,#7390,#7391);
#5992=AXIS2_PLACEMENT_3D('',#9091,#7394,#7395);
#5993=AXIS2_PLACEMENT_3D('',#9095,#7398,#7399);
#5994=AXIS2_PLACEMENT_3D('',#9099,#7402,#7403);
#5995=AXIS2_PLACEMENT_3D('',#9100,#7404,#7405);
#5996=AXIS2_PLACEMENT_3D('',#9103,#7407,#7408);
#5997=AXIS2_PLACEMENT_3D('',#9107,#7411,#7412);
#5998=AXIS2_PLACEMENT_3D('',#9111,#7415,#7416);
#5999=AXIS2_PLACEMENT_3D('',#9112,#7417,#7418);
#6000=AXIS2_PLACEMENT_3D('',#9113,#7419,#7420);
#6001=AXIS2_PLACEMENT_3D('',#9119,#7424,#7425);
#6002=AXIS2_PLACEMENT_3D('',#9125,#7429,#7430);
#6003=AXIS2_PLACEMENT_3D('',#9126,#7431,#7432);
#6004=AXIS2_PLACEMENT_3D('',#9127,#7433,#7434);
#6005=AXIS2_PLACEMENT_3D('',#9128,#7435,#7436);
#6006=AXIS2_PLACEMENT_3D('',#9129,#7437,#7438);
#6007=AXIS2_PLACEMENT_3D('',#9135,#7442,#7443);
#6008=AXIS2_PLACEMENT_3D('',#9188,#7495,#7496);
#6009=AXIS2_PLACEMENT_3D('',#9192,#7499,#7500);
#6010=AXIS2_PLACEMENT_3D('',#9193,#7501,#7502);
#6011=AXIS2_PLACEMENT_3D('',#9194,#7503,#7504);
#6012=AXIS2_PLACEMENT_3D('',#9195,#7505,#7506);
#6013=AXIS2_PLACEMENT_3D('',#9196,#7507,#7508);
#6014=AXIS2_PLACEMENT_3D('',#9197,#7509,#7510);
#6015=AXIS2_PLACEMENT_3D('',#9198,#7511,#7512);
#6016=AXIS2_PLACEMENT_3D('',#9199,#7513,#7514);
#6017=AXIS2_PLACEMENT_3D('',#9200,#7515,#7516);
#6018=AXIS2_PLACEMENT_3D('',#9201,#7517,#7518);
#6019=AXIS2_PLACEMENT_3D('',#9202,#7519,#7520);
#6020=AXIS2_PLACEMENT_3D('',#9203,#7521,#7522);
#6021=AXIS2_PLACEMENT_3D('',#9204,#7523,#7524);
#6022=AXIS2_PLACEMENT_3D('',#9205,#7525,#7526);
#6023=AXIS2_PLACEMENT_3D('',#9206,#7527,#7528);
#6024=AXIS2_PLACEMENT_3D('',#9207,#7529,#7530);
#6025=AXIS2_PLACEMENT_3D('',#9208,#7531,#7532);
#6026=AXIS2_PLACEMENT_3D('',#9209,#7533,#7534);
#6027=AXIS2_PLACEMENT_3D('',#9210,#7535,#7536);
#6028=AXIS2_PLACEMENT_3D('',#9211,#7537,#7538);
#6029=AXIS2_PLACEMENT_3D('',#9212,#7539,#7540);
#6030=AXIS2_PLACEMENT_3D('',#9213,#7541,#7542);
#6031=AXIS2_PLACEMENT_3D('',#9214,#7543,#7544);
#6032=AXIS2_PLACEMENT_3D('',#9215,#7545,#7546);
#6033=AXIS2_PLACEMENT_3D('',#9216,#7547,#7548);
#6034=AXIS2_PLACEMENT_3D('',#9217,#7549,#7550);
#6035=AXIS2_PLACEMENT_3D('',#9218,#7551,#7552);
#6036=AXIS2_PLACEMENT_3D('',#9219,#7553,#7554);
#6037=AXIS2_PLACEMENT_3D('',#9220,#7555,#7556);
#6038=AXIS2_PLACEMENT_3D('',#9221,#7557,#7558);
#6039=AXIS2_PLACEMENT_3D('',#9222,#7559,#7560);
#6040=AXIS2_PLACEMENT_3D('',#9223,#7561,#7562);
#6041=AXIS2_PLACEMENT_3D('',#9224,#7563,#7564);
#6042=AXIS2_PLACEMENT_3D('',#9225,#7565,#7566);
#6043=AXIS2_PLACEMENT_3D('',#9226,#7567,#7568);
#6044=AXIS2_PLACEMENT_3D('',#9227,#7569,#7570);
#6045=AXIS2_PLACEMENT_3D('',#9228,#7571,#7572);
#6046=AXIS2_PLACEMENT_3D('',#9229,#7573,#7574);
#6047=AXIS2_PLACEMENT_3D('',#9230,#7575,#7576);
#6048=AXIS2_PLACEMENT_3D('',#9231,#7577,#7578);
#6049=AXIS2_PLACEMENT_3D('',#9232,#7579,#7580);
#6050=AXIS2_PLACEMENT_3D('',#9233,#7581,#7582);
#6051=AXIS2_PLACEMENT_3D('',#9234,#7583,#7584);
#6052=AXIS2_PLACEMENT_3D('',#9235,#7585,#7586);
#6053=AXIS2_PLACEMENT_3D('',#9236,#7587,#7588);
#6054=AXIS2_PLACEMENT_3D('',#9237,#7589,#7590);
#6055=AXIS2_PLACEMENT_3D('',#9238,#7591,#7592);
#6056=AXIS2_PLACEMENT_3D('',#9239,#7593,#7594);
#6057=AXIS2_PLACEMENT_3D('',#9240,#7595,#7596);
#6058=AXIS2_PLACEMENT_3D('',#9241,#7597,#7598);
#6059=AXIS2_PLACEMENT_3D('',#9242,#7599,#7600);
#6060=AXIS2_PLACEMENT_3D('',#9243,#7601,#7602);
#6061=AXIS2_PLACEMENT_3D('',#9244,#7603,#7604);
#6062=AXIS2_PLACEMENT_3D('',#9245,#7605,#7606);
#6063=AXIS2_PLACEMENT_3D('',#9246,#7607,#7608);
#6064=AXIS2_PLACEMENT_3D('',#9247,#7609,#7610);
#6065=AXIS2_PLACEMENT_3D('',#9248,#7611,#7612);
#6066=AXIS2_PLACEMENT_3D('',#9249,#7613,#7614);
#6067=DIRECTION('',(0.,0.,1.));
#6068=DIRECTION('',(1.,0.,0.));
#6069=DIRECTION('',(0.,0.,1.));
#6070=DIRECTION('',(1.,0.,0.));
#6071=DIRECTION('',(0.,-1.,0.));
#6072=DIRECTION('',(1.,0.,0.));
#6073=DIRECTION('',(0.,-1.,0.));
#6074=DIRECTION('',(-1.,0.,0.));
#6075=DIRECTION('',(0.,0.,1.));
#6076=DIRECTION('',(1.,0.,0.));
#6077=DIRECTION('',(1.,0.,0.));
#6078=DIRECTION('',(0.,-1.,0.));
#6079=DIRECTION('',(1.,0.,0.));
#6080=DIRECTION('',(0.,-1.,0.));
#6081=DIRECTION('',(0.,0.,1.));
#6082=DIRECTION('',(1.,0.,0.));
#6083=DIRECTION('',(1.,0.,0.));
#6084=DIRECTION('',(0.,-1.,0.));
#6085=DIRECTION('',(1.,0.,0.));
#6086=DIRECTION('',(0.,-1.,0.));
#6087=DIRECTION('',(0.,0.,1.));
#6088=DIRECTION('',(1.,0.,0.));
#6089=DIRECTION('',(1.,0.,0.));
#6090=DIRECTION('',(0.,-1.,0.));
#6091=DIRECTION('',(1.,0.,0.));
#6092=DIRECTION('',(0.,-1.,0.));
#6093=DIRECTION('',(0.,0.,1.));
#6094=DIRECTION('',(1.,0.,0.));
#6095=DIRECTION('',(1.,0.,0.));
#6096=DIRECTION('',(0.,-1.,0.));
#6097=DIRECTION('',(1.,0.,0.));
#6098=DIRECTION('',(0.,-1.,0.));
#6099=DIRECTION('',(0.,0.,1.));
#6100=DIRECTION('',(1.,0.,0.));
#6101=DIRECTION('',(0.,-1.,0.));
#6102=DIRECTION('',(1.,0.,0.));
#6103=DIRECTION('',(0.,-1.,0.));
#6104=DIRECTION('',(-1.,0.,0.));
#6105=DIRECTION('',(0.,0.,1.));
#6106=DIRECTION('',(1.,0.,0.));
#6107=DIRECTION('',(1.,0.,0.));
#6108=DIRECTION('',(0.,-1.,0.));
#6109=DIRECTION('',(1.,0.,0.));
#6110=DIRECTION('',(0.,-1.,0.));
#6111=DIRECTION('',(0.,0.,1.));
#6112=DIRECTION('',(1.,0.,0.));
#6113=DIRECTION('',(1.,0.,0.));
#6114=DIRECTION('',(0.,-1.,0.));
#6115=DIRECTION('',(1.,0.,0.));
#6116=DIRECTION('',(0.,-1.,0.));
#6117=DIRECTION('',(0.,0.,1.));
#6118=DIRECTION('',(1.,0.,0.));
#6119=DIRECTION('',(1.,0.,0.));
#6120=DIRECTION('',(0.,-1.,0.));
#6121=DIRECTION('',(1.,0.,0.));
#6122=DIRECTION('',(0.,-1.,0.));
#6123=DIRECTION('',(0.,0.,1.));
#6124=DIRECTION('',(1.,0.,0.));
#6125=DIRECTION('',(1.,0.,0.));
#6126=DIRECTION('',(0.,-1.,0.));
#6127=DIRECTION('',(1.,0.,0.));
#6128=DIRECTION('',(0.,-1.,0.));
#6129=DIRECTION('',(0.,0.,1.));
#6130=DIRECTION('',(1.,0.,0.));
#6131=DIRECTION('',(0.,-1.,0.));
#6132=DIRECTION('',(1.,0.,0.));
#6133=DIRECTION('',(0.,-1.,0.));
#6134=DIRECTION('',(-1.,0.,0.));
#6135=DIRECTION('',(0.,0.,1.));
#6136=DIRECTION('',(1.,0.,0.));
#6137=DIRECTION('',(1.,0.,0.));
#6138=DIRECTION('',(0.,-1.,0.));
#6139=DIRECTION('',(1.,0.,0.));
#6140=DIRECTION('',(0.,-1.,0.));
#6141=DIRECTION('',(0.,0.,1.));
#6142=DIRECTION('',(1.,0.,0.));
#6143=DIRECTION('',(1.,0.,0.));
#6144=DIRECTION('',(0.,-1.,0.));
#6145=DIRECTION('',(1.,0.,0.));
#6146=DIRECTION('',(0.,-1.,0.));
#6147=DIRECTION('',(0.,0.,1.));
#6148=DIRECTION('',(1.,0.,0.));
#6149=DIRECTION('',(1.,0.,0.));
#6150=DIRECTION('',(0.,-1.,0.));
#6151=DIRECTION('',(1.,0.,0.));
#6152=DIRECTION('',(0.,-1.,0.));
#6153=DIRECTION('',(0.,0.,1.));
#6154=DIRECTION('',(1.,0.,0.));
#6155=DIRECTION('',(1.,0.,0.));
#6156=DIRECTION('',(0.,-1.,0.));
#6157=DIRECTION('',(1.,0.,0.));
#6158=DIRECTION('',(0.,-1.,0.));
#6159=DIRECTION('',(0.,0.,1.));
#6160=DIRECTION('',(1.,0.,0.));
#6161=DIRECTION('',(0.,-1.,0.));
#6162=DIRECTION('',(1.,0.,0.));
#6163=DIRECTION('',(0.,-1.,0.));
#6164=DIRECTION('',(-1.,0.,0.));
#6165=DIRECTION('',(0.,0.,1.));
#6166=DIRECTION('',(1.,0.,0.));
#6167=DIRECTION('',(1.,0.,0.));
#6168=DIRECTION('',(0.,-1.,0.));
#6169=DIRECTION('',(1.,0.,0.));
#6170=DIRECTION('',(0.,-1.,0.));
#6171=DIRECTION('',(0.,0.,1.));
#6172=DIRECTION('',(1.,0.,0.));
#6173=DIRECTION('',(1.,0.,0.));
#6174=DIRECTION('',(0.,-1.,0.));
#6175=DIRECTION('',(1.,0.,0.));
#6176=DIRECTION('',(0.,-1.,0.));
#6177=DIRECTION('',(0.,0.,1.));
#6178=DIRECTION('',(1.,0.,0.));
#6179=DIRECTION('',(1.,0.,0.));
#6180=DIRECTION('',(0.,-1.,0.));
#6181=DIRECTION('',(1.,0.,0.));
#6182=DIRECTION('',(0.,-1.,0.));
#6183=DIRECTION('',(0.,0.,1.));
#6184=DIRECTION('',(1.,0.,0.));
#6185=DIRECTION('',(1.,0.,0.));
#6186=DIRECTION('',(0.,-1.,0.));
#6187=DIRECTION('',(1.,0.,0.));
#6188=DIRECTION('',(0.,-1.,0.));
#6189=DIRECTION('',(0.,0.,1.));
#6190=DIRECTION('',(1.,0.,0.));
#6191=DIRECTION('',(0.,-1.,0.));
#6192=DIRECTION('',(1.,0.,0.));
#6193=DIRECTION('',(0.,-1.,0.));
#6194=DIRECTION('',(-1.,0.,0.));
#6195=DIRECTION('',(0.,0.,1.));
#6196=DIRECTION('',(1.,0.,0.));
#6197=DIRECTION('',(1.,0.,0.));
#6198=DIRECTION('',(0.,-1.,0.));
#6199=DIRECTION('',(1.,0.,0.));
#6200=DIRECTION('',(0.,-1.,0.));
#6201=DIRECTION('',(0.,0.,1.));
#6202=DIRECTION('',(1.,0.,0.));
#6203=DIRECTION('',(1.,0.,0.));
#6204=DIRECTION('',(0.,-1.,0.));
#6205=DIRECTION('',(1.,0.,0.));
#6206=DIRECTION('',(0.,-1.,0.));
#6207=DIRECTION('',(0.,0.,1.));
#6208=DIRECTION('',(1.,0.,0.));
#6209=DIRECTION('',(1.,0.,0.));
#6210=DIRECTION('',(0.,-1.,0.));
#6211=DIRECTION('',(1.,0.,0.));
#6212=DIRECTION('',(0.,-1.,0.));
#6213=DIRECTION('',(0.,0.,1.));
#6214=DIRECTION('',(1.,0.,0.));
#6215=DIRECTION('',(1.,0.,0.));
#6216=DIRECTION('',(0.,-1.,0.));
#6217=DIRECTION('',(1.,0.,0.));
#6218=DIRECTION('',(0.,-1.,0.));
#6219=DIRECTION('',(0.,0.,1.));
#6220=DIRECTION('',(1.,0.,0.));
#6221=DIRECTION('',(0.,-1.,0.));
#6222=DIRECTION('',(1.,0.,0.));
#6223=DIRECTION('',(0.,-1.,0.));
#6224=DIRECTION('',(-1.,0.,0.));
#6225=DIRECTION('',(0.,0.,1.));
#6226=DIRECTION('',(1.,0.,0.));
#6227=DIRECTION('',(1.,0.,0.));
#6228=DIRECTION('',(0.,-1.,0.));
#6229=DIRECTION('',(1.,0.,0.));
#6230=DIRECTION('',(0.,-1.,0.));
#6231=DIRECTION('',(0.,0.,1.));
#6232=DIRECTION('',(1.,0.,0.));
#6233=DIRECTION('',(1.,0.,0.));
#6234=DIRECTION('',(0.,-1.,0.));
#6235=DIRECTION('',(1.,0.,0.));
#6236=DIRECTION('',(0.,-1.,0.));
#6237=DIRECTION('',(0.,0.,1.));
#6238=DIRECTION('',(1.,0.,0.));
#6239=DIRECTION('',(1.,0.,0.));
#6240=DIRECTION('',(0.,-1.,0.));
#6241=DIRECTION('',(1.,0.,0.));
#6242=DIRECTION('',(0.,-1.,0.));
#6243=DIRECTION('',(0.,0.,1.));
#6244=DIRECTION('',(1.,0.,0.));
#6245=DIRECTION('',(1.,0.,0.));
#6246=DIRECTION('',(0.,-1.,0.));
#6247=DIRECTION('',(1.,0.,0.));
#6248=DIRECTION('',(0.,-1.,0.));
#6249=DIRECTION('',(-1.,0.,0.));
#6250=DIRECTION('',(0.,0.,1.));
#6251=DIRECTION('',(0.,0.,1.));
#6252=DIRECTION('',(0.,1.,0.));
#6253=DIRECTION('',(0.,7.89986868847699E-17,-1.));
#6254=DIRECTION('',(0.,-1.,0.));
#6255=DIRECTION('',(0.,-8.75141754049898E-16,1.));
#6256=DIRECTION('',(0.,1.,0.));
#6257=DIRECTION('',(0.,7.89986868847699E-17,-1.));
#6258=DIRECTION('',(0.,-1.,0.));
#6259=DIRECTION('',(0.,0.,1.));
#6260=DIRECTION('',(0.,1.,0.));
#6261=DIRECTION('',(0.,0.,-1.));
#6262=DIRECTION('',(0.,-1.,0.));
#6263=DIRECTION('',(0.,0.,1.));
#6264=DIRECTION('',(0.,1.,0.));
#6265=DIRECTION('',(0.,0.,-1.));
#6266=DIRECTION('',(0.,-1.,0.));
#6267=DIRECTION('',(0.,-3.50056701619959E-15,1.));
#6268=DIRECTION('',(0.,1.,0.));
#6269=DIRECTION('',(0.,0.,-1.));
#6270=DIRECTION('',(0.,-1.,0.));
#6271=DIRECTION('',(0.,0.,-1.));
#6272=DIRECTION('',(0.,1.,0.));
#6273=DIRECTION('',(0.,0.,-1.));
#6274=DIRECTION('',(0.,-1.,0.));
#6275=DIRECTION('',(-1.,0.,7.82721183090866E-17));
#6276=DIRECTION('',(7.82721183090866E-17,0.,1.));
#6277=DIRECTION('',(-7.82721183090866E-17,0.,-1.));
#6278=DIRECTION('',(0.,-1.,0.));
#6279=DIRECTION('',(-7.82721183090866E-17,0.,-1.));
#6280=DIRECTION('',(0.,-1.,0.));
#6281=DIRECTION('',(-1.,0.,7.82721183090866E-17));
#6282=DIRECTION('',(7.82721183090866E-17,0.,1.));
#6283=DIRECTION('',(7.82721183090866E-17,-7.89986868847699E-17,1.));
#6284=DIRECTION('',(0.,-1.,0.));
#6285=DIRECTION('',(-7.82721183090866E-17,8.75141754049898E-16,-1.));
#6286=DIRECTION('',(0.,-1.,0.));
#6287=DIRECTION('',(-1.,0.,7.82721183090866E-17));
#6288=DIRECTION('',(7.82721183090866E-17,0.,1.));
#6289=DIRECTION('',(7.82721183090866E-17,-7.89986868847699E-17,1.));
#6290=DIRECTION('',(0.,-1.,0.));
#6291=DIRECTION('',(-7.82721183090866E-17,0.,-1.));
#6292=DIRECTION('',(0.,-1.,0.));
#6293=DIRECTION('',(-1.,0.,7.82721183090866E-17));
#6294=DIRECTION('',(7.82721183090866E-17,0.,1.));
#6295=DIRECTION('',(7.82721183090866E-17,0.,1.));
#6296=DIRECTION('',(0.,-1.,0.));
#6297=DIRECTION('',(-7.82721183090866E-17,3.50056701619959E-15,-1.));
#6298=DIRECTION('',(0.,-1.,0.));
#6299=DIRECTION('',(-1.,0.,7.82721183090866E-17));
#6300=DIRECTION('',(7.82721183090866E-17,0.,1.));
#6301=DIRECTION('',(7.82721183090866E-17,0.,1.));
#6302=DIRECTION('',(0.,-1.,0.));
#6303=DIRECTION('',(-7.82721183090866E-17,0.,-1.));
#6304=DIRECTION('',(0.,-1.,0.));
#6305=DIRECTION('',(1.,0.,-1.56277438676217E-16));
#6306=DIRECTION('',(-1.56277438676217E-16,0.,-1.));
#6307=DIRECTION('',(1.56277438676217E-16,0.,1.));
#6308=DIRECTION('',(0.,-1.,0.));
#6309=DIRECTION('',(1.56277438676217E-16,0.,1.));
#6310=DIRECTION('',(0.,-1.,0.));
#6311=DIRECTION('',(1.,0.,-1.56277438676217E-16));
#6312=DIRECTION('',(-1.56277438676217E-16,0.,-1.));
#6313=DIRECTION('',(-1.56277438676217E-16,7.89986868847699E-17,-1.));
#6314=DIRECTION('',(0.,-1.,0.));
#6315=DIRECTION('',(1.56277438676217E-16,-8.75141754049898E-16,1.));
#6316=DIRECTION('',(0.,-1.,0.));
#6317=DIRECTION('',(1.,0.,-1.56277438676217E-16));
#6318=DIRECTION('',(-1.56277438676217E-16,0.,-1.));
#6319=DIRECTION('',(-1.56277438676217E-16,7.89986868847699E-17,-1.));
#6320=DIRECTION('',(0.,-1.,0.));
#6321=DIRECTION('',(1.56277438676217E-16,0.,1.));
#6322=DIRECTION('',(0.,-1.,0.));
#6323=DIRECTION('',(1.,0.,-1.56277438676217E-16));
#6324=DIRECTION('',(-1.56277438676217E-16,0.,-1.));
#6325=DIRECTION('',(-1.56277438676217E-16,0.,-1.));
#6326=DIRECTION('',(0.,-1.,0.));
#6327=DIRECTION('',(1.56277438676217E-16,-3.50056701619959E-15,1.));
#6328=DIRECTION('',(0.,-1.,0.));
#6329=DIRECTION('',(1.,0.,-1.56277438676217E-16));
#6330=DIRECTION('',(-1.56277438676217E-16,0.,-1.));
#6331=DIRECTION('',(-1.56277438676217E-16,0.,-1.));
#6332=DIRECTION('',(0.,-1.,0.));
#6333=DIRECTION('',(1.56277438676217E-16,0.,1.));
#6334=DIRECTION('',(0.,-1.,0.));
#6335=DIRECTION('',(0.,-1.,0.));
#6336=DIRECTION('',(0.,0.,-1.));
#6337=DIRECTION('',(0.,1.,0.));
#6338=DIRECTION('',(0.,0.,1.));
#6339=DIRECTION('',(0.,-1.,0.));
#6340=DIRECTION('',(0.,0.,-1.));
#6341=DIRECTION('',(0.,-1.,0.));
#6342=DIRECTION('',(0.,0.,-1.));
#6343=DIRECTION('',(0.,-1.,-7.89986868847699E-17));
#6344=DIRECTION('',(0.,7.89986868847699E-17,-1.));
#6345=DIRECTION('',(0.,1.,8.75141754049898E-16));
#6346=DIRECTION('',(0.,-8.75141754049898E-16,1.));
#6347=DIRECTION('',(0.,-1.,0.));
#6348=DIRECTION('',(0.,0.,-1.));
#6349=DIRECTION('',(0.,-1.,-7.89986868847699E-17));
#6350=DIRECTION('',(0.,7.89986868847699E-17,-1.));
#6351=DIRECTION('',(0.,1.,0.));
#6352=DIRECTION('',(0.,0.,1.));
#6353=DIRECTION('',(0.,-1.,0.));
#6354=DIRECTION('',(0.,0.,-1.));
#6355=DIRECTION('',(0.,-1.,0.));
#6356=DIRECTION('',(0.,0.,-1.));
#6357=DIRECTION('',(0.,1.,3.50056701619959E-15));
#6358=DIRECTION('',(0.,-3.50056701619959E-15,1.));
#6359=DIRECTION('',(0.,-1.,0.));
#6360=DIRECTION('',(0.,0.,-1.));
#6361=DIRECTION('',(0.,-1.,0.));
#6362=DIRECTION('',(0.,0.,-1.));
#6363=DIRECTION('',(0.,1.,0.));
#6364=DIRECTION('',(0.,0.,1.));
#6365=DIRECTION('',(0.,-1.,0.));
#6366=DIRECTION('',(0.,0.,-1.));
#6367=DIRECTION('',(0.,1.,0.));
#6368=DIRECTION('',(0.,0.,1.));
#6369=DIRECTION('',(0.,-1.,0.));
#6370=DIRECTION('',(0.,0.,-1.));
#6371=DIRECTION('',(0.,-1.,0.));
#6372=DIRECTION('',(0.,0.,-1.));
#6373=DIRECTION('',(0.,-1.,-7.89986868847699E-17));
#6374=DIRECTION('',(0.,7.89986868847699E-17,-1.));
#6375=DIRECTION('',(0.,1.,8.75141754049898E-16));
#6376=DIRECTION('',(0.,-8.75141754049898E-16,1.));
#6377=DIRECTION('',(0.,-1.,0.));
#6378=DIRECTION('',(0.,0.,-1.));
#6379=DIRECTION('',(0.,-1.,-7.89986868847699E-17));
#6380=DIRECTION('',(0.,7.89986868847699E-17,-1.));
#6381=DIRECTION('',(0.,1.,0.));
#6382=DIRECTION('',(0.,0.,1.));
#6383=DIRECTION('',(0.,-1.,0.));
#6384=DIRECTION('',(0.,0.,-1.));
#6385=DIRECTION('',(0.,-1.,0.));
#6386=DIRECTION('',(0.,0.,-1.));
#6387=DIRECTION('',(0.,1.,3.50056701619959E-15));
#6388=DIRECTION('',(0.,-3.50056701619959E-15,1.));
#6389=DIRECTION('',(0.,-1.,0.));
#6390=DIRECTION('',(0.,0.,-1.));
#6391=DIRECTION('',(0.,-1.,0.));
#6392=DIRECTION('',(0.,0.,-1.));
#6393=DIRECTION('',(0.,1.,0.));
#6394=DIRECTION('',(0.,0.,1.));
#6395=DIRECTION('',(-1.,0.,0.));
#6396=DIRECTION('',(0.,0.,1.));
#6397=DIRECTION('',(0.,0.,-1.));
#6398=DIRECTION('',(0.,-1.,0.));
#6399=DIRECTION('',(0.,0.,-1.));
#6400=DIRECTION('',(0.,-1.,0.));
#6401=DIRECTION('',(-1.,0.,0.));
#6402=DIRECTION('',(0.,0.,1.));
#6403=DIRECTION('',(0.,-7.89986868847699E-17,1.));
#6404=DIRECTION('',(0.,-1.,0.));
#6405=DIRECTION('',(0.,8.75141754049898E-16,-1.));
#6406=DIRECTION('',(0.,-1.,0.));
#6407=DIRECTION('',(-1.,0.,0.));
#6408=DIRECTION('',(0.,0.,1.));
#6409=DIRECTION('',(0.,-7.89986868847699E-17,1.));
#6410=DIRECTION('',(0.,-1.,0.));
#6411=DIRECTION('',(0.,0.,-1.));
#6412=DIRECTION('',(0.,-1.,0.));
#6413=DIRECTION('',(-1.,0.,0.));
#6414=DIRECTION('',(0.,0.,1.));
#6415=DIRECTION('',(0.,0.,1.));
#6416=DIRECTION('',(0.,-1.,0.));
#6417=DIRECTION('',(0.,3.50056701619959E-15,-1.));
#6418=DIRECTION('',(0.,-1.,0.));
#6419=DIRECTION('',(-1.,0.,0.));
#6420=DIRECTION('',(0.,0.,1.));
#6421=DIRECTION('',(0.,0.,1.));
#6422=DIRECTION('',(0.,-1.,0.));
#6423=DIRECTION('',(0.,0.,-1.));
#6424=DIRECTION('',(0.,-1.,0.));
#6425=DIRECTION('',(1.,0.,-1.5816626638984E-16));
#6426=DIRECTION('',(-1.5816626638984E-16,0.,-1.));
#6427=DIRECTION('',(1.5816626638984E-16,0.,1.));
#6428=DIRECTION('',(0.,-1.,0.));
#6429=DIRECTION('',(1.5816626638984E-16,0.,1.));
#6430=DIRECTION('',(0.,-1.,0.));
#6431=DIRECTION('',(1.,0.,-1.5816626638984E-16));
#6432=DIRECTION('',(-1.5816626638984E-16,0.,-1.));
#6433=DIRECTION('',(-1.5816626638984E-16,7.89986868847699E-17,-1.));
#6434=DIRECTION('',(0.,-1.,0.));
#6435=DIRECTION('',(1.5816626638984E-16,-8.75141754049898E-16,1.));
#6436=DIRECTION('',(0.,-1.,0.));
#6437=DIRECTION('',(1.,0.,-1.5816626638984E-16));
#6438=DIRECTION('',(-1.5816626638984E-16,0.,-1.));
#6439=DIRECTION('',(-1.5816626638984E-16,7.89986868847699E-17,-1.));
#6440=DIRECTION('',(0.,-1.,0.));
#6441=DIRECTION('',(1.5816626638984E-16,0.,1.));
#6442=DIRECTION('',(0.,-1.,0.));
#6443=DIRECTION('',(1.,0.,-1.5816626638984E-16));
#6444=DIRECTION('',(-1.5816626638984E-16,0.,-1.));
#6445=DIRECTION('',(-1.5816626638984E-16,0.,-1.));
#6446=DIRECTION('',(0.,-1.,0.));
#6447=DIRECTION('',(1.5816626638984E-16,-3.50056701619959E-15,1.));
#6448=DIRECTION('',(0.,-1.,0.));
#6449=DIRECTION('',(1.,0.,-1.5816626638984E-16));
#6450=DIRECTION('',(-1.5816626638984E-16,0.,-1.));
#6451=DIRECTION('',(-1.5816626638984E-16,0.,-1.));
#6452=DIRECTION('',(0.,-1.,0.));
#6453=DIRECTION('',(1.5816626638984E-16,0.,1.));
#6454=DIRECTION('',(0.,-1.,0.));
#6455=DIRECTION('',(0.,-1.,0.));
#6456=DIRECTION('',(0.,0.,-1.));
#6457=DIRECTION('',(0.,1.,0.));
#6458=DIRECTION('',(0.,0.,1.));
#6459=DIRECTION('',(0.,-1.,0.));
#6460=DIRECTION('',(0.,0.,-1.));
#6461=DIRECTION('',(0.,-1.,0.));
#6462=DIRECTION('',(0.,0.,-1.));
#6463=DIRECTION('',(0.,-1.,-7.89986868847699E-17));
#6464=DIRECTION('',(0.,7.89986868847699E-17,-1.));
#6465=DIRECTION('',(0.,1.,8.75141754049898E-16));
#6466=DIRECTION('',(0.,-8.75141754049898E-16,1.));
#6467=DIRECTION('',(0.,-1.,0.));
#6468=DIRECTION('',(0.,0.,-1.));
#6469=DIRECTION('',(0.,-1.,-7.89986868847699E-17));
#6470=DIRECTION('',(0.,7.89986868847699E-17,-1.));
#6471=DIRECTION('',(0.,1.,0.));
#6472=DIRECTION('',(0.,0.,1.));
#6473=DIRECTION('',(0.,-1.,0.));
#6474=DIRECTION('',(0.,0.,-1.));
#6475=DIRECTION('',(0.,-1.,0.));
#6476=DIRECTION('',(0.,0.,-1.));
#6477=DIRECTION('',(0.,1.,3.50056701619959E-15));
#6478=DIRECTION('',(0.,-3.50056701619959E-15,1.));
#6479=DIRECTION('',(0.,-1.,0.));
#6480=DIRECTION('',(0.,0.,-1.));
#6481=DIRECTION('',(0.,-1.,0.));
#6482=DIRECTION('',(0.,0.,-1.));
#6483=DIRECTION('',(0.,1.,0.));
#6484=DIRECTION('',(0.,0.,1.));
#6485=DIRECTION('',(0.,-1.,0.));
#6486=DIRECTION('',(0.,0.,-1.));
#6487=DIRECTION('',(0.,1.,0.));
#6488=DIRECTION('',(0.,0.,1.));
#6489=DIRECTION('',(0.,-1.,0.));
#6490=DIRECTION('',(0.,0.,-1.));
#6491=DIRECTION('',(0.,-1.,0.));
#6492=DIRECTION('',(0.,0.,-1.));
#6493=DIRECTION('',(0.,-1.,-7.89986868847699E-17));
#6494=DIRECTION('',(0.,7.89986868847699E-17,-1.));
#6495=DIRECTION('',(0.,1.,8.75141754049898E-16));
#6496=DIRECTION('',(0.,-8.75141754049898E-16,1.));
#6497=DIRECTION('',(0.,-1.,0.));
#6498=DIRECTION('',(0.,0.,-1.));
#6499=DIRECTION('',(0.,-1.,-7.89986868847699E-17));
#6500=DIRECTION('',(0.,7.89986868847699E-17,-1.));
#6501=DIRECTION('',(0.,1.,0.));
#6502=DIRECTION('',(0.,0.,1.));
#6503=DIRECTION('',(0.,-1.,0.));
#6504=DIRECTION('',(0.,0.,-1.));
#6505=DIRECTION('',(0.,-1.,0.));
#6506=DIRECTION('',(0.,0.,-1.));
#6507=DIRECTION('',(0.,1.,3.50056701619959E-15));
#6508=DIRECTION('',(0.,-3.50056701619959E-15,1.));
#6509=DIRECTION('',(0.,-1.,0.));
#6510=DIRECTION('',(0.,0.,-1.));
#6511=DIRECTION('',(0.,-1.,0.));
#6512=DIRECTION('',(0.,0.,-1.));
#6513=DIRECTION('',(0.,1.,0.));
#6514=DIRECTION('',(0.,0.,1.));
#6515=DIRECTION('',(-1.,0.,0.));
#6516=DIRECTION('',(0.,0.,1.));
#6517=DIRECTION('',(0.,0.,-1.));
#6518=DIRECTION('',(0.,0.,-1.));
#6519=DIRECTION('',(0.,-1.,0.));
#6520=DIRECTION('',(-1.,0.,0.));
#6521=DIRECTION('',(0.,0.,1.));
#6522=DIRECTION('',(0.,-7.89986868847699E-17,1.));
#6523=DIRECTION('',(0.,-1.,0.));
#6524=DIRECTION('',(0.,8.75141754049898E-16,-1.));
#6525=DIRECTION('',(-1.,0.,0.));
#6526=DIRECTION('',(0.,0.,1.));
#6527=DIRECTION('',(0.,-7.89986868847699E-17,1.));
#6528=DIRECTION('',(0.,-1.,0.));
#6529=DIRECTION('',(0.,0.,-1.));
#6530=DIRECTION('',(-1.,0.,0.));
#6531=DIRECTION('',(0.,0.,1.));
#6532=DIRECTION('',(0.,0.,1.));
#6533=DIRECTION('',(0.,-1.,0.));
#6534=DIRECTION('',(0.,3.50056701619959E-15,-1.));
#6535=DIRECTION('',(-1.,0.,0.));
#6536=DIRECTION('',(0.,0.,1.));
#6537=DIRECTION('',(0.,0.,1.));
#6538=DIRECTION('',(0.,-1.,0.));
#6539=DIRECTION('',(0.,0.,-1.));
#6540=DIRECTION('',(-0.723895702037048,0.,0.689909423455202));
#6541=DIRECTION('',(0.689909423455202,0.,0.723895702037048));
#6542=DIRECTION('',(-0.689909423455202,0.,-0.723895702037048));
#6543=DIRECTION('',(-0.689909423455202,0.,-0.723895702037048));
#6544=DIRECTION('',(0.,-1.,0.));
#6545=DIRECTION('',(-0.723895702037048,0.,0.689909423455202));
#6546=DIRECTION('',(0.689909423455202,0.,0.723895702037048));
#6547=DIRECTION('',(0.689909423455202,-5.71868099024555E-17,0.723895702037048));
#6548=DIRECTION('',(0.,-1.,0.));
#6549=DIRECTION('',(-0.689909423455202,6.33511354429884E-16,-0.723895702037048));
#6550=DIRECTION('',(-0.723895702037048,0.,0.689909423455202));
#6551=DIRECTION('',(0.689909423455202,0.,0.723895702037048));
#6552=DIRECTION('',(0.689909423455202,-5.71868099024555E-17,0.723895702037048));
#6553=DIRECTION('',(0.,-1.,0.));
#6554=DIRECTION('',(-0.689909423455202,0.,-0.723895702037048));
#6555=DIRECTION('',(-0.723895702037048,0.,0.689909423455202));
#6556=DIRECTION('',(0.689909423455202,0.,0.723895702037048));
#6557=DIRECTION('',(0.689909423455202,0.,0.723895702037048));
#6558=DIRECTION('',(0.,-1.,0.));
#6559=DIRECTION('',(-0.689909423455202,2.53404541771954E-15,-0.723895702037048));
#6560=DIRECTION('',(-0.723895702037048,0.,0.689909423455202));
#6561=DIRECTION('',(0.689909423455202,0.,0.723895702037048));
#6562=DIRECTION('',(0.689909423455202,0.,0.723895702037048));
#6563=DIRECTION('',(0.,-1.,0.));
#6564=DIRECTION('',(-0.689909423455202,0.,-0.723895702037048));
#6565=DIRECTION('',(0.,-1.,0.));
#6566=DIRECTION('',(0.,0.,-1.));
#6567=DIRECTION('',(0.,1.,0.));
#6568=DIRECTION('',(0.,0.,1.));
#6569=DIRECTION('',(0.,-1.,0.));
#6570=DIRECTION('',(0.,0.,-1.));
#6571=DIRECTION('',(0.,-1.,0.));
#6572=DIRECTION('',(0.,-1.,0.));
#6573=DIRECTION('',(0.,0.,-1.));
#6574=DIRECTION('',(0.,-1.,-7.89986868847699E-17));
#6575=DIRECTION('',(0.,7.89986868847699E-17,-1.));
#6576=DIRECTION('',(0.,-1.,0.));
#6577=DIRECTION('',(0.,1.,8.75141754049898E-16));
#6578=DIRECTION('',(0.,-8.75141754049898E-16,1.));
#6579=DIRECTION('',(0.,-1.,0.));
#6580=DIRECTION('',(0.,0.,-1.));
#6581=DIRECTION('',(0.,-1.,-7.89986868847699E-17));
#6582=DIRECTION('',(0.,7.89986868847699E-17,-1.));
#6583=DIRECTION('',(0.,-1.,0.));
#6584=DIRECTION('',(0.,1.,0.));
#6585=DIRECTION('',(0.,0.,1.));
#6586=DIRECTION('',(0.,-1.,0.));
#6587=DIRECTION('',(0.,0.,-1.));
#6588=DIRECTION('',(0.,-1.,0.));
#6589=DIRECTION('',(0.,0.,-1.));
#6590=DIRECTION('',(0.,-1.,0.));
#6591=DIRECTION('',(0.,1.,3.50056701619959E-15));
#6592=DIRECTION('',(0.,-3.50056701619959E-15,1.));
#6593=DIRECTION('',(0.,-1.,0.));
#6594=DIRECTION('',(0.,0.,-1.));
#6595=DIRECTION('',(0.,-1.,0.));
#6596=DIRECTION('',(0.,0.,-1.));
#6597=DIRECTION('',(0.,-1.,0.));
#6598=DIRECTION('',(0.,1.,0.));
#6599=DIRECTION('',(0.,0.,1.));
#6600=DIRECTION('',(-0.689909423455202,0.,-0.723895702037049));
#6601=DIRECTION('',(-0.723895702037048,0.,0.689909423455202));
#6602=DIRECTION('',(0.723895702037048,0.,-0.689909423455202));
#6603=DIRECTION('',(0.723895702037048,0.,-0.689909423455202));
#6604=DIRECTION('',(0.,-1.,0.));
#6605=DIRECTION('',(-0.689909423455202,0.,-0.723895702037049));
#6606=DIRECTION('',(-0.723895702037048,0.,0.689909423455202));
#6607=DIRECTION('',(-0.723895702037048,-5.45019385223896E-17,0.689909423455202));
#6608=DIRECTION('',(0.,-1.,0.));
#6609=DIRECTION('',(0.723895702037048,6.03768542978139E-16,-0.689909423455202));
#6610=DIRECTION('',(-0.689909423455202,0.,-0.723895702037049));
#6611=DIRECTION('',(-0.723895702037048,0.,0.689909423455202));
#6612=DIRECTION('',(-0.723895702037048,-5.45019385223896E-17,0.689909423455202));
#6613=DIRECTION('',(0.,-1.,0.));
#6614=DIRECTION('',(0.723895702037048,0.,-0.689909423455202));
#6615=DIRECTION('',(-0.689909423455202,0.,-0.723895702037049));
#6616=DIRECTION('',(-0.723895702037048,0.,0.689909423455202));
#6617=DIRECTION('',(-0.723895702037048,0.,0.689909423455202));
#6618=DIRECTION('',(0.,-1.,0.));
#6619=DIRECTION('',(0.723895702037048,2.41507417191256E-15,-0.689909423455202));
#6620=DIRECTION('',(-0.689909423455202,0.,-0.723895702037049));
#6621=DIRECTION('',(-0.723895702037048,0.,0.689909423455202));
#6622=DIRECTION('',(-0.723895702037048,0.,0.689909423455202));
#6623=DIRECTION('',(0.,-1.,0.));
#6624=DIRECTION('',(0.723895702037048,0.,-0.689909423455202));
#6625=DIRECTION('',(-1.,0.,0.));
#6626=DIRECTION('',(0.,0.,1.));
#6627=DIRECTION('',(0.,0.,-1.));
#6628=DIRECTION('',(0.,0.,-1.));
#6629=DIRECTION('',(0.,-1.,0.));
#6630=DIRECTION('',(-1.,0.,0.));
#6631=DIRECTION('',(0.,0.,1.));
#6632=DIRECTION('',(0.,-7.89986868847699E-17,1.));
#6633=DIRECTION('',(0.,-1.,0.));
#6634=DIRECTION('',(0.,8.75141754049898E-16,-1.));
#6635=DIRECTION('',(-1.,0.,0.));
#6636=DIRECTION('',(0.,0.,1.));
#6637=DIRECTION('',(0.,-7.89986868847699E-17,1.));
#6638=DIRECTION('',(0.,-1.,0.));
#6639=DIRECTION('',(0.,0.,-1.));
#6640=DIRECTION('',(-1.,0.,0.));
#6641=DIRECTION('',(0.,0.,1.));
#6642=DIRECTION('',(0.,0.,1.));
#6643=DIRECTION('',(0.,-1.,0.));
#6644=DIRECTION('',(0.,3.50056701619959E-15,-1.));
#6645=DIRECTION('',(-1.,0.,0.));
#6646=DIRECTION('',(0.,0.,1.));
#6647=DIRECTION('',(0.,0.,1.));
#6648=DIRECTION('',(0.,-1.,0.));
#6649=DIRECTION('',(0.,0.,-1.));
#6650=DIRECTION('',(-0.865805246651781,0.,0.500381129610469));
#6651=DIRECTION('',(0.500381129610469,0.,0.865805246651781));
#6652=DIRECTION('',(-0.500381129610469,0.,-0.865805246651781));
#6653=DIRECTION('',(-0.500381129610469,0.,-0.865805246651781));
#6654=DIRECTION('',(0.,-1.,0.));
#6655=DIRECTION('',(-0.865805246651781,0.,0.500381129610469));
#6656=DIRECTION('',(0.500381129610469,0.,0.865805246651781));
#6657=DIRECTION('',(0.500381129610469,-6.83974775834351E-17,0.865805246651781));
#6658=DIRECTION('',(0.,-1.,0.));
#6659=DIRECTION('',(-0.500381129610469,7.57702322220444E-16,-0.865805246651781));
#6660=DIRECTION('',(-0.865805246651781,0.,0.500381129610469));
#6661=DIRECTION('',(0.500381129610469,0.,0.865805246651781));
#6662=DIRECTION('',(0.500381129610469,-6.83974775834351E-17,0.865805246651781));
#6663=DIRECTION('',(0.,-1.,0.));
#6664=DIRECTION('',(-0.500381129610469,0.,-0.865805246651781));
#6665=DIRECTION('',(-0.865805246651781,0.,0.500381129610469));
#6666=DIRECTION('',(0.500381129610469,0.,0.865805246651781));
#6667=DIRECTION('',(0.500381129610469,0.,0.865805246651781));
#6668=DIRECTION('',(0.,-1.,0.));
#6669=DIRECTION('',(-0.500381129610469,3.03080928888178E-15,-0.865805246651781));
#6670=DIRECTION('',(-0.865805246651781,0.,0.500381129610469));
#6671=DIRECTION('',(0.500381129610469,0.,0.865805246651781));
#6672=DIRECTION('',(0.500381129610469,0.,0.865805246651781));
#6673=DIRECTION('',(0.,-1.,0.));
#6674=DIRECTION('',(-0.500381129610469,0.,-0.865805246651781));
#6675=DIRECTION('',(0.,-1.,0.));
#6676=DIRECTION('',(0.,0.,-1.));
#6677=DIRECTION('',(0.,1.,0.));
#6678=DIRECTION('',(0.,0.,1.));
#6679=DIRECTION('',(0.,-1.,0.));
#6680=DIRECTION('',(0.,0.,-1.));
#6681=DIRECTION('',(0.,-1.,0.));
#6682=DIRECTION('',(0.,-1.,0.));
#6683=DIRECTION('',(0.,0.,-1.));
#6684=DIRECTION('',(0.,-1.,-7.89986868847699E-17));
#6685=DIRECTION('',(0.,7.89986868847699E-17,-1.));
#6686=DIRECTION('',(0.,-1.,0.));
#6687=DIRECTION('',(0.,1.,8.75141754049898E-16));
#6688=DIRECTION('',(0.,-8.75141754049898E-16,1.));
#6689=DIRECTION('',(0.,-1.,0.));
#6690=DIRECTION('',(0.,0.,-1.));
#6691=DIRECTION('',(0.,-1.,-7.89986868847699E-17));
#6692=DIRECTION('',(0.,7.89986868847699E-17,-1.));
#6693=DIRECTION('',(0.,-1.,0.));
#6694=DIRECTION('',(0.,1.,0.));
#6695=DIRECTION('',(0.,0.,1.));
#6696=DIRECTION('',(0.,-1.,0.));
#6697=DIRECTION('',(0.,0.,-1.));
#6698=DIRECTION('',(0.,-1.,0.));
#6699=DIRECTION('',(0.,0.,-1.));
#6700=DIRECTION('',(0.,-1.,0.));
#6701=DIRECTION('',(0.,1.,3.50056701619959E-15));
#6702=DIRECTION('',(0.,-3.50056701619959E-15,1.));
#6703=DIRECTION('',(0.,-1.,0.));
#6704=DIRECTION('',(0.,0.,-1.));
#6705=DIRECTION('',(0.,-1.,0.));
#6706=DIRECTION('',(0.,0.,-1.));
#6707=DIRECTION('',(0.,-1.,0.));
#6708=DIRECTION('',(0.,1.,0.));
#6709=DIRECTION('',(0.,0.,1.));
#6710=DIRECTION('',(0.865805246651781,0.,0.500381129610469));
#6711=DIRECTION('',(0.500381129610469,0.,-0.865805246651781));
#6712=DIRECTION('',(-0.500381129610469,0.,0.865805246651781));
#6713=DIRECTION('',(-0.500381129610469,0.,0.865805246651781));
#6714=DIRECTION('',(0.,-1.,0.));
#6715=DIRECTION('',(0.865805246651781,0.,0.500381129610469));
#6716=DIRECTION('',(0.500381129610469,0.,-0.865805246651781));
#6717=DIRECTION('',(0.500381129610469,6.83974775834351E-17,-0.865805246651781));
#6718=DIRECTION('',(0.,-1.,0.));
#6719=DIRECTION('',(-0.500381129610469,-7.57702322220444E-16,0.865805246651781));
#6720=DIRECTION('',(0.865805246651781,0.,0.500381129610469));
#6721=DIRECTION('',(0.500381129610469,0.,-0.865805246651781));
#6722=DIRECTION('',(0.500381129610469,6.83974775834351E-17,-0.865805246651781));
#6723=DIRECTION('',(0.,-1.,0.));
#6724=DIRECTION('',(-0.500381129610469,0.,0.865805246651781));
#6725=DIRECTION('',(0.865805246651781,0.,0.500381129610469));
#6726=DIRECTION('',(0.500381129610469,0.,-0.865805246651781));
#6727=DIRECTION('',(0.500381129610469,0.,-0.865805246651781));
#6728=DIRECTION('',(0.,-1.,0.));
#6729=DIRECTION('',(-0.500381129610469,-3.03080928888178E-15,0.865805246651781));
#6730=DIRECTION('',(0.865805246651781,0.,0.500381129610469));
#6731=DIRECTION('',(0.500381129610469,0.,-0.865805246651781));
#6732=DIRECTION('',(0.500381129610469,0.,-0.865805246651781));
#6733=DIRECTION('',(0.,-1.,0.));
#6734=DIRECTION('',(-0.500381129610469,0.,0.865805246651781));
#6735=DIRECTION('',(1.,0.,0.));
#6736=DIRECTION('',(0.,0.,-1.));
#6737=DIRECTION('',(0.,0.,1.));
#6738=DIRECTION('',(0.,0.,1.));
#6739=DIRECTION('',(0.,-1.,0.));
#6740=DIRECTION('',(1.,0.,0.));
#6741=DIRECTION('',(0.,0.,-1.));
#6742=DIRECTION('',(0.,7.89986868847699E-17,-1.));
#6743=DIRECTION('',(0.,-1.,0.));
#6744=DIRECTION('',(0.,-8.75141754049898E-16,1.));
#6745=DIRECTION('',(1.,0.,0.));
#6746=DIRECTION('',(0.,0.,-1.));
#6747=DIRECTION('',(0.,7.89986868847699E-17,-1.));
#6748=DIRECTION('',(0.,-1.,0.));
#6749=DIRECTION('',(0.,0.,1.));
#6750=DIRECTION('',(1.,0.,0.));
#6751=DIRECTION('',(0.,0.,-1.));
#6752=DIRECTION('',(0.,0.,-1.));
#6753=DIRECTION('',(0.,-1.,0.));
#6754=DIRECTION('',(0.,-3.50056701619959E-15,1.));
#6755=DIRECTION('',(1.,0.,0.));
#6756=DIRECTION('',(0.,0.,-1.));
#6757=DIRECTION('',(0.,0.,-1.));
#6758=DIRECTION('',(0.,-1.,0.));
#6759=DIRECTION('',(0.,0.,1.));
#6760=DIRECTION('',(0.689909423455201,0.,-0.723895702037049));
#6761=DIRECTION('',(-0.723895702037049,0.,-0.689909423455201));
#6762=DIRECTION('',(0.723895702037049,0.,0.689909423455201));
#6763=DIRECTION('',(0.723895702037049,0.,0.689909423455201));
#6764=DIRECTION('',(0.,-1.,0.));
#6765=DIRECTION('',(0.689909423455201,0.,-0.723895702037049));
#6766=DIRECTION('',(-0.723895702037049,0.,-0.689909423455201));
#6767=DIRECTION('',(-0.723895702037049,5.45019385223896E-17,-0.689909423455201));
#6768=DIRECTION('',(0.,-1.,0.));
#6769=DIRECTION('',(0.723895702037049,-6.03768542978138E-16,0.689909423455201));
#6770=DIRECTION('',(0.689909423455201,0.,-0.723895702037049));
#6771=DIRECTION('',(-0.723895702037049,0.,-0.689909423455201));
#6772=DIRECTION('',(-0.723895702037049,5.45019385223896E-17,-0.689909423455201));
#6773=DIRECTION('',(0.,-1.,0.));
#6774=DIRECTION('',(0.723895702037049,0.,0.689909423455201));
#6775=DIRECTION('',(0.689909423455201,0.,-0.723895702037049));
#6776=DIRECTION('',(-0.723895702037049,0.,-0.689909423455201));
#6777=DIRECTION('',(-0.723895702037049,0.,-0.689909423455201));
#6778=DIRECTION('',(0.,-1.,0.));
#6779=DIRECTION('',(0.723895702037049,-2.41507417191255E-15,0.689909423455201));
#6780=DIRECTION('',(0.689909423455201,0.,-0.723895702037049));
#6781=DIRECTION('',(-0.723895702037049,0.,-0.689909423455201));
#6782=DIRECTION('',(-0.723895702037049,0.,-0.689909423455201));
#6783=DIRECTION('',(0.,-1.,0.));
#6784=DIRECTION('',(0.723895702037049,0.,0.689909423455201));
#6785=DIRECTION('',(0.,-1.,0.));
#6786=DIRECTION('',(0.,0.,-1.));
#6787=DIRECTION('',(0.,1.,0.));
#6788=DIRECTION('',(0.,0.,1.));
#6789=DIRECTION('',(0.,-1.,0.));
#6790=DIRECTION('',(0.,0.,-1.));
#6791=DIRECTION('',(0.,-1.,0.));
#6792=DIRECTION('',(0.,-1.,0.));
#6793=DIRECTION('',(0.,0.,-1.));
#6794=DIRECTION('',(0.,-1.,-7.89986868847699E-17));
#6795=DIRECTION('',(0.,7.89986868847699E-17,-1.));
#6796=DIRECTION('',(0.,-1.,0.));
#6797=DIRECTION('',(0.,1.,8.75141754049898E-16));
#6798=DIRECTION('',(0.,-8.75141754049898E-16,1.));
#6799=DIRECTION('',(0.,-1.,0.));
#6800=DIRECTION('',(0.,0.,-1.));
#6801=DIRECTION('',(0.,-1.,-7.89986868847699E-17));
#6802=DIRECTION('',(0.,7.89986868847699E-17,-1.));
#6803=DIRECTION('',(0.,-1.,0.));
#6804=DIRECTION('',(0.,1.,0.));
#6805=DIRECTION('',(0.,0.,1.));
#6806=DIRECTION('',(0.,-1.,0.));
#6807=DIRECTION('',(0.,0.,-1.));
#6808=DIRECTION('',(0.,-1.,0.));
#6809=DIRECTION('',(0.,0.,-1.));
#6810=DIRECTION('',(0.,-1.,0.));
#6811=DIRECTION('',(0.,1.,3.50056701619959E-15));
#6812=DIRECTION('',(0.,-3.50056701619959E-15,1.));
#6813=DIRECTION('',(0.,-1.,0.));
#6814=DIRECTION('',(0.,0.,-1.));
#6815=DIRECTION('',(0.,-1.,0.));
#6816=DIRECTION('',(0.,0.,-1.));
#6817=DIRECTION('',(0.,-1.,0.));
#6818=DIRECTION('',(0.,1.,0.));
#6819=DIRECTION('',(0.,0.,1.));
#6820=DIRECTION('',(0.723895702037047,0.,0.689909423455203));
#6821=DIRECTION('',(0.689909423455203,0.,-0.723895702037047));
#6822=DIRECTION('',(-0.689909423455203,0.,0.723895702037047));
#6823=DIRECTION('',(-0.689909423455203,0.,0.723895702037047));
#6824=DIRECTION('',(0.,-1.,0.));
#6825=DIRECTION('',(0.723895702037047,0.,0.689909423455203));
#6826=DIRECTION('',(0.689909423455203,0.,-0.723895702037047));
#6827=DIRECTION('',(0.689909423455203,5.71868099024554E-17,-0.723895702037047));
#6828=DIRECTION('',(0.,-1.,0.));
#6829=DIRECTION('',(-0.689909423455203,-6.33511354429884E-16,0.723895702037047));
#6830=DIRECTION('',(0.723895702037047,0.,0.689909423455203));
#6831=DIRECTION('',(0.689909423455203,0.,-0.723895702037047));
#6832=DIRECTION('',(0.689909423455203,5.71868099024554E-17,-0.723895702037047));
#6833=DIRECTION('',(0.,-1.,0.));
#6834=DIRECTION('',(-0.689909423455203,0.,0.723895702037047));
#6835=DIRECTION('',(0.723895702037047,0.,0.689909423455203));
#6836=DIRECTION('',(0.689909423455203,0.,-0.723895702037047));
#6837=DIRECTION('',(0.689909423455203,0.,-0.723895702037047));
#6838=DIRECTION('',(0.,-1.,0.));
#6839=DIRECTION('',(-0.689909423455203,-2.53404541771953E-15,0.723895702037047));
#6840=DIRECTION('',(0.723895702037047,0.,0.689909423455203));
#6841=DIRECTION('',(0.689909423455203,0.,-0.723895702037047));
#6842=DIRECTION('',(0.689909423455203,0.,-0.723895702037047));
#6843=DIRECTION('',(0.,-1.,0.));
#6844=DIRECTION('',(-0.689909423455203,0.,0.723895702037047));
#6845=DIRECTION('',(1.,0.,-2.82179480019212E-17));
#6846=DIRECTION('',(-2.82179480019212E-17,0.,-1.));
#6847=DIRECTION('',(2.82179480019212E-17,0.,1.));
#6848=DIRECTION('',(2.82179480019212E-17,0.,1.));
#6849=DIRECTION('',(0.,-1.,0.));
#6850=DIRECTION('',(1.,0.,-2.82179480019212E-17));
#6851=DIRECTION('',(-2.82179480019212E-17,0.,-1.));
#6852=DIRECTION('',(-2.82179480019212E-17,7.89986868847699E-17,-1.));
#6853=DIRECTION('',(0.,-1.,0.));
#6854=DIRECTION('',(2.82179480019212E-17,-8.75141754049898E-16,1.));
#6855=DIRECTION('',(1.,0.,-2.82179480019212E-17));
#6856=DIRECTION('',(-2.82179480019212E-17,0.,-1.));
#6857=DIRECTION('',(-2.82179480019212E-17,7.89986868847699E-17,-1.));
#6858=DIRECTION('',(0.,-1.,0.));
#6859=DIRECTION('',(2.82179480019212E-17,0.,1.));
#6860=DIRECTION('',(1.,0.,-2.82179480019212E-17));
#6861=DIRECTION('',(-2.82179480019212E-17,0.,-1.));
#6862=DIRECTION('',(-2.82179480019212E-17,0.,-1.));
#6863=DIRECTION('',(0.,-1.,0.));
#6864=DIRECTION('',(2.82179480019212E-17,-3.50056701619959E-15,1.));
#6865=DIRECTION('',(1.,0.,-2.82179480019212E-17));
#6866=DIRECTION('',(-2.82179480019212E-17,0.,-1.));
#6867=DIRECTION('',(-2.82179480019212E-17,0.,-1.));
#6868=DIRECTION('',(0.,-1.,0.));
#6869=DIRECTION('',(2.82179480019212E-17,0.,1.));
#6870=DIRECTION('',(0.,-1.,0.));
#6871=DIRECTION('',(0.,0.,-1.));
#6872=DIRECTION('',(0.,1.,0.));
#6873=DIRECTION('',(0.,0.,1.));
#6874=DIRECTION('',(0.,-1.,0.));
#6875=DIRECTION('',(0.,0.,-1.));
#6876=DIRECTION('',(0.,-1.,0.));
#6877=DIRECTION('',(0.,0.,-1.));
#6878=DIRECTION('',(0.,-1.,-7.89986868847699E-17));
#6879=DIRECTION('',(0.,7.89986868847699E-17,-1.));
#6880=DIRECTION('',(0.,1.,8.75141754049898E-16));
#6881=DIRECTION('',(0.,-8.75141754049898E-16,1.));
#6882=DIRECTION('',(0.,-1.,0.));
#6883=DIRECTION('',(0.,0.,-1.));
#6884=DIRECTION('',(0.,-1.,-7.89986868847699E-17));
#6885=DIRECTION('',(0.,7.89986868847699E-17,-1.));
#6886=DIRECTION('',(0.,1.,0.));
#6887=DIRECTION('',(0.,0.,1.));
#6888=DIRECTION('',(0.,-1.,0.));
#6889=DIRECTION('',(0.,0.,-1.));
#6890=DIRECTION('',(0.,-1.,0.));
#6891=DIRECTION('',(0.,0.,-1.));
#6892=DIRECTION('',(0.,1.,3.50056701619959E-15));
#6893=DIRECTION('',(0.,-3.50056701619959E-15,1.));
#6894=DIRECTION('',(0.,-1.,0.));
#6895=DIRECTION('',(0.,0.,-1.));
#6896=DIRECTION('',(0.,-1.,0.));
#6897=DIRECTION('',(0.,0.,-1.));
#6898=DIRECTION('',(0.,1.,0.));
#6899=DIRECTION('',(0.,0.,1.));
#6900=DIRECTION('',(-1.,0.,-1.977078329873E-16));
#6901=DIRECTION('',(-1.977078329873E-16,0.,1.));
#6902=DIRECTION('',(1.977078329873E-16,0.,-1.));
#6903=DIRECTION('',(0.,-1.,0.));
#6904=DIRECTION('',(1.977078329873E-16,0.,-1.));
#6905=DIRECTION('',(0.,-1.,0.));
#6906=DIRECTION('',(-1.,0.,-1.977078329873E-16));
#6907=DIRECTION('',(-1.977078329873E-16,0.,1.));
#6908=DIRECTION('',(-1.977078329873E-16,-7.89986868847699E-17,1.));
#6909=DIRECTION('',(0.,-1.,0.));
#6910=DIRECTION('',(1.977078329873E-16,8.75141754049898E-16,-1.));
#6911=DIRECTION('',(0.,-1.,0.));
#6912=DIRECTION('',(-1.,0.,-1.977078329873E-16));
#6913=DIRECTION('',(-1.977078329873E-16,0.,1.));
#6914=DIRECTION('',(-1.977078329873E-16,-7.89986868847699E-17,1.));
#6915=DIRECTION('',(0.,-1.,0.));
#6916=DIRECTION('',(1.977078329873E-16,0.,-1.));
#6917=DIRECTION('',(0.,-1.,0.));
#6918=DIRECTION('',(-1.,0.,-1.977078329873E-16));
#6919=DIRECTION('',(-1.977078329873E-16,0.,1.));
#6920=DIRECTION('',(-1.977078329873E-16,0.,1.));
#6921=DIRECTION('',(0.,-1.,0.));
#6922=DIRECTION('',(1.977078329873E-16,3.50056701619959E-15,-1.));
#6923=DIRECTION('',(0.,-1.,0.));
#6924=DIRECTION('',(-1.,0.,-1.977078329873E-16));
#6925=DIRECTION('',(-1.977078329873E-16,0.,1.));
#6926=DIRECTION('',(-1.977078329873E-16,0.,1.));
#6927=DIRECTION('',(0.,-1.,0.));
#6928=DIRECTION('',(1.977078329873E-16,0.,-1.));
#6929=DIRECTION('',(0.,-1.,0.));
#6930=DIRECTION('',(1.,0.,0.));
#6931=DIRECTION('',(0.,0.,-1.));
#6932=DIRECTION('',(0.,0.,1.));
#6933=DIRECTION('',(0.,-1.,0.));
#6934=DIRECTION('',(0.,0.,1.));
#6935=DIRECTION('',(0.,-1.,0.));
#6936=DIRECTION('',(1.,0.,0.));
#6937=DIRECTION('',(0.,0.,-1.));
#6938=DIRECTION('',(0.,7.89986868847699E-17,-1.));
#6939=DIRECTION('',(0.,-1.,0.));
#6940=DIRECTION('',(0.,-8.75141754049898E-16,1.));
#6941=DIRECTION('',(0.,-1.,0.));
#6942=DIRECTION('',(1.,0.,0.));
#6943=DIRECTION('',(0.,0.,-1.));
#6944=DIRECTION('',(0.,7.89986868847699E-17,-1.));
#6945=DIRECTION('',(0.,-1.,0.));
#6946=DIRECTION('',(0.,0.,1.));
#6947=DIRECTION('',(0.,-1.,0.));
#6948=DIRECTION('',(1.,0.,0.));
#6949=DIRECTION('',(0.,0.,-1.));
#6950=DIRECTION('',(0.,0.,-1.));
#6951=DIRECTION('',(0.,-1.,0.));
#6952=DIRECTION('',(0.,-3.50056701619959E-15,1.));
#6953=DIRECTION('',(0.,-1.,0.));
#6954=DIRECTION('',(1.,0.,0.));
#6955=DIRECTION('',(0.,0.,-1.));
#6956=DIRECTION('',(0.,0.,-1.));
#6957=DIRECTION('',(0.,-1.,0.));
#6958=DIRECTION('',(0.,0.,1.));
#6959=DIRECTION('',(0.,-1.,0.));
#6960=DIRECTION('',(0.,-1.,0.));
#6961=DIRECTION('',(0.,0.,-1.));
#6962=DIRECTION('',(0.,1.,0.));
#6963=DIRECTION('',(0.,0.,1.));
#6964=DIRECTION('',(0.,-1.,0.));
#6965=DIRECTION('',(0.,0.,-1.));
#6966=DIRECTION('',(0.,-1.,0.));
#6967=DIRECTION('',(0.,0.,-1.));
#6968=DIRECTION('',(0.,-1.,-7.89986868847699E-17));
#6969=DIRECTION('',(0.,7.89986868847699E-17,-1.));
#6970=DIRECTION('',(0.,1.,8.75141754049898E-16));
#6971=DIRECTION('',(0.,-8.75141754049898E-16,1.));
#6972=DIRECTION('',(0.,-1.,0.));
#6973=DIRECTION('',(0.,0.,-1.));
#6974=DIRECTION('',(0.,-1.,-7.89986868847699E-17));
#6975=DIRECTION('',(0.,7.89986868847699E-17,-1.));
#6976=DIRECTION('',(0.,1.,0.));
#6977=DIRECTION('',(0.,0.,1.));
#6978=DIRECTION('',(0.,-1.,0.));
#6979=DIRECTION('',(0.,0.,-1.));
#6980=DIRECTION('',(0.,-1.,0.));
#6981=DIRECTION('',(0.,0.,-1.));
#6982=DIRECTION('',(0.,1.,3.50056701619959E-15));
#6983=DIRECTION('',(0.,-3.50056701619959E-15,1.));
#6984=DIRECTION('',(0.,-1.,0.));
#6985=DIRECTION('',(0.,0.,-1.));
#6986=DIRECTION('',(0.,-1.,0.));
#6987=DIRECTION('',(0.,0.,-1.));
#6988=DIRECTION('',(0.,1.,0.));
#6989=DIRECTION('',(0.,0.,1.));
#6990=DIRECTION('',(0.,-1.,0.));
#6991=DIRECTION('',(0.,0.,-1.));
#6992=DIRECTION('',(0.,1.,0.));
#6993=DIRECTION('',(0.,0.,1.));
#6994=DIRECTION('',(0.,-1.,0.));
#6995=DIRECTION('',(0.,0.,-1.));
#6996=DIRECTION('',(0.,-1.,0.));
#6997=DIRECTION('',(0.,0.,-1.));
#6998=DIRECTION('',(0.,-1.,-7.89986868847699E-17));
#6999=DIRECTION('',(0.,7.89986868847699E-17,-1.));
#7000=DIRECTION('',(0.,1.,8.75141754049898E-16));
#7001=DIRECTION('',(0.,-8.75141754049898E-16,1.));
#7002=DIRECTION('',(0.,-1.,0.));
#7003=DIRECTION('',(0.,0.,-1.));
#7004=DIRECTION('',(0.,-1.,-7.89986868847699E-17));
#7005=DIRECTION('',(0.,7.89986868847699E-17,-1.));
#7006=DIRECTION('',(0.,1.,0.));
#7007=DIRECTION('',(0.,0.,1.));
#7008=DIRECTION('',(0.,-1.,0.));
#7009=DIRECTION('',(0.,0.,-1.));
#7010=DIRECTION('',(0.,-1.,0.));
#7011=DIRECTION('',(0.,0.,-1.));
#7012=DIRECTION('',(0.,1.,3.50056701619959E-15));
#7013=DIRECTION('',(0.,-3.50056701619959E-15,1.));
#7014=DIRECTION('',(0.,-1.,0.));
#7015=DIRECTION('',(0.,0.,-1.));
#7016=DIRECTION('',(0.,-1.,0.));
#7017=DIRECTION('',(0.,0.,-1.));
#7018=DIRECTION('',(0.,1.,0.));
#7019=DIRECTION('',(0.,0.,1.));
#7020=DIRECTION('',(-1.,0.,-1.56277438676217E-16));
#7021=DIRECTION('',(-1.56277438676217E-16,0.,1.));
#7022=DIRECTION('',(1.56277438676217E-16,0.,-1.));
#7023=DIRECTION('',(0.,-1.,0.));
#7024=DIRECTION('',(1.56277438676217E-16,0.,-1.));
#7025=DIRECTION('',(0.,-1.,0.));
#7026=DIRECTION('',(-1.,0.,-1.56277438676217E-16));
#7027=DIRECTION('',(-1.56277438676217E-16,0.,1.));
#7028=DIRECTION('',(-1.56277438676217E-16,-7.89986868847699E-17,1.));
#7029=DIRECTION('',(0.,-1.,0.));
#7030=DIRECTION('',(1.56277438676217E-16,8.75141754049898E-16,-1.));
#7031=DIRECTION('',(0.,-1.,0.));
#7032=DIRECTION('',(-1.,0.,-1.56277438676217E-16));
#7033=DIRECTION('',(-1.56277438676217E-16,0.,1.));
#7034=DIRECTION('',(-1.56277438676217E-16,-7.89986868847699E-17,1.));
#7035=DIRECTION('',(0.,-1.,0.));
#7036=DIRECTION('',(1.56277438676217E-16,0.,-1.));
#7037=DIRECTION('',(0.,-1.,0.));
#7038=DIRECTION('',(-1.,0.,-1.56277438676217E-16));
#7039=DIRECTION('',(-1.56277438676217E-16,0.,1.));
#7040=DIRECTION('',(-1.56277438676217E-16,0.,1.));
#7041=DIRECTION('',(0.,-1.,0.));
#7042=DIRECTION('',(1.56277438676217E-16,3.50056701619959E-15,-1.));
#7043=DIRECTION('',(0.,-1.,0.));
#7044=DIRECTION('',(-1.,0.,-1.56277438676217E-16));
#7045=DIRECTION('',(-1.56277438676217E-16,0.,1.));
#7046=DIRECTION('',(-1.56277438676217E-16,0.,1.));
#7047=DIRECTION('',(0.,-1.,0.));
#7048=DIRECTION('',(1.56277438676217E-16,0.,-1.));
#7049=DIRECTION('',(0.,-1.,0.));
#7050=DIRECTION('',(1.,0.,7.82721183090866E-17));
#7051=DIRECTION('',(7.82721183090866E-17,0.,-1.));
#7052=DIRECTION('',(-7.82721183090866E-17,0.,1.));
#7053=DIRECTION('',(0.,-1.,0.));
#7054=DIRECTION('',(-7.82721183090866E-17,0.,1.));
#7055=DIRECTION('',(0.,-1.,0.));
#7056=DIRECTION('',(1.,0.,7.82721183090866E-17));
#7057=DIRECTION('',(7.82721183090866E-17,0.,-1.));
#7058=DIRECTION('',(7.82721183090866E-17,7.89986868847699E-17,-1.));
#7059=DIRECTION('',(0.,-1.,0.));
#7060=DIRECTION('',(-7.82721183090866E-17,-8.75141754049898E-16,1.));
#7061=DIRECTION('',(0.,-1.,0.));
#7062=DIRECTION('',(1.,0.,7.82721183090866E-17));
#7063=DIRECTION('',(7.82721183090866E-17,0.,-1.));
#7064=DIRECTION('',(7.82721183090866E-17,7.89986868847699E-17,-1.));
#7065=DIRECTION('',(0.,-1.,0.));
#7066=DIRECTION('',(-7.82721183090866E-17,0.,1.));
#7067=DIRECTION('',(0.,-1.,0.));
#7068=DIRECTION('',(1.,0.,7.82721183090866E-17));
#7069=DIRECTION('',(7.82721183090866E-17,0.,-1.));
#7070=DIRECTION('',(7.82721183090866E-17,0.,-1.));
#7071=DIRECTION('',(0.,-1.,0.));
#7072=DIRECTION('',(-7.82721183090866E-17,-3.50056701619959E-15,1.));
#7073=DIRECTION('',(0.,-1.,0.));
#7074=DIRECTION('',(1.,0.,7.82721183090866E-17));
#7075=DIRECTION('',(7.82721183090866E-17,0.,-1.));
#7076=DIRECTION('',(7.82721183090866E-17,0.,-1.));
#7077=DIRECTION('',(0.,-1.,0.));
#7078=DIRECTION('',(-7.82721183090866E-17,0.,1.));
#7079=DIRECTION('',(0.,-1.,0.));
#7080=DIRECTION('',(0.,-1.,0.));
#7081=DIRECTION('',(0.,0.,-1.));
#7082=DIRECTION('',(0.,1.,0.));
#7083=DIRECTION('',(0.,0.,1.));
#7084=DIRECTION('',(0.,-1.,0.));
#7085=DIRECTION('',(0.,0.,-1.));
#7086=DIRECTION('',(0.,-1.,0.));
#7087=DIRECTION('',(0.,0.,-1.));
#7088=DIRECTION('',(0.,-1.,-7.89986868847699E-17));
#7089=DIRECTION('',(0.,7.89986868847699E-17,-1.));
#7090=DIRECTION('',(0.,1.,8.75141754049898E-16));
#7091=DIRECTION('',(0.,-8.75141754049898E-16,1.));
#7092=DIRECTION('',(0.,-1.,0.));
#7093=DIRECTION('',(0.,0.,-1.));
#7094=DIRECTION('',(0.,-1.,-7.89986868847699E-17));
#7095=DIRECTION('',(0.,7.89986868847699E-17,-1.));
#7096=DIRECTION('',(0.,1.,0.));
#7097=DIRECTION('',(0.,0.,1.));
#7098=DIRECTION('',(0.,-1.,0.));
#7099=DIRECTION('',(0.,0.,-1.));
#7100=DIRECTION('',(0.,-1.,0.));
#7101=DIRECTION('',(0.,0.,-1.));
#7102=DIRECTION('',(0.,1.,3.50056701619959E-15));
#7103=DIRECTION('',(0.,-3.50056701619959E-15,1.));
#7104=DIRECTION('',(0.,-1.,0.));
#7105=DIRECTION('',(0.,0.,-1.));
#7106=DIRECTION('',(0.,-1.,0.));
#7107=DIRECTION('',(0.,0.,-1.));
#7108=DIRECTION('',(0.,1.,0.));
#7109=DIRECTION('',(0.,0.,1.));
#7110=DIRECTION('',(0.,-1.,0.));
#7111=DIRECTION('',(0.,0.,-1.));
#7112=DIRECTION('',(0.,1.,0.));
#7113=DIRECTION('',(0.,0.,1.));
#7114=DIRECTION('',(0.,-1.,0.));
#7115=DIRECTION('',(0.,0.,-1.));
#7116=DIRECTION('',(0.,-1.,0.));
#7117=DIRECTION('',(0.,0.,-1.));
#7118=DIRECTION('',(0.,-1.,-7.89986868847699E-17));
#7119=DIRECTION('',(0.,7.89986868847699E-17,-1.));
#7120=DIRECTION('',(0.,1.,8.75141754049898E-16));
#7121=DIRECTION('',(0.,-8.75141754049898E-16,1.));
#7122=DIRECTION('',(0.,-1.,0.));
#7123=DIRECTION('',(0.,0.,-1.));
#7124=DIRECTION('',(0.,-1.,-7.89986868847699E-17));
#7125=DIRECTION('',(0.,7.89986868847699E-17,-1.));
#7126=DIRECTION('',(0.,1.,0.));
#7127=DIRECTION('',(0.,0.,1.));
#7128=DIRECTION('',(0.,-1.,0.));
#7129=DIRECTION('',(0.,0.,-1.));
#7130=DIRECTION('',(0.,-1.,0.));
#7131=DIRECTION('',(0.,0.,-1.));
#7132=DIRECTION('',(0.,1.,3.50056701619959E-15));
#7133=DIRECTION('',(0.,-3.50056701619959E-15,1.));
#7134=DIRECTION('',(0.,-1.,0.));
#7135=DIRECTION('',(0.,0.,-1.));
#7136=DIRECTION('',(0.,-1.,0.));
#7137=DIRECTION('',(0.,0.,-1.));
#7138=DIRECTION('',(0.,1.,0.));
#7139=DIRECTION('',(0.,0.,1.));
#7140=DIRECTION('',(0.,-1.,0.));
#7141=DIRECTION('',(0.,0.,-1.));
#7142=DIRECTION('',(0.,1.,0.));
#7143=DIRECTION('',(0.,0.,1.));
#7144=DIRECTION('',(0.,-1.,0.));
#7145=DIRECTION('',(0.,0.,-1.));
#7146=DIRECTION('',(0.,-1.,0.));
#7147=DIRECTION('',(0.,0.,-1.));
#7148=DIRECTION('',(0.,-1.,-7.89986868847699E-17));
#7149=DIRECTION('',(0.,7.89986868847699E-17,-1.));
#7150=DIRECTION('',(0.,1.,8.75141754049898E-16));
#7151=DIRECTION('',(0.,-8.75141754049898E-16,1.));
#7152=DIRECTION('',(0.,-1.,0.));
#7153=DIRECTION('',(0.,0.,-1.));
#7154=DIRECTION('',(0.,-1.,-7.89986868847699E-17));
#7155=DIRECTION('',(0.,7.89986868847699E-17,-1.));
#7156=DIRECTION('',(0.,1.,0.));
#7157=DIRECTION('',(0.,0.,1.));
#7158=DIRECTION('',(0.,-1.,0.));
#7159=DIRECTION('',(0.,0.,-1.));
#7160=DIRECTION('',(0.,-1.,0.));
#7161=DIRECTION('',(0.,0.,-1.));
#7162=DIRECTION('',(0.,1.,3.50056701619959E-15));
#7163=DIRECTION('',(0.,-3.50056701619959E-15,1.));
#7164=DIRECTION('',(0.,-1.,0.));
#7165=DIRECTION('',(0.,0.,-1.));
#7166=DIRECTION('',(0.,-1.,0.));
#7167=DIRECTION('',(0.,0.,-1.));
#7168=DIRECTION('',(0.,1.,0.));
#7169=DIRECTION('',(0.,0.,1.));
#7170=DIRECTION('',(0.,-1.,0.));
#7171=DIRECTION('',(0.,0.,-1.));
#7172=DIRECTION('',(0.,1.,0.));
#7173=DIRECTION('',(0.,0.,1.));
#7174=DIRECTION('',(0.,-1.,0.));
#7175=DIRECTION('',(0.,0.,-1.));
#7176=DIRECTION('',(0.,-1.,0.));
#7177=DIRECTION('',(0.,-1.,0.));
#7178=DIRECTION('',(0.,0.,-1.));
#7179=DIRECTION('',(0.,-1.,-7.89986868847699E-17));
#7180=DIRECTION('',(0.,7.89986868847699E-17,-1.));
#7181=DIRECTION('',(0.,-1.,0.));
#7182=DIRECTION('',(0.,1.,8.75141754049898E-16));
#7183=DIRECTION('',(0.,-8.75141754049898E-16,1.));
#7184=DIRECTION('',(0.,-1.,0.));
#7185=DIRECTION('',(0.,0.,-1.));
#7186=DIRECTION('',(0.,-1.,-7.89986868847699E-17));
#7187=DIRECTION('',(0.,7.89986868847699E-17,-1.));
#7188=DIRECTION('',(0.,-1.,0.));
#7189=DIRECTION('',(0.,1.,0.));
#7190=DIRECTION('',(0.,0.,1.));
#7191=DIRECTION('',(0.,-1.,0.));
#7192=DIRECTION('',(0.,0.,-1.));
#7193=DIRECTION('',(0.,-1.,0.));
#7194=DIRECTION('',(0.,0.,-1.));
#7195=DIRECTION('',(0.,-1.,0.));
#7196=DIRECTION('',(0.,1.,3.50056701619959E-15));
#7197=DIRECTION('',(0.,-3.50056701619959E-15,1.));
#7198=DIRECTION('',(0.,-1.,0.));
#7199=DIRECTION('',(0.,0.,-1.));
#7200=DIRECTION('',(0.,-1.,0.));
#7201=DIRECTION('',(0.,0.,-1.));
#7202=DIRECTION('',(0.,-1.,0.));
#7203=DIRECTION('',(0.,1.,0.));
#7204=DIRECTION('',(0.,0.,1.));
#7205=DIRECTION('',(0.,-1.,0.));
#7206=DIRECTION('',(0.,0.,-1.));
#7207=DIRECTION('',(-1.,0.,0.));
#7208=DIRECTION('',(-1.,0.,0.));
#7209=DIRECTION('',(-1.,0.,0.));
#7210=DIRECTION('',(-1.,0.,0.));
#7211=DIRECTION('',(-1.,0.,0.));
#7212=DIRECTION('',(0.,0.,-1.));
#7213=DIRECTION('',(1.,0.,0.));
#7214=DIRECTION('',(0.,0.,-1.));
#7215=DIRECTION('',(0.,1.,0.));
#7216=DIRECTION('',(0.,0.,1.));
#7217=DIRECTION('',(0.,-1.,0.));
#7218=DIRECTION('',(0.,0.,-1.));
#7219=DIRECTION('',(0.,-1.,0.));
#7220=DIRECTION('',(0.,0.,-1.));
#7221=DIRECTION('',(0.,1.,0.));
#7222=DIRECTION('',(0.,-3.50056701619959E-15,1.));
#7223=DIRECTION('',(0.,0.,-1.));
#7224=DIRECTION('',(0.,1.,0.));
#7225=DIRECTION('',(0.,0.,1.));
#7226=DIRECTION('',(0.,0.,-1.));
#7227=DIRECTION('',(0.,1.,0.));
#7228=DIRECTION('',(0.,0.,1.));
#7229=DIRECTION('',(0.,7.89986868847699E-17,-1.));
#7230=DIRECTION('',(0.,1.,0.));
#7231=DIRECTION('',(0.,-8.75141754049898E-16,1.));
#7232=DIRECTION('',(0.,7.89986868847699E-17,-1.));
#7233=DIRECTION('',(0.,0.,1.));
#7234=DIRECTION('',(1.,0.,0.));
#7235=DIRECTION('',(1.,0.,0.));
#7236=DIRECTION('',(0.,-1.,0.));
#7237=DIRECTION('',(1.,0.,0.));
#7238=DIRECTION('',(0.,-1.,0.));
#7239=DIRECTION('',(0.,0.,1.));
#7240=DIRECTION('',(1.,0.,0.));
#7241=DIRECTION('',(1.,0.,0.));
#7242=DIRECTION('',(0.,-1.,0.));
#7243=DIRECTION('',(1.,0.,0.));
#7244=DIRECTION('',(0.,-1.,0.));
#7245=DIRECTION('',(0.,0.,1.));
#7246=DIRECTION('',(1.,0.,0.));
#7247=DIRECTION('',(1.,0.,0.));
#7248=DIRECTION('',(0.,-1.,0.));
#7249=DIRECTION('',(1.,0.,0.));
#7250=DIRECTION('',(0.,-1.,0.));
#7251=DIRECTION('',(0.,0.,1.));
#7252=DIRECTION('',(1.,0.,0.));
#7253=DIRECTION('',(1.,0.,0.));
#7254=DIRECTION('',(0.,-1.,0.));
#7255=DIRECTION('',(1.,0.,0.));
#7256=DIRECTION('',(0.,-1.,0.));
#7257=DIRECTION('',(0.,0.,1.));
#7258=DIRECTION('',(1.,0.,0.));
#7259=DIRECTION('',(1.,0.,0.));
#7260=DIRECTION('',(0.,-1.,0.));
#7261=DIRECTION('',(1.,0.,0.));
#7262=DIRECTION('',(0.,-1.,0.));
#7263=DIRECTION('',(0.,0.,1.));
#7264=DIRECTION('',(1.,0.,0.));
#7265=DIRECTION('',(1.,0.,0.));
#7266=DIRECTION('',(0.,-1.,0.));
#7267=DIRECTION('',(1.,0.,0.));
#7268=DIRECTION('',(0.,-1.,0.));
#7269=DIRECTION('',(0.,1.,0.));
#7270=DIRECTION('',(0.,0.,1.));
#7271=DIRECTION('',(0.,-1.,0.));
#7272=DIRECTION('',(1.,0.,0.));
#7273=DIRECTION('',(1.,0.,0.));
#7274=DIRECTION('',(0.,-1.,0.));
#7275=DIRECTION('',(1.,0.,0.));
#7276=DIRECTION('',(0.,-1.,0.));
#7277=DIRECTION('',(1.,0.,0.));
#7278=DIRECTION('',(-7.82721183090866E-17,0.,-1.));
#7279=DIRECTION('',(-1.,0.,0.));
#7280=DIRECTION('',(1.56277438676217E-16,0.,1.));
#7281=DIRECTION('',(0.,-1.,0.));
#7282=DIRECTION('',(1.,0.,0.));
#7283=DIRECTION('',(0.,-1.,0.));
#7284=DIRECTION('',(1.,0.,0.));
#7285=DIRECTION('',(0.,0.,-1.));
#7286=DIRECTION('',(-1.,0.,0.));
#7287=DIRECTION('',(1.5816626638984E-16,0.,1.));
#7288=DIRECTION('',(0.,-1.,0.));
#7289=DIRECTION('',(1.,0.,0.));
#7290=DIRECTION('',(0.,0.,-1.));
#7291=DIRECTION('',(-0.689909423455202,0.,-0.723895702037048));
#7292=DIRECTION('',(0.,-1.,0.));
#7293=DIRECTION('',(1.,0.,0.));
#7294=DIRECTION('',(0.723895702037048,0.,-0.689909423455202));
#7295=DIRECTION('',(0.,0.,-1.));
#7296=DIRECTION('',(-0.500381129610469,0.,-0.865805246651781));
#7297=DIRECTION('',(0.,1.,0.));
#7298=DIRECTION('',(1.,0.,0.));
#7299=DIRECTION('',(-0.500381129610469,0.,0.865805246651781));
#7300=DIRECTION('',(0.,0.,1.));
#7301=DIRECTION('',(0.723895702037049,0.,0.689909423455201));
#7302=DIRECTION('',(0.,-1.,0.));
#7303=DIRECTION('',(-1.,0.,0.));
#7304=DIRECTION('',(-0.689909423455203,0.,0.723895702037047));
#7305=DIRECTION('',(2.82179480019212E-17,0.,1.));
#7306=DIRECTION('',(0.,-1.,0.));
#7307=DIRECTION('',(-1.,0.,0.));
#7308=DIRECTION('',(0.,-1.,0.));
#7309=DIRECTION('',(1.,0.,0.));
#7310=DIRECTION('',(1.977078329873E-16,0.,-1.));
#7311=DIRECTION('',(-1.,0.,0.));
#7312=DIRECTION('',(0.,0.,1.));
#7313=DIRECTION('',(0.,-1.,0.));
#7314=DIRECTION('',(-1.,0.,0.));
#7315=DIRECTION('',(0.,-1.,0.));
#7316=DIRECTION('',(1.,0.,0.));
#7317=DIRECTION('',(1.56277438676217E-16,0.,-1.));
#7318=DIRECTION('',(-1.,0.,0.));
#7319=DIRECTION('',(-7.82721183090866E-17,0.,1.));
#7320=DIRECTION('',(0.,-1.,0.));
#7321=DIRECTION('',(-1.,0.,0.));
#7322=DIRECTION('',(0.,0.,1.));
#7323=DIRECTION('',(1.,0.,0.));
#7324=DIRECTION('',(-1.,0.,7.82721183090866E-17));
#7325=DIRECTION('',(7.82721183090866E-17,0.,1.));
#7326=DIRECTION('',(7.82721183090866E-17,0.,1.));
#7327=DIRECTION('',(0.,-1.,0.));
#7328=DIRECTION('',(0.,-1.,0.));
#7329=DIRECTION('',(1.,0.,-1.56277438676217E-16));
#7330=DIRECTION('',(-1.56277438676217E-16,0.,-1.));
#7331=DIRECTION('',(-1.56277438676217E-16,0.,-1.));
#7332=DIRECTION('',(0.,-1.,0.));
#7333=DIRECTION('',(0.,-1.,0.));
#7334=DIRECTION('',(0.,-1.,0.));
#7335=DIRECTION('',(0.,0.,-1.));
#7336=DIRECTION('',(0.,-1.,0.));
#7337=DIRECTION('',(0.,0.,-1.));
#7338=DIRECTION('',(0.,-1.,0.));
#7339=DIRECTION('',(0.,0.,-1.));
#7340=DIRECTION('',(0.,-1.,0.));
#7341=DIRECTION('',(0.,0.,-1.));
#7342=DIRECTION('',(-1.,0.,0.));
#7343=DIRECTION('',(0.,0.,1.));
#7344=DIRECTION('',(0.,0.,1.));
#7345=DIRECTION('',(0.,-1.,0.));
#7346=DIRECTION('',(0.,-1.,0.));
#7347=DIRECTION('',(1.,0.,-1.5816626638984E-16));
#7348=DIRECTION('',(-1.5816626638984E-16,0.,-1.));
#7349=DIRECTION('',(-1.5816626638984E-16,0.,-1.));
#7350=DIRECTION('',(0.,-1.,0.));
#7351=DIRECTION('',(0.,-1.,0.));
#7352=DIRECTION('',(0.,-1.,0.));
#7353=DIRECTION('',(0.,0.,-1.));
#7354=DIRECTION('',(0.,-1.,0.));
#7355=DIRECTION('',(0.,0.,-1.));
#7356=DIRECTION('',(0.,-1.,0.));
#7357=DIRECTION('',(0.,0.,-1.));
#7358=DIRECTION('',(0.,-1.,0.));
#7359=DIRECTION('',(0.,0.,-1.));
#7360=DIRECTION('',(-1.,0.,0.));
#7361=DIRECTION('',(0.,0.,1.));
#7362=DIRECTION('',(0.,0.,1.));
#7363=DIRECTION('',(0.,-1.,0.));
#7364=DIRECTION('',(-0.723895702037048,0.,0.689909423455202));
#7365=DIRECTION('',(0.689909423455202,0.,0.723895702037048));
#7366=DIRECTION('',(0.689909423455202,0.,0.723895702037048));
#7367=DIRECTION('',(0.,-1.,0.));
#7368=DIRECTION('',(0.,-1.,0.));
#7369=DIRECTION('',(0.,0.,-1.));
#7370=DIRECTION('',(0.,-1.,0.));
#7371=DIRECTION('',(0.,0.,-1.));
#7372=DIRECTION('',(0.,-1.,0.));
#7373=DIRECTION('',(-0.689909423455202,0.,-0.723895702037049));
#7374=DIRECTION('',(-0.723895702037048,0.,0.689909423455202));
#7375=DIRECTION('',(-0.723895702037048,0.,0.689909423455202));
#7376=DIRECTION('',(0.,-1.,0.));
#7377=DIRECTION('',(-1.,0.,0.));
#7378=DIRECTION('',(0.,0.,1.));
#7379=DIRECTION('',(0.,0.,1.));
#7380=DIRECTION('',(0.,-1.,0.));
#7381=DIRECTION('',(-0.865805246651781,0.,0.500381129610469));
#7382=DIRECTION('',(0.500381129610469,0.,0.865805246651781));
#7383=DIRECTION('',(0.500381129610469,0.,0.865805246651781));
#7384=DIRECTION('',(0.,-1.,0.));
#7385=DIRECTION('',(0.,-1.,0.));
#7386=DIRECTION('',(0.,0.,-1.));
#7387=DIRECTION('',(0.,-1.,0.));
#7388=DIRECTION('',(0.,0.,-1.));
#7389=DIRECTION('',(0.,-1.,0.));
#7390=DIRECTION('',(0.865805246651781,0.,0.500381129610469));
#7391=DIRECTION('',(0.500381129610469,0.,-0.865805246651781));
#7392=DIRECTION('',(0.500381129610469,0.,-0.865805246651781));
#7393=DIRECTION('',(0.,-1.,0.));
#7394=DIRECTION('',(1.,0.,0.));
#7395=DIRECTION('',(0.,0.,-1.));
#7396=DIRECTION('',(0.,0.,-1.));
#7397=DIRECTION('',(0.,-1.,0.));
#7398=DIRECTION('',(0.689909423455201,0.,-0.723895702037049));
#7399=DIRECTION('',(-0.723895702037049,0.,-0.689909423455201));
#7400=DIRECTION('',(-0.723895702037049,0.,-0.689909423455201));
#7401=DIRECTION('',(0.,-1.,0.));
#7402=DIRECTION('',(0.,-1.,0.));
#7403=DIRECTION('',(0.,0.,-1.));
#7404=DIRECTION('',(0.,-1.,0.));
#7405=DIRECTION('',(0.,0.,-1.));
#7406=DIRECTION('',(0.,-1.,0.));
#7407=DIRECTION('',(0.723895702037047,0.,0.689909423455203));
#7408=DIRECTION('',(0.689909423455203,0.,-0.723895702037047));
#7409=DIRECTION('',(0.689909423455203,0.,-0.723895702037047));
#7410=DIRECTION('',(0.,-1.,0.));
#7411=DIRECTION('',(1.,0.,-2.82179480019212E-17));
#7412=DIRECTION('',(-2.82179480019212E-17,0.,-1.));
#7413=DIRECTION('',(-2.82179480019212E-17,0.,-1.));
#7414=DIRECTION('',(0.,-1.,0.));
#7415=DIRECTION('',(0.,-1.,0.));
#7416=DIRECTION('',(0.,0.,-1.));
#7417=DIRECTION('',(0.,-1.,0.));
#7418=DIRECTION('',(0.,0.,-1.));
#7419=DIRECTION('',(-1.,0.,-1.977078329873E-16));
#7420=DIRECTION('',(-1.977078329873E-16,0.,1.));
#7421=DIRECTION('',(-1.977078329873E-16,0.,1.));
#7422=DIRECTION('',(0.,-1.,0.));
#7423=DIRECTION('',(0.,-1.,0.));
#7424=DIRECTION('',(1.,0.,0.));
#7425=DIRECTION('',(0.,0.,-1.));
#7426=DIRECTION('',(0.,0.,-1.));
#7427=DIRECTION('',(0.,-1.,0.));
#7428=DIRECTION('',(0.,-1.,0.));
#7429=DIRECTION('',(0.,-1.,0.));
#7430=DIRECTION('',(0.,0.,-1.));
#7431=DIRECTION('',(0.,-1.,0.));
#7432=DIRECTION('',(0.,0.,-1.));
#7433=DIRECTION('',(0.,-1.,0.));
#7434=DIRECTION('',(0.,0.,-1.));
#7435=DIRECTION('',(0.,-1.,0.));
#7436=DIRECTION('',(0.,0.,-1.));
#7437=DIRECTION('',(-1.,0.,-1.56277438676217E-16));
#7438=DIRECTION('',(-1.56277438676217E-16,0.,1.));
#7439=DIRECTION('',(-1.56277438676217E-16,0.,1.));
#7440=DIRECTION('',(0.,-1.,0.));
#7441=DIRECTION('',(0.,-1.,0.));
#7442=DIRECTION('',(0.,0.,1.));
#7443=DIRECTION('',(1.,0.,0.));
#7444=DIRECTION('',(1.,0.,0.));
#7445=DIRECTION('',(1.,0.,0.));
#7446=DIRECTION('',(1.,0.,0.));
#7447=DIRECTION('',(1.,0.,0.));
#7448=DIRECTION('',(1.,0.,0.));
#7449=DIRECTION('',(1.,0.,0.));
#7450=DIRECTION('',(1.,0.,0.));
#7451=DIRECTION('',(1.,0.,0.));
#7452=DIRECTION('',(1.,0.,0.));
#7453=DIRECTION('',(1.,0.,0.));
#7454=DIRECTION('',(1.,0.,0.));
#7455=DIRECTION('',(1.,0.,0.));
#7456=DIRECTION('',(1.,0.,0.));
#7457=DIRECTION('',(1.,0.,0.));
#7458=DIRECTION('',(1.,0.,0.));
#7459=DIRECTION('',(1.,0.,0.));
#7460=DIRECTION('',(1.,0.,0.));
#7461=DIRECTION('',(1.,0.,0.));
#7462=DIRECTION('',(1.,0.,0.));
#7463=DIRECTION('',(1.,0.,0.));
#7464=DIRECTION('',(1.,0.,0.));
#7465=DIRECTION('',(1.,0.,0.));
#7466=DIRECTION('',(1.,0.,0.));
#7467=DIRECTION('',(1.,0.,0.));
#7468=DIRECTION('',(1.,0.,0.));
#7469=DIRECTION('',(1.,0.,0.));
#7470=DIRECTION('',(1.,0.,0.));
#7471=DIRECTION('',(1.,0.,0.));
#7472=DIRECTION('',(1.,0.,0.));
#7473=DIRECTION('',(1.,0.,0.));
#7474=DIRECTION('',(1.,0.,0.));
#7475=DIRECTION('',(1.,0.,0.));
#7476=DIRECTION('',(1.,0.,0.));
#7477=DIRECTION('',(1.,0.,0.));
#7478=DIRECTION('',(1.,0.,0.));
#7479=DIRECTION('',(1.,0.,0.));
#7480=DIRECTION('',(1.,0.,0.));
#7481=DIRECTION('',(1.,0.,0.));
#7482=DIRECTION('',(1.,0.,0.));
#7483=DIRECTION('',(1.,0.,0.));
#7484=DIRECTION('',(1.,0.,0.));
#7485=DIRECTION('',(1.,0.,0.));
#7486=DIRECTION('',(1.,0.,0.));
#7487=DIRECTION('',(1.,0.,0.));
#7488=DIRECTION('',(1.,0.,0.));
#7489=DIRECTION('',(1.,0.,0.));
#7490=DIRECTION('',(1.,0.,0.));
#7491=DIRECTION('',(1.,0.,0.));
#7492=DIRECTION('',(1.,0.,0.));
#7493=DIRECTION('',(1.,0.,0.));
#7494=DIRECTION('',(0.,-1.,0.));
#7495=DIRECTION('',(1.,0.,7.82721183090866E-17));
#7496=DIRECTION('',(7.82721183090866E-17,0.,-1.));
#7497=DIRECTION('',(7.82721183090866E-17,0.,-1.));
#7498=DIRECTION('',(0.,-1.,0.));
#7499=DIRECTION('',(0.,-1.,0.));
#7500=DIRECTION('',(0.,0.,-1.));
#7501=DIRECTION('',(0.,-1.,0.));
#7502=DIRECTION('',(0.,0.,-1.));
#7503=DIRECTION('',(0.,-1.,0.));
#7504=DIRECTION('',(0.,0.,-1.));
#7505=DIRECTION('',(0.,-1.,0.));
#7506=DIRECTION('',(0.,0.,-1.));
#7507=DIRECTION('',(0.,-1.,0.));
#7508=DIRECTION('',(0.,0.,-1.));
#7509=DIRECTION('',(0.,-1.,0.));
#7510=DIRECTION('',(0.,0.,-1.));
#7511=DIRECTION('',(0.,-1.,0.));
#7512=DIRECTION('',(0.,0.,-1.));
#7513=DIRECTION('',(0.,-1.,0.));
#7514=DIRECTION('',(0.,0.,-1.));
#7515=DIRECTION('',(0.,-1.,0.));
#7516=DIRECTION('',(0.,0.,-1.));
#7517=DIRECTION('',(0.,1.,3.50056701619959E-15));
#7518=DIRECTION('',(0.,-3.50056701619959E-15,1.));
#7519=DIRECTION('',(0.,-1.,0.));
#7520=DIRECTION('',(0.,0.,-1.));
#7521=DIRECTION('',(0.,1.,0.));
#7522=DIRECTION('',(0.,0.,1.));
#7523=DIRECTION('',(0.,-1.,0.));
#7524=DIRECTION('',(0.,0.,-1.));
#7525=DIRECTION('',(0.,1.,0.));
#7526=DIRECTION('',(0.,0.,1.));
#7527=DIRECTION('',(0.,-1.,-7.89986868847699E-17));
#7528=DIRECTION('',(0.,7.89986868847699E-17,-1.));
#7529=DIRECTION('',(0.,1.,8.75141754049898E-16));
#7530=DIRECTION('',(0.,-8.75141754049898E-16,1.));
#7531=DIRECTION('',(0.,-1.,-7.89986868847699E-17));
#7532=DIRECTION('',(0.,7.89986868847699E-17,-1.));
#7533=DIRECTION('',(0.,1.,0.));
#7534=DIRECTION('',(0.,0.,1.));
#7535=DIRECTION('',(0.,-1.,0.));
#7536=DIRECTION('',(0.,0.,-1.));
#7537=DIRECTION('',(0.,1.,3.50056701619959E-15));
#7538=DIRECTION('',(0.,-3.50056701619959E-15,1.));
#7539=DIRECTION('',(0.,-1.,0.));
#7540=DIRECTION('',(0.,0.,-1.));
#7541=DIRECTION('',(0.,1.,0.));
#7542=DIRECTION('',(0.,0.,1.));
#7543=DIRECTION('',(0.,-1.,0.));
#7544=DIRECTION('',(0.,0.,-1.));
#7545=DIRECTION('',(0.,1.,0.));
#7546=DIRECTION('',(0.,0.,1.));
#7547=DIRECTION('',(0.,-1.,-7.89986868847699E-17));
#7548=DIRECTION('',(0.,7.89986868847699E-17,-1.));
#7549=DIRECTION('',(0.,1.,8.75141754049898E-16));
#7550=DIRECTION('',(0.,-8.75141754049898E-16,1.));
#7551=DIRECTION('',(0.,-1.,-7.89986868847699E-17));
#7552=DIRECTION('',(0.,7.89986868847699E-17,-1.));
#7553=DIRECTION('',(0.,1.,0.));
#7554=DIRECTION('',(0.,0.,1.));
#7555=DIRECTION('',(0.,-1.,0.));
#7556=DIRECTION('',(0.,0.,-1.));
#7557=DIRECTION('',(0.,1.,3.50056701619959E-15));
#7558=DIRECTION('',(0.,-3.50056701619959E-15,1.));
#7559=DIRECTION('',(0.,-1.,0.));
#7560=DIRECTION('',(0.,0.,-1.));
#7561=DIRECTION('',(0.,1.,0.));
#7562=DIRECTION('',(0.,0.,1.));
#7563=DIRECTION('',(0.,-1.,0.));
#7564=DIRECTION('',(0.,0.,-1.));
#7565=DIRECTION('',(0.,1.,0.));
#7566=DIRECTION('',(0.,0.,1.));
#7567=DIRECTION('',(0.,-1.,-7.89986868847699E-17));
#7568=DIRECTION('',(0.,7.89986868847699E-17,-1.));
#7569=DIRECTION('',(0.,1.,8.75141754049898E-16));
#7570=DIRECTION('',(0.,-8.75141754049898E-16,1.));
#7571=DIRECTION('',(0.,-1.,-7.89986868847699E-17));
#7572=DIRECTION('',(0.,7.89986868847699E-17,-1.));
#7573=DIRECTION('',(0.,1.,0.));
#7574=DIRECTION('',(0.,0.,1.));
#7575=DIRECTION('',(0.,-1.,0.));
#7576=DIRECTION('',(0.,0.,-1.));
#7577=DIRECTION('',(0.,1.,3.50056701619959E-15));
#7578=DIRECTION('',(0.,-3.50056701619959E-15,1.));
#7579=DIRECTION('',(0.,-1.,0.));
#7580=DIRECTION('',(0.,0.,-1.));
#7581=DIRECTION('',(0.,1.,0.));
#7582=DIRECTION('',(0.,0.,1.));
#7583=DIRECTION('',(0.,-1.,0.));
#7584=DIRECTION('',(0.,0.,-1.));
#7585=DIRECTION('',(0.,1.,0.));
#7586=DIRECTION('',(0.,0.,1.));
#7587=DIRECTION('',(0.,-1.,-7.89986868847699E-17));
#7588=DIRECTION('',(0.,7.89986868847699E-17,-1.));
#7589=DIRECTION('',(0.,1.,8.75141754049898E-16));
#7590=DIRECTION('',(0.,-8.75141754049898E-16,1.));
#7591=DIRECTION('',(0.,-1.,-7.89986868847699E-17));
#7592=DIRECTION('',(0.,7.89986868847699E-17,-1.));
#7593=DIRECTION('',(0.,1.,0.));
#7594=DIRECTION('',(0.,0.,1.));
#7595=DIRECTION('',(0.,1.,3.50056701619959E-15));
#7596=DIRECTION('',(0.,-3.50056701619959E-15,1.));
#7597=DIRECTION('',(0.,-1.,0.));
#7598=DIRECTION('',(0.,0.,-1.));
#7599=DIRECTION('',(0.,-1.,0.));
#7600=DIRECTION('',(0.,0.,-1.));
#7601=DIRECTION('',(0.,1.,0.));
#7602=DIRECTION('',(0.,0.,1.));
#7603=DIRECTION('',(0.,1.,0.));
#7604=DIRECTION('',(0.,0.,1.));
#7605=DIRECTION('',(0.,-1.,0.));
#7606=DIRECTION('',(0.,0.,-1.));
#7607=DIRECTION('',(0.,1.,8.75141754049898E-16));
#7608=DIRECTION('',(0.,-8.75141754049898E-16,1.));
#7609=DIRECTION('',(0.,-1.,-7.89986868847699E-17));
#7610=DIRECTION('',(0.,7.89986868847699E-17,-1.));
#7611=DIRECTION('',(0.,1.,0.));
#7612=DIRECTION('',(0.,0.,1.));
#7613=DIRECTION('',(0.,-1.,-7.89986868847699E-17));
#7614=DIRECTION('',(0.,7.89986868847699E-17,-1.));
#7615=CARTESIAN_POINT('',(0.,0.,0.));
#7616=CARTESIAN_POINT('',(0.,0.,25.));
#7617=CARTESIAN_POINT('',(-12.5088900067052,18.8713114147729,25.));
#7618=CARTESIAN_POINT('',(-12.5088900067052,13.5,25.));
#7619=CARTESIAN_POINT('',(-12.5088900067052,11.4418523699917,25.));
#7620=CARTESIAN_POINT('',(-29.8861638608737,11.4418523699917,25.));
#7621=CARTESIAN_POINT('',(-12.0872744541472,11.4418523699917,25.));
#7622=CARTESIAN_POINT('',(-12.0872744541472,35.829872791588,25.));
#7623=CARTESIAN_POINT('',(-12.0872744541472,13.5,25.));
#7624=CARTESIAN_POINT('',(13.5,13.5,25.));
#7625=CARTESIAN_POINT('',(0.,0.,25.));
#7626=CARTESIAN_POINT('',(-29.8861638608737,8.61278361376611,25.));
#7627=CARTESIAN_POINT('',(-12.5088900067052,8.61278361376611,25.));
#7628=CARTESIAN_POINT('',(-12.0872744541472,8.61278361376611,25.));
#7629=CARTESIAN_POINT('',(-12.5088900067052,18.8713114147729,25.));
#7630=CARTESIAN_POINT('',(-12.5088900067052,6.47186671716295,25.));
#7631=CARTESIAN_POINT('',(-29.8861638608737,6.47186671716295,25.));
#7632=CARTESIAN_POINT('',(-12.0872744541472,6.47186671716295,25.));
#7633=CARTESIAN_POINT('',(-12.0872744541472,35.829872791588,25.));
#7634=CARTESIAN_POINT('',(0.,0.,25.));
#7635=CARTESIAN_POINT('',(-29.8861638608737,3.60456730206946,25.));
#7636=CARTESIAN_POINT('',(-12.5088900067052,3.60456730206946,25.));
#7637=CARTESIAN_POINT('',(-12.0872744541472,3.60456730206946,25.));
#7638=CARTESIAN_POINT('',(-12.5088900067052,18.8713114147729,25.));
#7639=CARTESIAN_POINT('',(-12.5088900067052,1.46126098928706,25.));
#7640=CARTESIAN_POINT('',(-29.8861638608737,1.46126098928706,25.));
#7641=CARTESIAN_POINT('',(-12.0872744541472,1.46126098928706,25.));
#7642=CARTESIAN_POINT('',(-12.0872744541472,35.829872791588,25.));
#7643=CARTESIAN_POINT('',(0.,0.,25.));
#7644=CARTESIAN_POINT('',(-29.8861638608737,-1.38241404505202,25.));
#7645=CARTESIAN_POINT('',(-12.5088900067052,-1.38241404505202,25.));
#7646=CARTESIAN_POINT('',(-12.0872744541472,-1.38241404505202,25.));
#7647=CARTESIAN_POINT('',(-12.5088900067052,18.8713114147729,25.));
#7648=CARTESIAN_POINT('',(-12.5088900067052,-3.61182114909434,25.));
#7649=CARTESIAN_POINT('',(-29.8861638608737,-3.61182114909434,25.));
#7650=CARTESIAN_POINT('',(-12.0872744541472,-3.61182114909434,25.));
#7651=CARTESIAN_POINT('',(-12.0872744541472,35.829872791588,25.));
#7652=CARTESIAN_POINT('',(0.,0.,25.));
#7653=CARTESIAN_POINT('',(-29.8861638608737,-6.29466698616221,25.));
#7654=CARTESIAN_POINT('',(-12.5088900067052,-6.29466698616221,25.));
#7655=CARTESIAN_POINT('',(-12.0872744541472,-6.29466698616221,25.));
#7656=CARTESIAN_POINT('',(-12.5088900067052,18.8713114147729,25.));
#7657=CARTESIAN_POINT('',(-12.5088900067052,-8.58249304944334,25.));
#7658=CARTESIAN_POINT('',(-29.8861638608737,-8.58249304944334,25.));
#7659=CARTESIAN_POINT('',(-12.0872744541472,-8.58249304944334,25.));
#7660=CARTESIAN_POINT('',(-12.0872744541472,35.829872791588,25.));
#7661=CARTESIAN_POINT('',(0.,0.,25.));
#7662=CARTESIAN_POINT('',(-7.82102149094282,35.829872791588,25.));
#7663=CARTESIAN_POINT('',(-7.82102149094282,13.5,25.));
#7664=CARTESIAN_POINT('',(-7.82102149094283,11.4418523699917,25.));
#7665=CARTESIAN_POINT('',(-29.8861638608737,11.4418523699917,25.));
#7666=CARTESIAN_POINT('',(-7.3608011046928,11.4418523699917,25.));
#7667=CARTESIAN_POINT('',(-7.36080110469279,35.829872791588,25.));
#7668=CARTESIAN_POINT('',(-7.36080110469279,13.5,25.));
#7669=CARTESIAN_POINT('',(13.5,13.5,25.));
#7670=CARTESIAN_POINT('',(0.,0.,25.));
#7671=CARTESIAN_POINT('',(-29.8861638608737,8.61278361376611,25.));
#7672=CARTESIAN_POINT('',(-7.82102149094282,8.61278361376611,25.));
#7673=CARTESIAN_POINT('',(-7.36080110469279,8.61278361376611,25.));
#7674=CARTESIAN_POINT('',(-7.82102149094282,35.829872791588,25.));
#7675=CARTESIAN_POINT('',(-7.82102149094283,6.47186671716295,25.));
#7676=CARTESIAN_POINT('',(-29.8861638608737,6.47186671716295,25.));
#7677=CARTESIAN_POINT('',(-7.3608011046928,6.47186671716295,25.));
#7678=CARTESIAN_POINT('',(-7.36080110469279,35.829872791588,25.));
#7679=CARTESIAN_POINT('',(0.,0.,25.));
#7680=CARTESIAN_POINT('',(-29.8861638608737,3.60456730206946,25.));
#7681=CARTESIAN_POINT('',(-7.82102149094282,3.60456730206946,25.));
#7682=CARTESIAN_POINT('',(-7.36080110469279,3.60456730206946,25.));
#7683=CARTESIAN_POINT('',(-7.82102149094282,35.829872791588,25.));
#7684=CARTESIAN_POINT('',(-7.82102149094283,1.46126098928706,25.));
#7685=CARTESIAN_POINT('',(-29.8861638608737,1.46126098928706,25.));
#7686=CARTESIAN_POINT('',(-7.3608011046928,1.46126098928706,25.));
#7687=CARTESIAN_POINT('',(-7.36080110469279,35.829872791588,25.));
#7688=CARTESIAN_POINT('',(0.,0.,25.));
#7689=CARTESIAN_POINT('',(-29.8861638608737,-1.38241404505202,25.));
#7690=CARTESIAN_POINT('',(-7.82102149094282,-1.38241404505202,25.));
#7691=CARTESIAN_POINT('',(-7.36080110469279,-1.38241404505202,25.));
#7692=CARTESIAN_POINT('',(-7.82102149094282,35.829872791588,25.));
#7693=CARTESIAN_POINT('',(-7.82102149094282,-3.61182114909434,25.));
#7694=CARTESIAN_POINT('',(-29.8861638608737,-3.61182114909434,25.));
#7695=CARTESIAN_POINT('',(-7.36080110469279,-3.61182114909434,25.));
#7696=CARTESIAN_POINT('',(-7.36080110469279,35.829872791588,25.));
#7697=CARTESIAN_POINT('',(0.,0.,25.));
#7698=CARTESIAN_POINT('',(-29.8861638608737,-6.29466698616221,25.));
#7699=CARTESIAN_POINT('',(-7.82102149094282,-6.29466698616221,25.));
#7700=CARTESIAN_POINT('',(-7.36080110469279,-6.29466698616221,25.));
#7701=CARTESIAN_POINT('',(-7.82102149094282,35.829872791588,25.));
#7702=CARTESIAN_POINT('',(-7.82102149094283,-8.58249304944334,25.));
#7703=CARTESIAN_POINT('',(-29.8861638608737,-8.58249304944334,25.));
#7704=CARTESIAN_POINT('',(-7.3608011046928,-8.58249304944334,25.));
#7705=CARTESIAN_POINT('',(-7.36080110469279,35.829872791588,25.));
#7706=CARTESIAN_POINT('',(0.,0.,25.));
#7707=CARTESIAN_POINT('',(-2.76950911090301,35.829872791588,25.));
#7708=CARTESIAN_POINT('',(-2.76950911090301,13.5,25.));
#7709=CARTESIAN_POINT('',(-2.76950911090301,11.4418523699917,25.));
#7710=CARTESIAN_POINT('',(-29.8861638608737,11.4418523699917,25.));
#7711=CARTESIAN_POINT('',(-2.73013745919298,11.4418523699917,25.));
#7712=CARTESIAN_POINT('',(-2.73013745919297,35.829872791588,25.));
#7713=CARTESIAN_POINT('',(-2.73013745919297,13.5,25.));
#7714=CARTESIAN_POINT('',(13.5,13.5,25.));
#7715=CARTESIAN_POINT('',(0.,0.,25.));
#7716=CARTESIAN_POINT('',(-29.8861638608737,8.61278361376611,25.));
#7717=CARTESIAN_POINT('',(-2.76950911090301,8.61278361376611,25.));
#7718=CARTESIAN_POINT('',(-2.73013745919297,8.61278361376611,25.));
#7719=CARTESIAN_POINT('',(-2.76950911090301,35.829872791588,25.));
#7720=CARTESIAN_POINT('',(-2.76950911090301,6.47186671716295,25.));
#7721=CARTESIAN_POINT('',(-29.8861638608737,6.47186671716295,25.));
#7722=CARTESIAN_POINT('',(-2.73013745919298,6.47186671716295,25.));
#7723=CARTESIAN_POINT('',(-2.73013745919297,35.829872791588,25.));
#7724=CARTESIAN_POINT('',(0.,0.,25.));
#7725=CARTESIAN_POINT('',(-29.8861638608737,3.60456730206946,25.));
#7726=CARTESIAN_POINT('',(-2.76950911090301,3.60456730206946,25.));
#7727=CARTESIAN_POINT('',(-2.73013745919297,3.60456730206946,25.));
#7728=CARTESIAN_POINT('',(-2.76950911090301,35.829872791588,25.));
#7729=CARTESIAN_POINT('',(-2.76950911090301,1.46126098928706,25.));
#7730=CARTESIAN_POINT('',(-29.8861638608737,1.46126098928706,25.));
#7731=CARTESIAN_POINT('',(-2.73013745919298,1.46126098928706,25.));
#7732=CARTESIAN_POINT('',(-2.73013745919297,35.829872791588,25.));
#7733=CARTESIAN_POINT('',(0.,0.,25.));
#7734=CARTESIAN_POINT('',(-29.8861638608737,-1.38241404505202,25.));
#7735=CARTESIAN_POINT('',(-2.76950911090301,-1.38241404505202,25.));
#7736=CARTESIAN_POINT('',(-2.73013745919297,-1.38241404505202,25.));
#7737=CARTESIAN_POINT('',(-2.76950911090301,35.829872791588,25.));
#7738=CARTESIAN_POINT('',(-2.76950911090301,-3.61182114909434,25.));
#7739=CARTESIAN_POINT('',(-29.8861638608737,-3.61182114909434,25.));
#7740=CARTESIAN_POINT('',(-2.73013745919297,-3.61182114909434,25.));
#7741=CARTESIAN_POINT('',(-2.73013745919297,35.829872791588,25.));
#7742=CARTESIAN_POINT('',(0.,0.,25.));
#7743=CARTESIAN_POINT('',(-29.8861638608737,-6.29466698616221,25.));
#7744=CARTESIAN_POINT('',(-2.76950911090301,-6.29466698616221,25.));
#7745=CARTESIAN_POINT('',(-2.73013745919297,-6.29466698616221,25.));
#7746=CARTESIAN_POINT('',(-2.76950911090301,35.829872791588,25.));
#7747=CARTESIAN_POINT('',(-2.76950911090301,-8.58249304944334,25.));
#7748=CARTESIAN_POINT('',(-29.8861638608737,-8.58249304944334,25.));
#7749=CARTESIAN_POINT('',(-2.73013745919298,-8.58249304944334,25.));
#7750=CARTESIAN_POINT('',(-2.73013745919297,35.829872791588,25.));
#7751=CARTESIAN_POINT('',(0.,0.,25.));
#7752=CARTESIAN_POINT('',(1.78406717916832,35.829872791588,25.));
#7753=CARTESIAN_POINT('',(1.78406717916832,13.5,25.));
#7754=CARTESIAN_POINT('',(1.78406717916831,11.4418523699917,25.));
#7755=CARTESIAN_POINT('',(-29.8861638608737,11.4418523699917,25.));
#7756=CARTESIAN_POINT('',(2.76950911090299,11.4418523699917,25.));
#7757=CARTESIAN_POINT('',(2.76950911090301,35.829872791588,25.));
#7758=CARTESIAN_POINT('',(2.76950911090301,13.5,25.));
#7759=CARTESIAN_POINT('',(13.5,13.5,25.));
#7760=CARTESIAN_POINT('',(0.,0.,25.));
#7761=CARTESIAN_POINT('',(-29.8861638608737,8.61278361376611,25.));
#7762=CARTESIAN_POINT('',(1.78406717916831,8.61278361376611,25.));
#7763=CARTESIAN_POINT('',(2.76950911090301,8.61278361376611,25.));
#7764=CARTESIAN_POINT('',(1.78406717916832,35.829872791588,25.));
#7765=CARTESIAN_POINT('',(1.78406717916831,6.47186671716295,25.));
#7766=CARTESIAN_POINT('',(-29.8861638608737,6.47186671716295,25.));
#7767=CARTESIAN_POINT('',(2.76950911090299,6.47186671716295,25.));
#7768=CARTESIAN_POINT('',(2.76950911090301,35.829872791588,25.));
#7769=CARTESIAN_POINT('',(0.,0.,25.));
#7770=CARTESIAN_POINT('',(-29.8861638608737,3.60456730206946,25.));
#7771=CARTESIAN_POINT('',(1.78406717916831,3.60456730206946,25.));
#7772=CARTESIAN_POINT('',(2.76950911090301,3.60456730206946,25.));
#7773=CARTESIAN_POINT('',(1.78406717916832,35.829872791588,25.));
#7774=CARTESIAN_POINT('',(1.78406717916831,1.46126098928706,25.));
#7775=CARTESIAN_POINT('',(-29.8861638608737,1.46126098928706,25.));
#7776=CARTESIAN_POINT('',(2.76950911090299,1.46126098928706,25.));
#7777=CARTESIAN_POINT('',(2.76950911090301,35.829872791588,25.));
#7778=CARTESIAN_POINT('',(0.,0.,25.));
#7779=CARTESIAN_POINT('',(-29.8861638608737,-1.38241404505202,25.));
#7780=CARTESIAN_POINT('',(1.78406717916831,-1.38241404505202,25.));
#7781=CARTESIAN_POINT('',(2.76950911090301,-1.38241404505202,25.));
#7782=CARTESIAN_POINT('',(1.78406717916832,35.829872791588,25.));
#7783=CARTESIAN_POINT('',(1.78406717916831,-3.61182114909434,25.));
#7784=CARTESIAN_POINT('',(-29.8861638608737,-3.61182114909434,25.));
#7785=CARTESIAN_POINT('',(2.76950911090301,-3.61182114909434,25.));
#7786=CARTESIAN_POINT('',(2.76950911090301,35.829872791588,25.));
#7787=CARTESIAN_POINT('',(0.,0.,25.));
#7788=CARTESIAN_POINT('',(-29.8861638608737,-6.29466698616221,25.));
#7789=CARTESIAN_POINT('',(1.78406717916831,-6.29466698616221,25.));
#7790=CARTESIAN_POINT('',(2.76950911090301,-6.29466698616221,25.));
#7791=CARTESIAN_POINT('',(1.78406717916832,35.829872791588,25.));
#7792=CARTESIAN_POINT('',(1.78406717916831,-8.58249304944334,25.));
#7793=CARTESIAN_POINT('',(-29.8861638608737,-8.58249304944334,25.));
#7794=CARTESIAN_POINT('',(2.76950911090299,-8.58249304944334,25.));
#7795=CARTESIAN_POINT('',(2.76950911090301,35.829872791588,25.));
#7796=CARTESIAN_POINT('',(0.,0.,25.));
#7797=CARTESIAN_POINT('',(7.36080110469279,35.829872791588,25.));
#7798=CARTESIAN_POINT('',(7.36080110469279,13.5,25.));
#7799=CARTESIAN_POINT('',(7.36080110469278,11.4418523699917,25.));
#7800=CARTESIAN_POINT('',(-29.8861638608737,11.4418523699917,25.));
#7801=CARTESIAN_POINT('',(7.8210214909428,11.4418523699917,25.));
#7802=CARTESIAN_POINT('',(7.82102149094282,35.829872791588,25.));
#7803=CARTESIAN_POINT('',(7.82102149094282,13.5,25.));
#7804=CARTESIAN_POINT('',(13.5,13.5,25.));
#7805=CARTESIAN_POINT('',(0.,0.,25.));
#7806=CARTESIAN_POINT('',(-29.8861638608737,8.61278361376611,25.));
#7807=CARTESIAN_POINT('',(7.36080110469279,8.61278361376611,25.));
#7808=CARTESIAN_POINT('',(7.82102149094282,8.61278361376611,25.));
#7809=CARTESIAN_POINT('',(7.36080110469279,35.829872791588,25.));
#7810=CARTESIAN_POINT('',(7.36080110469278,6.47186671716295,25.));
#7811=CARTESIAN_POINT('',(-29.8861638608737,6.47186671716295,25.));
#7812=CARTESIAN_POINT('',(7.8210214909428,6.47186671716295,25.));
#7813=CARTESIAN_POINT('',(7.82102149094282,35.829872791588,25.));
#7814=CARTESIAN_POINT('',(0.,0.,25.));
#7815=CARTESIAN_POINT('',(-29.8861638608737,3.60456730206946,25.));
#7816=CARTESIAN_POINT('',(7.36080110469279,3.60456730206946,25.));
#7817=CARTESIAN_POINT('',(7.82102149094282,3.60456730206946,25.));
#7818=CARTESIAN_POINT('',(7.36080110469279,35.829872791588,25.));
#7819=CARTESIAN_POINT('',(7.36080110469278,1.46126098928706,25.));
#7820=CARTESIAN_POINT('',(-29.8861638608737,1.46126098928706,25.));
#7821=CARTESIAN_POINT('',(7.8210214909428,1.46126098928706,25.));
#7822=CARTESIAN_POINT('',(7.82102149094282,35.829872791588,25.));
#7823=CARTESIAN_POINT('',(0.,0.,25.));
#7824=CARTESIAN_POINT('',(-29.8861638608737,-1.38241404505202,25.));
#7825=CARTESIAN_POINT('',(7.36080110469279,-1.38241404505202,25.));
#7826=CARTESIAN_POINT('',(7.82102149094282,-1.38241404505202,25.));
#7827=CARTESIAN_POINT('',(7.36080110469279,35.829872791588,25.));
#7828=CARTESIAN_POINT('',(7.36080110469279,-3.61182114909434,25.));
#7829=CARTESIAN_POINT('',(-29.8861638608737,-3.61182114909434,25.));
#7830=CARTESIAN_POINT('',(7.82102149094282,-3.61182114909434,25.));
#7831=CARTESIAN_POINT('',(7.82102149094282,35.829872791588,25.));
#7832=CARTESIAN_POINT('',(0.,0.,25.));
#7833=CARTESIAN_POINT('',(-29.8861638608737,-6.29466698616221,25.));
#7834=CARTESIAN_POINT('',(7.36080110469279,-6.29466698616221,25.));
#7835=CARTESIAN_POINT('',(7.82102149094282,-6.29466698616221,25.));
#7836=CARTESIAN_POINT('',(7.36080110469279,35.829872791588,25.));
#7837=CARTESIAN_POINT('',(7.36080110469278,-8.58249304944334,25.));
#7838=CARTESIAN_POINT('',(-29.8861638608737,-8.58249304944334,25.));
#7839=CARTESIAN_POINT('',(7.8210214909428,-8.58249304944334,25.));
#7840=CARTESIAN_POINT('',(7.82102149094282,35.829872791588,25.));
#7841=CARTESIAN_POINT('',(0.,0.,25.));
#7842=CARTESIAN_POINT('',(12.0872744541472,35.829872791588,25.));
#7843=CARTESIAN_POINT('',(12.0872744541472,13.5,25.));
#7844=CARTESIAN_POINT('',(12.0872744541472,11.4418523699917,25.));
#7845=CARTESIAN_POINT('',(-29.8861638608737,11.4418523699917,25.));
#7846=CARTESIAN_POINT('',(12.5088900067052,11.4418523699917,25.));
#7847=CARTESIAN_POINT('',(12.5088900067052,18.8713114147729,25.));
#7848=CARTESIAN_POINT('',(12.5088900067052,13.5,25.));
#7849=CARTESIAN_POINT('',(13.5,13.5,25.));
#7850=CARTESIAN_POINT('',(0.,0.,25.));
#7851=CARTESIAN_POINT('',(-29.8861638608737,8.61278361376611,25.));
#7852=CARTESIAN_POINT('',(12.0872744541472,8.61278361376611,25.));
#7853=CARTESIAN_POINT('',(12.5088900067052,8.61278361376611,25.));
#7854=CARTESIAN_POINT('',(12.0872744541472,35.829872791588,25.));
#7855=CARTESIAN_POINT('',(12.0872744541472,6.47186671716295,25.));
#7856=CARTESIAN_POINT('',(-29.8861638608737,6.47186671716295,25.));
#7857=CARTESIAN_POINT('',(12.5088900067052,6.47186671716295,25.));
#7858=CARTESIAN_POINT('',(12.5088900067052,18.8713114147729,25.));
#7859=CARTESIAN_POINT('',(0.,0.,25.));
#7860=CARTESIAN_POINT('',(-29.8861638608737,3.60456730206946,25.));
#7861=CARTESIAN_POINT('',(12.0872744541472,3.60456730206946,25.));
#7862=CARTESIAN_POINT('',(12.5088900067052,3.60456730206946,25.));
#7863=CARTESIAN_POINT('',(12.0872744541472,35.829872791588,25.));
#7864=CARTESIAN_POINT('',(12.0872744541472,1.46126098928706,25.));
#7865=CARTESIAN_POINT('',(-29.8861638608737,1.46126098928706,25.));
#7866=CARTESIAN_POINT('',(12.5088900067052,1.46126098928706,25.));
#7867=CARTESIAN_POINT('',(12.5088900067052,18.8713114147729,25.));
#7868=CARTESIAN_POINT('',(0.,0.,25.));
#7869=CARTESIAN_POINT('',(-29.8861638608737,-1.38241404505202,25.));
#7870=CARTESIAN_POINT('',(12.0872744541472,-1.38241404505202,25.));
#7871=CARTESIAN_POINT('',(12.5088900067052,-1.38241404505202,25.));
#7872=CARTESIAN_POINT('',(12.0872744541472,35.829872791588,25.));
#7873=CARTESIAN_POINT('',(12.0872744541472,-3.61182114909434,25.));
#7874=CARTESIAN_POINT('',(-29.8861638608737,-3.61182114909434,25.));
#7875=CARTESIAN_POINT('',(12.5088900067052,-3.61182114909434,25.));
#7876=CARTESIAN_POINT('',(12.5088900067052,18.8713114147729,25.));
#7877=CARTESIAN_POINT('',(0.,0.,25.));
#7878=CARTESIAN_POINT('',(-29.8861638608737,-6.29466698616221,25.));
#7879=CARTESIAN_POINT('',(12.0872744541472,-6.29466698616221,25.));
#7880=CARTESIAN_POINT('',(12.5088900067052,-6.29466698616221,25.));
#7881=CARTESIAN_POINT('',(12.0872744541472,35.829872791588,25.));
#7882=CARTESIAN_POINT('',(12.0872744541472,-8.58249304944334,25.));
#7883=CARTESIAN_POINT('',(-29.8861638608737,-8.58249304944334,25.));
#7884=CARTESIAN_POINT('',(12.5088900067052,-8.58249304944334,25.));
#7885=CARTESIAN_POINT('',(12.5088900067052,18.8713114147729,25.));
#7886=CARTESIAN_POINT('',(13.5,-13.5,25.));
#7887=CARTESIAN_POINT('',(13.5,11.4418523699917,24.0088900067052));
#7888=CARTESIAN_POINT('',(13.5,11.4418523699917,2.05));
#7889=CARTESIAN_POINT('',(13.5,11.4418523699917,24.0088900067052));
#7890=CARTESIAN_POINT('',(13.5,8.61278361376611,2.05));
#7891=CARTESIAN_POINT('',(13.5,8.61278361376611,2.05));
#7892=CARTESIAN_POINT('',(13.5,8.61278361376611,24.0088900067052));
#7893=CARTESIAN_POINT('',(13.5,8.61278361376611,24.0088900067052));
#7894=CARTESIAN_POINT('',(13.5,18.8713114147729,24.0088900067052));
#7895=CARTESIAN_POINT('',(13.5,6.47186671716295,24.0088900067052));
#7896=CARTESIAN_POINT('',(13.5,6.47186671716295,24.0088900067052));
#7897=CARTESIAN_POINT('',(13.5,6.47186671716295,2.05));
#7898=CARTESIAN_POINT('',(13.5,3.60456730206946,2.05));
#7899=CARTESIAN_POINT('',(13.5,3.60456730206946,2.05));
#7900=CARTESIAN_POINT('',(13.5,3.60456730206946,24.0088900067052));
#7901=CARTESIAN_POINT('',(13.5,3.60456730206946,24.0088900067052));
#7902=CARTESIAN_POINT('',(13.5,18.8713114147729,24.0088900067052));
#7903=CARTESIAN_POINT('',(13.5,1.46126098928706,24.0088900067052));
#7904=CARTESIAN_POINT('',(13.5,1.46126098928706,24.0088900067052));
#7905=CARTESIAN_POINT('',(13.5,1.46126098928706,2.05));
#7906=CARTESIAN_POINT('',(13.5,-1.38241404505201,2.05));
#7907=CARTESIAN_POINT('',(13.5,-1.38241404505201,2.05));
#7908=CARTESIAN_POINT('',(13.5,-1.38241404505201,2.38344196224589));
#7909=CARTESIAN_POINT('',(13.5,-1.38241404505202,24.0088900067052));
#7910=CARTESIAN_POINT('',(13.5,18.8713114147729,24.0088900067052));
#7911=CARTESIAN_POINT('',(13.5,-3.61182114909434,24.0088900067052));
#7912=CARTESIAN_POINT('',(13.5,-3.61182114909434,2.38344196224589));
#7913=CARTESIAN_POINT('',(13.5,-3.61182114909434,2.05));
#7914=CARTESIAN_POINT('',(13.5,-6.29466698616221,2.05));
#7915=CARTESIAN_POINT('',(13.5,-6.29466698616221,2.05));
#7916=CARTESIAN_POINT('',(13.5,-6.29466698616221,2.38344196224589));
#7917=CARTESIAN_POINT('',(13.5,-6.29466698616221,24.0088900067052));
#7918=CARTESIAN_POINT('',(13.5,18.8713114147729,24.0088900067052));
#7919=CARTESIAN_POINT('',(13.5,-8.58249304944333,24.0088900067052));
#7920=CARTESIAN_POINT('',(13.5,-8.58249304944333,24.0088900067052));
#7921=CARTESIAN_POINT('',(13.5,-8.58249304944333,2.05));
#7922=CARTESIAN_POINT('',(13.5,-11.2824930494433,2.05));
#7923=CARTESIAN_POINT('',(13.5,-11.2824930494433,2.05));
#7924=CARTESIAN_POINT('',(13.5,-11.2824930494433,2.38344196224589));
#7925=CARTESIAN_POINT('',(13.5,-11.2824930494433,24.0088900067052));
#7926=CARTESIAN_POINT('',(13.5,18.8713114147729,24.0088900067052));
#7927=CARTESIAN_POINT('',(13.5,-13.5,24.0088900067052));
#7928=CARTESIAN_POINT('',(13.5,-13.5,25.));
#7929=CARTESIAN_POINT('',(13.5,-13.5,0.));
#7930=CARTESIAN_POINT('',(13.5,-13.5,0.));
#7931=CARTESIAN_POINT('',(13.5,13.5,0.));
#7932=CARTESIAN_POINT('',(13.5,13.5,25.));
#7933=CARTESIAN_POINT('',(13.5,13.5,24.0088900067052));
#7934=CARTESIAN_POINT('',(13.5,18.8713114147729,24.0088900067052));
#7935=CARTESIAN_POINT('',(11.3,35.829872791588,24.2127255458528));
#7936=CARTESIAN_POINT('',(11.3,11.4418523699917,24.2127255458528));
#7937=CARTESIAN_POINT('',(11.3,11.4418523699917,24.2127255458528));
#7938=CARTESIAN_POINT('',(11.3,11.4418523699917,2.05));
#7939=CARTESIAN_POINT('',(11.3,35.829872791588,24.2127255458528));
#7940=CARTESIAN_POINT('',(11.3,13.5,24.2127255458528));
#7941=CARTESIAN_POINT('',(11.3,13.5,25.));
#7942=CARTESIAN_POINT('',(11.3,13.5,2.05));
#7943=CARTESIAN_POINT('',(11.3,35.829872791588,2.05));
#7944=CARTESIAN_POINT('',(11.3,35.829872791588,24.2127255458528));
#7945=CARTESIAN_POINT('',(11.3,8.61278361376611,24.2127255458528));
#7946=CARTESIAN_POINT('',(11.3,8.61278361376611,2.05));
#7947=CARTESIAN_POINT('',(11.3,8.61278361376611,24.2127255458528));
#7948=CARTESIAN_POINT('',(11.3,35.829872791588,2.05));
#7949=CARTESIAN_POINT('',(11.3,6.47186671716295,2.05));
#7950=CARTESIAN_POINT('',(11.3,6.47186671716295,24.2127255458528));
#7951=CARTESIAN_POINT('',(11.3,6.47186671716295,24.2127255458528));
#7952=CARTESIAN_POINT('',(11.3,35.829872791588,24.2127255458528));
#7953=CARTESIAN_POINT('',(11.3,35.829872791588,24.2127255458528));
#7954=CARTESIAN_POINT('',(11.3,3.60456730206946,24.2127255458528));
#7955=CARTESIAN_POINT('',(11.3,3.60456730206946,2.05));
#7956=CARTESIAN_POINT('',(11.3,3.60456730206946,24.2127255458528));
#7957=CARTESIAN_POINT('',(11.3,35.829872791588,2.05));
#7958=CARTESIAN_POINT('',(11.3,1.46126098928706,2.05));
#7959=CARTESIAN_POINT('',(11.3,1.46126098928706,24.2127255458528));
#7960=CARTESIAN_POINT('',(11.3,1.46126098928706,24.2127255458528));
#7961=CARTESIAN_POINT('',(11.3,35.829872791588,24.2127255458528));
#7962=CARTESIAN_POINT('',(11.3,35.829872791588,24.2127255458528));
#7963=CARTESIAN_POINT('',(11.3,-6.29466698616221,24.2127255458528));
#7964=CARTESIAN_POINT('',(11.3,-6.29466698616221,2.05));
#7965=CARTESIAN_POINT('',(11.3,-6.29466698616221,24.2127255458528));
#7966=CARTESIAN_POINT('',(11.3,35.829872791588,2.05));
#7967=CARTESIAN_POINT('',(11.3,-8.58249304944333,2.05));
#7968=CARTESIAN_POINT('',(11.3,-8.58249304944333,24.2127255458527));
#7969=CARTESIAN_POINT('',(11.3,-8.58249304944333,24.2127255458528));
#7970=CARTESIAN_POINT('',(11.3,35.829872791588,24.2127255458528));
#7971=CARTESIAN_POINT('',(11.3,35.829872791588,24.2127255458528));
#7972=CARTESIAN_POINT('',(11.3,-1.38241404505202,24.2127255458528));
#7973=CARTESIAN_POINT('',(11.3,-1.38241404505201,2.05));
#7974=CARTESIAN_POINT('',(11.3,-1.38241404505202,24.2127255458528));
#7975=CARTESIAN_POINT('',(11.3,35.829872791588,2.05));
#7976=CARTESIAN_POINT('',(11.3,-3.61182114909434,2.05));
#7977=CARTESIAN_POINT('',(11.3,-3.61182114909434,24.2127255458528));
#7978=CARTESIAN_POINT('',(11.3,-3.61182114909434,24.2127255458528));
#7979=CARTESIAN_POINT('',(11.3,35.829872791588,24.2127255458528));
#7980=CARTESIAN_POINT('',(8.5704595842316,35.829872791588,2.05));
#7981=CARTESIAN_POINT('',(8.5704595842316,11.4418523699917,2.05));
#7982=CARTESIAN_POINT('',(8.57045958423159,11.4418523699917,2.05));
#7983=CARTESIAN_POINT('',(8.57045958423161,11.4418523699917,24.2505619067112));
#7984=CARTESIAN_POINT('',(8.5704595842316,35.829872791588,2.05));
#7985=CARTESIAN_POINT('',(8.5704595842316,13.5,2.05));
#7986=CARTESIAN_POINT('',(8.57045958423161,13.5,25.));
#7987=CARTESIAN_POINT('',(8.57045958423161,13.5,24.2505619067112));
#7988=CARTESIAN_POINT('',(8.57045958423161,35.829872791588,24.2505619067112));
#7989=CARTESIAN_POINT('',(8.5704595842316,35.829872791588,2.05));
#7990=CARTESIAN_POINT('',(8.5704595842316,8.61278361376611,2.05));
#7991=CARTESIAN_POINT('',(8.57045958423161,8.61278361376611,24.2505619067112));
#7992=CARTESIAN_POINT('',(8.57045958423159,8.61278361376611,2.05));
#7993=CARTESIAN_POINT('',(8.57045958423161,35.829872791588,24.2505619067112));
#7994=CARTESIAN_POINT('',(8.57045958423161,6.47186671716295,24.2505619067112));
#7995=CARTESIAN_POINT('',(8.5704595842316,6.47186671716297,2.04999999999997));
#7996=CARTESIAN_POINT('',(8.57045958423159,6.47186671716295,2.05));
#7997=CARTESIAN_POINT('',(8.5704595842316,35.829872791588,2.05));
#7998=CARTESIAN_POINT('',(8.5704595842316,35.829872791588,2.05));
#7999=CARTESIAN_POINT('',(8.5704595842316,3.60456730206946,2.05));
#8000=CARTESIAN_POINT('',(8.57045958423161,3.60456730206946,24.2505619067112));
#8001=CARTESIAN_POINT('',(8.57045958423159,3.60456730206946,2.05));
#8002=CARTESIAN_POINT('',(8.57045958423161,35.829872791588,24.2505619067112));
#8003=CARTESIAN_POINT('',(8.57045958423161,1.46126098928706,24.2505619067112));
#8004=CARTESIAN_POINT('',(8.5704595842316,1.46126098928706,2.05));
#8005=CARTESIAN_POINT('',(8.57045958423159,1.46126098928706,2.05));
#8006=CARTESIAN_POINT('',(8.5704595842316,35.829872791588,2.05));
#8007=CARTESIAN_POINT('',(8.5704595842316,35.829872791588,2.05));
#8008=CARTESIAN_POINT('',(8.5704595842316,-6.29466698616221,2.05));
#8009=CARTESIAN_POINT('',(8.57045958423161,-6.29466698616221,24.2505619067112));
#8010=CARTESIAN_POINT('',(8.57045958423159,-6.29466698616221,2.05));
#8011=CARTESIAN_POINT('',(8.57045958423161,35.829872791588,24.2505619067112));
#8012=CARTESIAN_POINT('',(8.57045958423161,-8.58249304944333,24.2505619067112));
#8013=CARTESIAN_POINT('',(8.5704595842316,-8.58249304944326,2.04999999999984));
#8014=CARTESIAN_POINT('',(8.57045958423159,-8.58249304944333,2.05));
#8015=CARTESIAN_POINT('',(8.5704595842316,35.829872791588,2.05));
#8016=CARTESIAN_POINT('',(8.5704595842316,35.829872791588,2.05));
#8017=CARTESIAN_POINT('',(8.5704595842316,-1.38241404505202,2.05));
#8018=CARTESIAN_POINT('',(8.57045958423161,-1.38241404505202,24.2505619067112));
#8019=CARTESIAN_POINT('',(8.57045958423159,-1.38241404505201,2.05));
#8020=CARTESIAN_POINT('',(8.57045958423161,35.829872791588,24.2505619067112));
#8021=CARTESIAN_POINT('',(8.57045958423161,-3.61182114909434,24.2505619067112));
#8022=CARTESIAN_POINT('',(8.5704595842316,-3.61182114909434,2.05));
#8023=CARTESIAN_POINT('',(8.57045958423159,-3.61182114909434,2.05));
#8024=CARTESIAN_POINT('',(8.5704595842316,35.829872791588,2.05));
#8025=CARTESIAN_POINT('',(7.82102149094282,35.829872791588,24.2505619067112));
#8026=CARTESIAN_POINT('',(7.82102149094282,11.4418523699917,24.2505619067112));
#8027=CARTESIAN_POINT('',(7.82102149094282,13.5,24.2505619067112));
#8028=CARTESIAN_POINT('',(7.82102149094282,35.829872791588,24.2505619067112));
#8029=CARTESIAN_POINT('',(7.82102149094282,8.61278361376611,24.2505619067112));
#8030=CARTESIAN_POINT('',(7.82102149094282,6.47186671716295,24.2505619067112));
#8031=CARTESIAN_POINT('',(7.82102149094282,35.829872791588,24.2505619067112));
#8032=CARTESIAN_POINT('',(7.82102149094282,3.60456730206946,24.2505619067112));
#8033=CARTESIAN_POINT('',(7.82102149094282,1.46126098928706,24.2505619067112));
#8034=CARTESIAN_POINT('',(7.82102149094282,35.829872791588,24.2505619067112));
#8035=CARTESIAN_POINT('',(7.82102149094282,-6.29466698616221,24.2505619067112));
#8036=CARTESIAN_POINT('',(7.82102149094282,-8.58249304944333,24.2505619067112));
#8037=CARTESIAN_POINT('',(7.82102149094282,35.829872791588,24.2505619067112));
#8038=CARTESIAN_POINT('',(7.82102149094282,-1.38241404505202,24.2505619067112));
#8039=CARTESIAN_POINT('',(7.82102149094282,-3.61182114909434,24.2505619067112));
#8040=CARTESIAN_POINT('',(12.0872744541472,35.829872791588,24.2127255458528));
#8041=CARTESIAN_POINT('',(12.0872744541472,11.4418523699917,24.2127255458528));
#8042=CARTESIAN_POINT('',(12.0872744541472,13.5,24.2127255458528));
#8043=CARTESIAN_POINT('',(12.0872744541472,35.829872791588,24.2127255458528));
#8044=CARTESIAN_POINT('',(12.0872744541472,8.61278361376611,24.2127255458528));
#8045=CARTESIAN_POINT('',(12.0872744541472,6.47186671716295,24.2127255458528));
#8046=CARTESIAN_POINT('',(12.0872744541472,35.829872791588,24.2127255458528));
#8047=CARTESIAN_POINT('',(12.0872744541472,3.60456730206946,24.2127255458528));
#8048=CARTESIAN_POINT('',(12.0872744541472,1.46126098928706,24.2127255458528));
#8049=CARTESIAN_POINT('',(12.0872744541472,35.829872791588,24.2127255458528));
#8050=CARTESIAN_POINT('',(12.0872744541472,-6.29466698616221,24.2127255458528));
#8051=CARTESIAN_POINT('',(12.0872744541472,-8.58249304944333,24.2127255458528));
#8052=CARTESIAN_POINT('',(12.0872744541472,35.829872791588,24.2127255458528));
#8053=CARTESIAN_POINT('',(12.0872744541472,-1.38241404505202,24.2127255458528));
#8054=CARTESIAN_POINT('',(12.0872744541472,-3.61182114909434,24.2127255458528));
#8055=CARTESIAN_POINT('',(6.50360831840882,35.829872791588,24.142807213716));
#8056=CARTESIAN_POINT('',(6.50360831840882,11.4418523699917,24.142807213716));
#8057=CARTESIAN_POINT('',(6.50360831840882,11.4418523699917,24.142807213716));
#8058=CARTESIAN_POINT('',(6.50360831840881,11.4418523699917,2.05));
#8059=CARTESIAN_POINT('',(6.50360831840882,35.829872791588,24.142807213716));
#8060=CARTESIAN_POINT('',(6.50360831840882,13.5,24.142807213716));
#8061=CARTESIAN_POINT('',(6.50360831840882,13.5,25.));
#8062=CARTESIAN_POINT('',(6.50360831840882,13.5,2.05));
#8063=CARTESIAN_POINT('',(6.50360831840882,35.829872791588,2.05));
#8064=CARTESIAN_POINT('',(6.50360831840882,35.829872791588,24.142807213716));
#8065=CARTESIAN_POINT('',(6.50360831840882,8.61278361376611,24.142807213716));
#8066=CARTESIAN_POINT('',(6.50360831840881,8.61278361376611,2.05));
#8067=CARTESIAN_POINT('',(6.50360831840882,8.61278361376611,24.142807213716));
#8068=CARTESIAN_POINT('',(6.50360831840882,35.829872791588,2.05));
#8069=CARTESIAN_POINT('',(6.50360831840881,6.47186671716295,2.05));
#8070=CARTESIAN_POINT('',(6.50360831840882,6.47186671716295,24.142807213716));
#8071=CARTESIAN_POINT('',(6.50360831840882,6.47186671716295,24.142807213716));
#8072=CARTESIAN_POINT('',(6.50360831840882,35.829872791588,24.142807213716));
#8073=CARTESIAN_POINT('',(6.50360831840882,35.829872791588,24.142807213716));
#8074=CARTESIAN_POINT('',(6.50360831840882,3.60456730206946,24.142807213716));
#8075=CARTESIAN_POINT('',(6.50360831840881,3.60456730206946,2.05));
#8076=CARTESIAN_POINT('',(6.50360831840882,3.60456730206946,24.142807213716));
#8077=CARTESIAN_POINT('',(6.50360831840882,35.829872791588,2.05));
#8078=CARTESIAN_POINT('',(6.50360831840881,1.46126098928706,2.05));
#8079=CARTESIAN_POINT('',(6.50360831840882,1.46126098928706,24.142807213716));
#8080=CARTESIAN_POINT('',(6.50360831840882,1.46126098928706,24.142807213716));
#8081=CARTESIAN_POINT('',(6.50360831840882,35.829872791588,24.142807213716));
#8082=CARTESIAN_POINT('',(6.50360831840882,35.829872791588,24.142807213716));
#8083=CARTESIAN_POINT('',(6.50360831840882,-6.29466698616221,24.142807213716));
#8084=CARTESIAN_POINT('',(6.50360831840881,-6.29466698616221,2.05));
#8085=CARTESIAN_POINT('',(6.50360831840882,-6.29466698616221,24.142807213716));
#8086=CARTESIAN_POINT('',(6.50360831840882,35.829872791588,2.05));
#8087=CARTESIAN_POINT('',(6.50360831840881,-8.58249304944333,2.05));
#8088=CARTESIAN_POINT('',(6.50360831840882,-8.58249304944333,24.1428072137159));
#8089=CARTESIAN_POINT('',(6.50360831840882,-8.58249304944333,24.142807213716));
#8090=CARTESIAN_POINT('',(6.50360831840882,35.829872791588,24.142807213716));
#8091=CARTESIAN_POINT('',(6.50360831840882,35.829872791588,24.142807213716));
#8092=CARTESIAN_POINT('',(6.50360831840882,-1.38241404505202,24.142807213716));
#8093=CARTESIAN_POINT('',(6.50360831840881,-1.38241404505201,2.05));
#8094=CARTESIAN_POINT('',(6.50360831840882,-1.38241404505202,24.142807213716));
#8095=CARTESIAN_POINT('',(6.50360831840882,35.829872791588,2.05));
#8096=CARTESIAN_POINT('',(6.50360831840881,-3.61182114909434,2.05));
#8097=CARTESIAN_POINT('',(6.50360831840882,-3.61182114909434,24.142807213716));
#8098=CARTESIAN_POINT('',(6.50360831840882,-3.61182114909434,24.142807213716));
#8099=CARTESIAN_POINT('',(6.50360831840882,35.829872791588,24.142807213716));
#8100=CARTESIAN_POINT('',(3.78406717916831,35.829872791588,2.05));
#8101=CARTESIAN_POINT('',(3.78406717916831,11.4418523699917,2.05));
#8102=CARTESIAN_POINT('',(3.7840671791683,11.4418523699917,2.05));
#8103=CARTESIAN_POINT('',(3.78406717916832,11.4418523699917,23.9854419317347));
#8104=CARTESIAN_POINT('',(3.78406717916831,35.829872791588,2.05));
#8105=CARTESIAN_POINT('',(3.78406717916831,13.5,2.05));
#8106=CARTESIAN_POINT('',(3.78406717916832,13.5,25.));
#8107=CARTESIAN_POINT('',(3.78406717916832,13.5,23.9854419317347));
#8108=CARTESIAN_POINT('',(3.78406717916832,35.829872791588,23.9854419317347));
#8109=CARTESIAN_POINT('',(3.78406717916831,35.829872791588,2.05));
#8110=CARTESIAN_POINT('',(3.78406717916831,8.61278361376611,2.05));
#8111=CARTESIAN_POINT('',(3.78406717916832,8.61278361376611,23.9854419317347));
#8112=CARTESIAN_POINT('',(3.7840671791683,8.61278361376611,2.05));
#8113=CARTESIAN_POINT('',(3.78406717916832,35.829872791588,23.9854419317347));
#8114=CARTESIAN_POINT('',(3.78406717916832,6.47186671716295,23.9854419317347));
#8115=CARTESIAN_POINT('',(3.78406717916831,6.47186671716297,2.04999999999997));
#8116=CARTESIAN_POINT('',(3.7840671791683,6.47186671716295,2.05));
#8117=CARTESIAN_POINT('',(3.78406717916831,35.829872791588,2.05));
#8118=CARTESIAN_POINT('',(3.78406717916831,35.829872791588,2.05));
#8119=CARTESIAN_POINT('',(3.78406717916831,3.60456730206946,2.05));
#8120=CARTESIAN_POINT('',(3.78406717916832,3.60456730206946,23.9854419317347));
#8121=CARTESIAN_POINT('',(3.7840671791683,3.60456730206946,2.05));
#8122=CARTESIAN_POINT('',(3.78406717916832,35.829872791588,23.9854419317347));
#8123=CARTESIAN_POINT('',(3.78406717916832,1.46126098928706,23.9854419317347));
#8124=CARTESIAN_POINT('',(3.78406717916831,1.46126098928706,2.05));
#8125=CARTESIAN_POINT('',(3.7840671791683,1.46126098928706,2.05));
#8126=CARTESIAN_POINT('',(3.78406717916831,35.829872791588,2.05));
#8127=CARTESIAN_POINT('',(3.78406717916831,35.829872791588,2.05));
#8128=CARTESIAN_POINT('',(3.78406717916831,-6.29466698616221,2.05));
#8129=CARTESIAN_POINT('',(3.78406717916832,-6.29466698616221,23.9854419317347));
#8130=CARTESIAN_POINT('',(3.7840671791683,-6.29466698616221,2.05));
#8131=CARTESIAN_POINT('',(3.78406717916832,35.829872791588,23.9854419317347));
#8132=CARTESIAN_POINT('',(3.78406717916832,-8.58249304944333,23.9854419317347));
#8133=CARTESIAN_POINT('',(3.78406717916831,-8.58249304944326,2.04999999999984));
#8134=CARTESIAN_POINT('',(3.7840671791683,-8.58249304944333,2.05));
#8135=CARTESIAN_POINT('',(3.78406717916831,35.829872791588,2.05));
#8136=CARTESIAN_POINT('',(3.78406717916831,35.829872791588,2.05));
#8137=CARTESIAN_POINT('',(3.78406717916831,-1.38241404505202,2.05));
#8138=CARTESIAN_POINT('',(3.78406717916832,-1.38241404505202,23.9854419317347));
#8139=CARTESIAN_POINT('',(3.7840671791683,-1.38241404505201,2.05));
#8140=CARTESIAN_POINT('',(3.78406717916832,35.829872791588,23.9854419317347));
#8141=CARTESIAN_POINT('',(3.78406717916832,-3.61182114909434,23.9854419317347));
#8142=CARTESIAN_POINT('',(3.78406717916831,-3.61182114909434,2.05));
#8143=CARTESIAN_POINT('',(3.7840671791683,-3.61182114909434,2.05));
#8144=CARTESIAN_POINT('',(3.78406717916831,35.829872791588,2.05));
#8145=CARTESIAN_POINT('',(2.76950911090301,35.829872791588,23.9854419317347));
#8146=CARTESIAN_POINT('',(2.76950911090301,11.4418523699917,23.9854419317347));
#8147=CARTESIAN_POINT('',(2.76950911090301,13.5,23.9854419317347));
#8148=CARTESIAN_POINT('',(2.76950911090301,35.829872791588,23.9854419317347));
#8149=CARTESIAN_POINT('',(2.76950911090301,8.61278361376611,23.9854419317347));
#8150=CARTESIAN_POINT('',(2.76950911090301,6.47186671716295,23.9854419317347));
#8151=CARTESIAN_POINT('',(2.76950911090301,35.829872791588,23.9854419317347));
#8152=CARTESIAN_POINT('',(2.76950911090301,3.60456730206946,23.9854419317347));
#8153=CARTESIAN_POINT('',(2.76950911090301,1.46126098928706,23.9854419317347));
#8154=CARTESIAN_POINT('',(2.76950911090301,35.829872791588,23.9854419317347));
#8155=CARTESIAN_POINT('',(2.76950911090301,-6.29466698616221,23.9854419317347));
#8156=CARTESIAN_POINT('',(2.76950911090301,-8.58249304944333,23.9854419317347));
#8157=CARTESIAN_POINT('',(2.76950911090301,35.829872791588,23.9854419317347));
#8158=CARTESIAN_POINT('',(2.76950911090301,-1.38241404505202,23.9854419317347));
#8159=CARTESIAN_POINT('',(2.76950911090301,-3.61182114909434,23.9854419317347));
#8160=CARTESIAN_POINT('',(7.36080110469279,35.829872791588,24.142807213716));
#8161=CARTESIAN_POINT('',(7.36080110469279,11.4418523699917,24.142807213716));
#8162=CARTESIAN_POINT('',(7.36080110469279,13.5,24.142807213716));
#8163=CARTESIAN_POINT('',(7.36080110469279,35.829872791588,24.142807213716));
#8164=CARTESIAN_POINT('',(7.36080110469279,8.61278361376611,24.142807213716));
#8165=CARTESIAN_POINT('',(7.36080110469279,6.47186671716295,24.142807213716));
#8166=CARTESIAN_POINT('',(7.36080110469279,35.829872791588,24.142807213716));
#8167=CARTESIAN_POINT('',(7.36080110469279,3.60456730206946,24.142807213716));
#8168=CARTESIAN_POINT('',(7.36080110469279,1.46126098928706,24.142807213716));
#8169=CARTESIAN_POINT('',(7.36080110469279,35.829872791588,24.142807213716));
#8170=CARTESIAN_POINT('',(7.36080110469279,-6.29466698616221,24.142807213716));
#8171=CARTESIAN_POINT('',(7.36080110469279,-8.58249304944333,24.142807213716));
#8172=CARTESIAN_POINT('',(7.36080110469279,35.829872791588,24.142807213716));
#8173=CARTESIAN_POINT('',(7.36080110469279,-1.38241404505202,24.142807213716));
#8174=CARTESIAN_POINT('',(7.36080110469279,-3.61182114909434,24.142807213716));
#8175=CARTESIAN_POINT('',(1.78406717916832,35.829872791588,24.0539297199753));
#8176=CARTESIAN_POINT('',(1.78406717916832,11.4418523699917,24.0539297199753));
#8177=CARTESIAN_POINT('',(1.78406717916832,11.4418523699917,8.68495714391577));
#8178=CARTESIAN_POINT('',(1.78406717916832,13.5,25.));
#8179=CARTESIAN_POINT('',(1.78406717916832,13.5,8.68495714391577));
#8180=CARTESIAN_POINT('',(1.78406717916832,35.829872791588,8.68495714391577));
#8181=CARTESIAN_POINT('',(1.78406717916832,35.829872791588,24.0539297199753));
#8182=CARTESIAN_POINT('',(1.78406717916832,8.61278361376611,24.0539297199753));
#8183=CARTESIAN_POINT('',(1.78406717916832,8.61278361376611,8.68495714391577));
#8184=CARTESIAN_POINT('',(1.78406717916832,35.829872791588,8.68495714391577));
#8185=CARTESIAN_POINT('',(1.78406717916832,6.47186671716296,8.68495714391577));
#8186=CARTESIAN_POINT('',(1.78406717916832,6.47186671716295,24.0539297199753));
#8187=CARTESIAN_POINT('',(1.78406717916832,35.829872791588,24.0539297199753));
#8188=CARTESIAN_POINT('',(1.78406717916832,3.60456730206946,24.0539297199753));
#8189=CARTESIAN_POINT('',(1.78406717916832,3.60456730206946,8.68495714391577));
#8190=CARTESIAN_POINT('',(1.78406717916832,35.829872791588,8.68495714391577));
#8191=CARTESIAN_POINT('',(1.78406717916832,1.46126098928706,8.68495714391577));
#8192=CARTESIAN_POINT('',(1.78406717916832,1.46126098928706,24.0539297199753));
#8193=CARTESIAN_POINT('',(1.78406717916832,35.829872791588,24.0539297199753));
#8194=CARTESIAN_POINT('',(1.78406717916832,-6.29466698616221,24.0539297199753));
#8195=CARTESIAN_POINT('',(1.78406717916832,-6.29466698616221,8.68495714391577));
#8196=CARTESIAN_POINT('',(1.78406717916832,35.829872791588,8.68495714391577));
#8197=CARTESIAN_POINT('',(1.78406717916832,-8.58249304944328,8.68495714391577));
#8198=CARTESIAN_POINT('',(1.78406717916832,-8.58249304944333,24.0539297199752));
#8199=CARTESIAN_POINT('',(1.78406717916832,35.829872791588,24.0539297199753));
#8200=CARTESIAN_POINT('',(1.78406717916832,-1.38241404505202,24.0539297199753));
#8201=CARTESIAN_POINT('',(1.78406717916832,-1.38241404505202,8.68495714391577));
#8202=CARTESIAN_POINT('',(1.78406717916832,35.829872791588,8.68495714391577));
#8203=CARTESIAN_POINT('',(1.78406717916832,-3.61182114909434,8.68495714391577));
#8204=CARTESIAN_POINT('',(1.78406717916832,-3.61182114909434,24.0539297199753));
#8205=CARTESIAN_POINT('',(1.49752975507542,35.829872791588,8.38430432961617));
#8206=CARTESIAN_POINT('',(1.49752975507542,11.4418523699917,8.38430432961617));
#8207=CARTESIAN_POINT('',(1.37230093735755,11.4418523699917,8.25290649703819));
#8208=CARTESIAN_POINT('',(15.5086573940231,13.5,23.0856473374136));
#8209=CARTESIAN_POINT('',(1.37230093735755,13.5,8.25290649703819));
#8210=CARTESIAN_POINT('',(1.37230093735755,35.829872791588,8.25290649703819));
#8211=CARTESIAN_POINT('',(1.49752975507542,35.829872791588,8.38430432961617));
#8212=CARTESIAN_POINT('',(1.49752975507542,8.61278361376611,8.38430432961617));
#8213=CARTESIAN_POINT('',(1.37230093735755,8.61278361376611,8.25290649703819));
#8214=CARTESIAN_POINT('',(1.37230093735755,35.829872791588,8.25290649703819));
#8215=CARTESIAN_POINT('',(1.37230093735755,6.47186671716296,8.25290649703819));
#8216=CARTESIAN_POINT('',(1.49752975507541,6.47186671716296,8.38430432961616));
#8217=CARTESIAN_POINT('',(1.49752975507542,35.829872791588,8.38430432961617));
#8218=CARTESIAN_POINT('',(1.49752975507542,3.60456730206946,8.38430432961617));
#8219=CARTESIAN_POINT('',(1.37230093735755,3.60456730206946,8.25290649703819));
#8220=CARTESIAN_POINT('',(1.37230093735755,35.829872791588,8.25290649703819));
#8221=CARTESIAN_POINT('',(1.37230093735755,1.46126098928706,8.25290649703819));
#8222=CARTESIAN_POINT('',(1.49752975507542,1.46126098928706,8.38430432961617));
#8223=CARTESIAN_POINT('',(1.49752975507542,35.829872791588,8.38430432961617));
#8224=CARTESIAN_POINT('',(1.49752975507542,-6.29466698616221,8.38430432961617));
#8225=CARTESIAN_POINT('',(1.37230093735755,-6.29466698616221,8.25290649703819));
#8226=CARTESIAN_POINT('',(1.37230093735755,35.829872791588,8.25290649703819));
#8227=CARTESIAN_POINT('',(1.37230093735755,-8.58249304944328,8.25290649703819));
#8228=CARTESIAN_POINT('',(1.49752975507534,-8.58249304944328,8.38430432961609));
#8229=CARTESIAN_POINT('',(1.49752975507542,35.829872791588,8.38430432961617));
#8230=CARTESIAN_POINT('',(1.49752975507542,-1.38241404505202,8.38430432961617));
#8231=CARTESIAN_POINT('',(1.37230093735755,-1.38241404505202,8.25290649703819));
#8232=CARTESIAN_POINT('',(1.37230093735755,35.829872791588,8.25290649703819));
#8233=CARTESIAN_POINT('',(1.37230093735755,-3.61182114909434,8.25290649703819));
#8234=CARTESIAN_POINT('',(1.49752975507542,-3.61182114909434,8.38430432961617));
#8235=CARTESIAN_POINT('',(1.60164226275561,35.829872791588,8.03433254897553));
#8236=CARTESIAN_POINT('',(1.60164226275561,11.4418523699917,8.03433254897553));
#8237=CARTESIAN_POINT('',(1.38306831469295,11.4418523699917,7.80499122357748));
#8238=CARTESIAN_POINT('',(1.60164226275561,13.5,8.03433254897553));
#8239=CARTESIAN_POINT('',(1.38306831469295,13.5,7.80499122357748));
#8240=CARTESIAN_POINT('',(1.38306831469295,35.829872791588,7.80499122357748));
#8241=CARTESIAN_POINT('',(1.60164226275561,35.829872791588,8.03433254897553));
#8242=CARTESIAN_POINT('',(1.60164226275561,8.61278361376611,8.03433254897553));
#8243=CARTESIAN_POINT('',(1.38306831469295,8.6127836137661,7.80499122357748));
#8244=CARTESIAN_POINT('',(1.38306831469295,35.829872791588,7.80499122357748));
#8245=CARTESIAN_POINT('',(1.38306831469295,6.47186671716296,7.80499122357748));
#8246=CARTESIAN_POINT('',(1.60164226275561,6.47186671716296,8.03433254897553));
#8247=CARTESIAN_POINT('',(1.60164226275561,35.829872791588,8.03433254897553));
#8248=CARTESIAN_POINT('',(1.60164226275561,3.60456730206946,8.03433254897553));
#8249=CARTESIAN_POINT('',(1.38306831469295,3.60456730206946,7.80499122357748));
#8250=CARTESIAN_POINT('',(1.38306831469295,35.829872791588,7.80499122357748));
#8251=CARTESIAN_POINT('',(1.38306831469295,1.46126098928706,7.80499122357748));
#8252=CARTESIAN_POINT('',(1.60164226275561,1.46126098928706,8.03433254897553));
#8253=CARTESIAN_POINT('',(1.60164226275561,35.829872791588,8.03433254897553));
#8254=CARTESIAN_POINT('',(1.60164226275561,-6.29466698616221,8.03433254897553));
#8255=CARTESIAN_POINT('',(1.38306831469295,-6.29466698616221,7.80499122357748));
#8256=CARTESIAN_POINT('',(1.38306831469295,35.829872791588,7.80499122357748));
#8257=CARTESIAN_POINT('',(1.38306831469295,-8.58249304944328,7.80499122357748));
#8258=CARTESIAN_POINT('',(1.60164226275561,-8.58249304944328,8.03433254897553));
#8259=CARTESIAN_POINT('',(1.60164226275561,35.829872791588,8.03433254897553));
#8260=CARTESIAN_POINT('',(1.60164226275561,-1.38241404505202,8.03433254897553));
#8261=CARTESIAN_POINT('',(1.38306831469295,-1.38241404505202,7.80499122357748));
#8262=CARTESIAN_POINT('',(1.38306831469295,35.829872791588,7.80499122357748));
#8263=CARTESIAN_POINT('',(1.38306831469295,-3.61182114909434,7.80499122357748));
#8264=CARTESIAN_POINT('',(1.60164226275561,-3.61182114909434,8.03433254897553));
#8265=CARTESIAN_POINT('',(1.51446614727094,35.829872791588,7.67976240585961));
#8266=CARTESIAN_POINT('',(1.51446614727094,11.4418523699917,7.67976240585961));
#8267=CARTESIAN_POINT('',(1.78406717916832,11.4418523699917,7.42281890977884));
#8268=CARTESIAN_POINT('',(-0.854930404728151,13.5,9.93791783422652));
#8269=CARTESIAN_POINT('',(1.78406717916832,13.5,7.42281890977884));
#8270=CARTESIAN_POINT('',(1.78406717916832,35.829872791588,7.42281890977884));
#8271=CARTESIAN_POINT('',(1.51446614727094,35.829872791588,7.67976240585961));
#8272=CARTESIAN_POINT('',(1.51446614727094,8.6127836137661,7.67976240585961));
#8273=CARTESIAN_POINT('',(1.78406717916832,8.61278361376611,7.42281890977884));
#8274=CARTESIAN_POINT('',(1.78406717916832,35.829872791588,7.42281890977884));
#8275=CARTESIAN_POINT('',(1.78406717916832,6.47186671716296,7.42281890977884));
#8276=CARTESIAN_POINT('',(1.51446614727096,6.47186671716296,7.6797624058596));
#8277=CARTESIAN_POINT('',(1.51446614727094,35.829872791588,7.67976240585961));
#8278=CARTESIAN_POINT('',(1.51446614727094,3.60456730206946,7.67976240585961));
#8279=CARTESIAN_POINT('',(1.78406717916832,3.60456730206946,7.42281890977884));
#8280=CARTESIAN_POINT('',(1.78406717916832,35.829872791588,7.42281890977884));
#8281=CARTESIAN_POINT('',(1.78406717916832,1.46126098928706,7.42281890977884));
#8282=CARTESIAN_POINT('',(1.51446614727094,1.46126098928706,7.67976240585961));
#8283=CARTESIAN_POINT('',(1.51446614727094,35.829872791588,7.67976240585961));
#8284=CARTESIAN_POINT('',(1.51446614727094,-6.29466698616221,7.67976240585961));
#8285=CARTESIAN_POINT('',(1.78406717916832,-6.29466698616221,7.42281890977884));
#8286=CARTESIAN_POINT('',(1.78406717916832,35.829872791588,7.42281890977884));
#8287=CARTESIAN_POINT('',(1.78406717916832,-8.58249304944328,7.42281890977884));
#8288=CARTESIAN_POINT('',(1.51446614727102,-8.58249304944328,7.67976240585954));
#8289=CARTESIAN_POINT('',(1.51446614727094,35.829872791588,7.67976240585961));
#8290=CARTESIAN_POINT('',(1.51446614727094,-1.38241404505202,7.67976240585961));
#8291=CARTESIAN_POINT('',(1.78406717916832,-1.38241404505202,7.42281890977884));
#8292=CARTESIAN_POINT('',(1.78406717916832,35.829872791588,7.42281890977884));
#8293=CARTESIAN_POINT('',(1.78406717916832,-3.61182114909434,7.42281890977884));
#8294=CARTESIAN_POINT('',(1.51446614727094,-3.61182114909434,7.67976240585961));
#8295=CARTESIAN_POINT('',(1.78406717916832,35.829872791588,7.42281890977884));
#8296=CARTESIAN_POINT('',(1.78406717916832,11.4418523699917,7.42281890977884));
#8297=CARTESIAN_POINT('',(1.78406717916832,11.4418523699917,4.67064814115416));
#8298=CARTESIAN_POINT('',(1.78406717916832,13.5,25.));
#8299=CARTESIAN_POINT('',(1.78406717916832,13.5,4.67064814115416));
#8300=CARTESIAN_POINT('',(1.78406717916832,35.829872791588,4.67064814115416));
#8301=CARTESIAN_POINT('',(1.78406717916832,35.829872791588,7.42281890977884));
#8302=CARTESIAN_POINT('',(1.78406717916832,8.61278361376611,7.42281890977884));
#8303=CARTESIAN_POINT('',(1.78406717916832,8.61278361376611,4.67064814115416));
#8304=CARTESIAN_POINT('',(1.78406717916832,35.829872791588,4.67064814115416));
#8305=CARTESIAN_POINT('',(1.78406717916832,6.47186671716297,4.67064814115416));
#8306=CARTESIAN_POINT('',(1.78406717916832,6.47186671716296,7.42281890977881));
#8307=CARTESIAN_POINT('',(1.78406717916832,35.829872791588,7.42281890977884));
#8308=CARTESIAN_POINT('',(1.78406717916832,3.60456730206946,7.42281890977884));
#8309=CARTESIAN_POINT('',(1.78406717916832,3.60456730206946,4.67064814115416));
#8310=CARTESIAN_POINT('',(1.78406717916832,35.829872791588,4.67064814115416));
#8311=CARTESIAN_POINT('',(1.78406717916832,1.46126098928706,4.67064814115416));
#8312=CARTESIAN_POINT('',(1.78406717916832,1.46126098928706,7.42281890977884));
#8313=CARTESIAN_POINT('',(1.78406717916832,35.829872791588,7.42281890977884));
#8314=CARTESIAN_POINT('',(1.78406717916832,-6.29466698616221,7.42281890977884));
#8315=CARTESIAN_POINT('',(1.78406717916832,-6.29466698616221,4.67064814115416));
#8316=CARTESIAN_POINT('',(1.78406717916832,35.829872791588,4.67064814115416));
#8317=CARTESIAN_POINT('',(1.78406717916832,-8.58249304944326,4.67064814115416));
#8318=CARTESIAN_POINT('',(1.78406717916832,-8.58249304944328,7.42281890977868));
#8319=CARTESIAN_POINT('',(1.78406717916832,35.829872791588,7.42281890977884));
#8320=CARTESIAN_POINT('',(1.78406717916832,-1.38241404505202,7.42281890977884));
#8321=CARTESIAN_POINT('',(1.78406717916832,-1.38241404505202,4.67064814115416));
#8322=CARTESIAN_POINT('',(1.78406717916832,35.829872791588,4.67064814115416));
#8323=CARTESIAN_POINT('',(1.78406717916832,-3.61182114909434,4.67064814115416));
#8324=CARTESIAN_POINT('',(1.78406717916832,-3.61182114909434,7.42281890977884));
#8325=CARTESIAN_POINT('',(1.78406717916832,35.829872791588,4.67064814115416));
#8326=CARTESIAN_POINT('',(1.78406717916832,11.4418523699917,4.67064814115416));
#8327=CARTESIAN_POINT('',(0.693484350793293,11.4418523699917,2.78362187489489));
#8328=CARTESIAN_POINT('',(13.5248554865289,13.5,24.9856350877123));
#8329=CARTESIAN_POINT('',(0.693484350793293,13.5,2.78362187489489));
#8330=CARTESIAN_POINT('',(0.693484350793293,35.829872791588,2.78362187489489));
#8331=CARTESIAN_POINT('',(1.78406717916832,35.829872791588,4.67064814115416));
#8332=CARTESIAN_POINT('',(1.78406717916832,8.61278361376611,4.67064814115416));
#8333=CARTESIAN_POINT('',(0.693484350793293,8.61278361376611,2.78362187489489));
#8334=CARTESIAN_POINT('',(0.693484350793293,35.829872791588,2.78362187489489));
#8335=CARTESIAN_POINT('',(0.693484350793293,6.47186671716297,2.78362187489489));
#8336=CARTESIAN_POINT('',(1.78406717916831,6.47186671716297,4.67064814115414));
#8337=CARTESIAN_POINT('',(1.78406717916832,35.829872791588,4.67064814115416));
#8338=CARTESIAN_POINT('',(1.78406717916832,3.60456730206946,4.67064814115416));
#8339=CARTESIAN_POINT('',(0.693484350793293,3.60456730206946,2.78362187489489));
#8340=CARTESIAN_POINT('',(0.693484350793293,35.829872791588,2.78362187489489));
#8341=CARTESIAN_POINT('',(0.693484350793293,1.46126098928706,2.78362187489489));
#8342=CARTESIAN_POINT('',(1.78406717916832,1.46126098928706,4.67064814115416));
#8343=CARTESIAN_POINT('',(1.78406717916832,35.829872791588,4.67064814115416));
#8344=CARTESIAN_POINT('',(1.78406717916832,-6.29466698616221,4.67064814115416));
#8345=CARTESIAN_POINT('',(0.693484350793293,-6.29466698616221,2.78362187489489));
#8346=CARTESIAN_POINT('',(0.693484350793293,35.829872791588,2.78362187489489));
#8347=CARTESIAN_POINT('',(0.693484350793293,-8.58249304944326,2.78362187489489));
#8348=CARTESIAN_POINT('',(1.78406717916825,-8.58249304944326,4.67064814115404));
#8349=CARTESIAN_POINT('',(1.78406717916832,35.829872791588,4.67064814115416));
#8350=CARTESIAN_POINT('',(1.78406717916832,-1.38241404505202,4.67064814115416));
#8351=CARTESIAN_POINT('',(0.693484350793293,-1.38241404505202,2.78362187489489));
#8352=CARTESIAN_POINT('',(0.693484350793293,35.829872791588,2.78362187489489));
#8353=CARTESIAN_POINT('',(0.693484350793293,-3.61182114909434,2.78362187489489));
#8354=CARTESIAN_POINT('',(1.78406717916832,-3.61182114909434,4.67064814115416));
#8355=CARTESIAN_POINT('',(2.00254477656774E-16,35.829872791588,3.18441233459592));
#8356=CARTESIAN_POINT('',(2.00254477656774E-16,11.4418523699917,3.18441233459592));
#8357=CARTESIAN_POINT('',(-0.693484350793293,11.4418523699917,2.7836218748949));
#8358=CARTESIAN_POINT('',(2.00254477656774E-16,13.5,3.18441233459592));
#8359=CARTESIAN_POINT('',(-0.693484350793294,13.5,2.7836218748949));
#8360=CARTESIAN_POINT('',(-0.693484350793294,35.829872791588,2.7836218748949));
#8361=CARTESIAN_POINT('',(2.00254477656774E-16,35.829872791588,3.18441233459592));
#8362=CARTESIAN_POINT('',(2.00254477656774E-16,8.61278361376611,3.18441233459592));
#8363=CARTESIAN_POINT('',(-0.693484350793293,8.61278361376611,2.7836218748949));
#8364=CARTESIAN_POINT('',(-0.693484350793294,35.829872791588,2.7836218748949));
#8365=CARTESIAN_POINT('',(-0.693484350793293,6.47186671716297,2.7836218748949));
#8366=CARTESIAN_POINT('',(2.00254477656774E-16,6.47186671716297,3.18441233459592));
#8367=CARTESIAN_POINT('',(2.00254477656774E-16,35.829872791588,3.18441233459592));
#8368=CARTESIAN_POINT('',(2.00254477656774E-16,3.60456730206946,3.18441233459592));
#8369=CARTESIAN_POINT('',(-0.693484350793293,3.60456730206946,2.7836218748949));
#8370=CARTESIAN_POINT('',(-0.693484350793294,35.829872791588,2.7836218748949));
#8371=CARTESIAN_POINT('',(-0.693484350793293,1.46126098928706,2.7836218748949));
#8372=CARTESIAN_POINT('',(2.00254477656774E-16,1.46126098928706,3.18441233459592));
#8373=CARTESIAN_POINT('',(2.00254477656774E-16,35.829872791588,3.18441233459592));
#8374=CARTESIAN_POINT('',(2.00254477656774E-16,-6.29466698616221,3.18441233459592));
#8375=CARTESIAN_POINT('',(-0.693484350793293,-6.29466698616221,2.7836218748949));
#8376=CARTESIAN_POINT('',(-0.693484350793294,35.829872791588,2.7836218748949));
#8377=CARTESIAN_POINT('',(-0.693484350793293,-8.58249304944326,2.7836218748949));
#8378=CARTESIAN_POINT('',(2.00254477656774E-16,-8.58249304944326,3.18441233459592));
#8379=CARTESIAN_POINT('',(2.00254477656774E-16,35.829872791588,3.18441233459592));
#8380=CARTESIAN_POINT('',(2.00254477656774E-16,-1.38241404505202,3.18441233459592));
#8381=CARTESIAN_POINT('',(-0.693484350793293,-1.38241404505202,2.7836218748949));
#8382=CARTESIAN_POINT('',(-0.693484350793294,35.829872791588,2.7836218748949));
#8383=CARTESIAN_POINT('',(-0.693484350793293,-3.61182114909434,2.7836218748949));
#8384=CARTESIAN_POINT('',(2.00254477656774E-16,-3.61182114909434,3.18441233459592));
#8385=CARTESIAN_POINT('',(-1.78406717916832,35.829872791588,4.67064814115416));
#8386=CARTESIAN_POINT('',(-1.78406717916832,11.4418523699917,4.67064814115416));
#8387=CARTESIAN_POINT('',(-1.78406717916832,11.4418523699917,4.67064814115416));
#8388=CARTESIAN_POINT('',(-6.76456106503222,13.5,13.2883546894705));
#8389=CARTESIAN_POINT('',(-1.78406717916832,13.5,4.67064814115416));
#8390=CARTESIAN_POINT('',(-1.78406717916832,35.829872791588,4.67064814115416));
#8391=CARTESIAN_POINT('',(-1.78406717916832,35.829872791588,4.67064814115416));
#8392=CARTESIAN_POINT('',(-1.78406717916832,8.61278361376611,4.67064814115416));
#8393=CARTESIAN_POINT('',(-1.78406717916832,8.61278361376611,4.67064814115416));
#8394=CARTESIAN_POINT('',(-1.78406717916832,35.829872791588,4.67064814115416));
#8395=CARTESIAN_POINT('',(-1.78406717916832,6.47186671716297,4.67064814115416));
#8396=CARTESIAN_POINT('',(-1.78406717916831,6.47186671716297,4.67064814115414));
#8397=CARTESIAN_POINT('',(-1.78406717916832,35.829872791588,4.67064814115416));
#8398=CARTESIAN_POINT('',(-1.78406717916832,3.60456730206946,4.67064814115416));
#8399=CARTESIAN_POINT('',(-1.78406717916832,3.60456730206946,4.67064814115416));
#8400=CARTESIAN_POINT('',(-1.78406717916832,35.829872791588,4.67064814115416));
#8401=CARTESIAN_POINT('',(-1.78406717916832,1.46126098928706,4.67064814115416));
#8402=CARTESIAN_POINT('',(-1.78406717916832,1.46126098928706,4.67064814115416));
#8403=CARTESIAN_POINT('',(-1.78406717916832,35.829872791588,4.67064814115416));
#8404=CARTESIAN_POINT('',(-1.78406717916832,-6.29466698616221,4.67064814115416));
#8405=CARTESIAN_POINT('',(-1.78406717916832,-6.29466698616221,4.67064814115416));
#8406=CARTESIAN_POINT('',(-1.78406717916832,35.829872791588,4.67064814115416));
#8407=CARTESIAN_POINT('',(-1.78406717916832,-8.58249304944327,4.67064814115416));
#8408=CARTESIAN_POINT('',(-1.78406717916825,-8.58249304944326,4.67064814115404));
#8409=CARTESIAN_POINT('',(-1.78406717916832,35.829872791588,4.67064814115416));
#8410=CARTESIAN_POINT('',(-1.78406717916832,-1.38241404505202,4.67064814115416));
#8411=CARTESIAN_POINT('',(-1.78406717916832,-1.38241404505202,4.67064814115416));
#8412=CARTESIAN_POINT('',(-1.78406717916832,35.829872791588,4.67064814115416));
#8413=CARTESIAN_POINT('',(-1.78406717916832,-3.61182114909434,4.67064814115416));
#8414=CARTESIAN_POINT('',(-1.78406717916832,-3.61182114909434,4.67064814115416));
#8415=CARTESIAN_POINT('',(-1.78406717916832,35.829872791588,7.42281890977884));
#8416=CARTESIAN_POINT('',(-1.78406717916832,11.4418523699917,7.42281890977884));
#8417=CARTESIAN_POINT('',(-1.78406717916832,11.4418523699917,7.42281890977884));
#8418=CARTESIAN_POINT('',(-1.78406717916832,13.5,25.));
#8419=CARTESIAN_POINT('',(-1.78406717916832,13.5,7.42281890977884));
#8420=CARTESIAN_POINT('',(-1.78406717916832,35.829872791588,7.42281890977884));
#8421=CARTESIAN_POINT('',(-1.78406717916832,35.829872791588,7.42281890977884));
#8422=CARTESIAN_POINT('',(-1.78406717916832,8.61278361376611,7.42281890977884));
#8423=CARTESIAN_POINT('',(-1.78406717916832,8.61278361376611,7.42281890977884));
#8424=CARTESIAN_POINT('',(-1.78406717916832,35.829872791588,7.42281890977884));
#8425=CARTESIAN_POINT('',(-1.78406717916832,6.47186671716296,7.42281890977884));
#8426=CARTESIAN_POINT('',(-1.78406717916832,6.47186671716296,7.42281890977881));
#8427=CARTESIAN_POINT('',(-1.78406717916832,35.829872791588,7.42281890977884));
#8428=CARTESIAN_POINT('',(-1.78406717916832,3.60456730206946,7.42281890977884));
#8429=CARTESIAN_POINT('',(-1.78406717916832,3.60456730206946,7.42281890977884));
#8430=CARTESIAN_POINT('',(-1.78406717916832,35.829872791588,7.42281890977884));
#8431=CARTESIAN_POINT('',(-1.78406717916832,1.46126098928707,7.42281890977884));
#8432=CARTESIAN_POINT('',(-1.78406717916832,1.46126098928706,7.42281890977884));
#8433=CARTESIAN_POINT('',(-1.78406717916832,35.829872791588,7.42281890977884));
#8434=CARTESIAN_POINT('',(-1.78406717916832,-6.29466698616221,7.42281890977884));
#8435=CARTESIAN_POINT('',(-1.78406717916832,-6.2946669861622,7.42281890977884));
#8436=CARTESIAN_POINT('',(-1.78406717916832,35.829872791588,7.42281890977884));
#8437=CARTESIAN_POINT('',(-1.78406717916832,-8.58249304944327,7.42281890977884));
#8438=CARTESIAN_POINT('',(-1.78406717916832,-8.58249304944328,7.42281890977868));
#8439=CARTESIAN_POINT('',(-1.78406717916832,35.829872791588,7.42281890977884));
#8440=CARTESIAN_POINT('',(-1.78406717916832,-1.38241404505202,7.42281890977884));
#8441=CARTESIAN_POINT('',(-1.78406717916832,-1.38241404505201,7.42281890977884));
#8442=CARTESIAN_POINT('',(-1.78406717916832,35.829872791588,7.42281890977884));
#8443=CARTESIAN_POINT('',(-1.78406717916832,-3.61182114909433,7.42281890977884));
#8444=CARTESIAN_POINT('',(-1.78406717916832,-3.61182114909434,7.42281890977884));
#8445=CARTESIAN_POINT('',(-1.38306831469295,35.829872791588,7.80499122357748));
#8446=CARTESIAN_POINT('',(-1.38306831469295,11.4418523699917,7.80499122357748));
#8447=CARTESIAN_POINT('',(-1.38306831469295,11.4418523699917,7.80499122357748));
#8448=CARTESIAN_POINT('',(15.0036050652764,13.5,23.4223244279466));
#8449=CARTESIAN_POINT('',(-1.38306831469295,13.5,7.80499122357748));
#8450=CARTESIAN_POINT('',(-1.38306831469295,35.829872791588,7.80499122357748));
#8451=CARTESIAN_POINT('',(-1.38306831469295,35.829872791588,7.80499122357748));
#8452=CARTESIAN_POINT('',(-1.38306831469295,8.61278361376611,7.80499122357748));
#8453=CARTESIAN_POINT('',(-1.38306831469295,8.61278361376611,7.80499122357748));
#8454=CARTESIAN_POINT('',(-1.38306831469295,35.829872791588,7.80499122357748));
#8455=CARTESIAN_POINT('',(-1.38306831469295,6.47186671716296,7.80499122357748));
#8456=CARTESIAN_POINT('',(-1.38306831469297,6.47186671716296,7.80499122357747));
#8457=CARTESIAN_POINT('',(-1.38306831469295,35.829872791588,7.80499122357748));
#8458=CARTESIAN_POINT('',(-1.38306831469295,3.60456730206946,7.80499122357748));
#8459=CARTESIAN_POINT('',(-1.38306831469295,3.60456730206946,7.80499122357748));
#8460=CARTESIAN_POINT('',(-1.38306831469295,35.829872791588,7.80499122357748));
#8461=CARTESIAN_POINT('',(-1.38306831469295,1.46126098928706,7.80499122357748));
#8462=CARTESIAN_POINT('',(-1.38306831469295,1.46126098928707,7.80499122357748));
#8463=CARTESIAN_POINT('',(-1.38306831469295,35.829872791588,7.80499122357748));
#8464=CARTESIAN_POINT('',(-1.38306831469295,-6.2946669861622,7.80499122357748));
#8465=CARTESIAN_POINT('',(-1.38306831469295,-6.29466698616221,7.80499122357748));
#8466=CARTESIAN_POINT('',(-1.38306831469295,35.829872791588,7.80499122357748));
#8467=CARTESIAN_POINT('',(-1.38306831469295,-8.58249304944328,7.80499122357748));
#8468=CARTESIAN_POINT('',(-1.38306831469303,-8.58249304944327,7.8049912235774));
#8469=CARTESIAN_POINT('',(-1.38306831469295,35.829872791588,7.80499122357748));
#8470=CARTESIAN_POINT('',(-1.38306831469295,-1.38241404505201,7.80499122357748));
#8471=CARTESIAN_POINT('',(-1.38306831469295,-1.38241404505202,7.80499122357748));
#8472=CARTESIAN_POINT('',(-1.38306831469295,35.829872791588,7.80499122357748));
#8473=CARTESIAN_POINT('',(-1.38306831469295,-3.61182114909434,7.80499122357748));
#8474=CARTESIAN_POINT('',(-1.38306831469295,-3.61182114909433,7.80499122357748));
#8475=CARTESIAN_POINT('',(-1.60164226275561,35.829872791588,8.03433254897553));
#8476=CARTESIAN_POINT('',(-1.60164226275561,11.4418523699917,8.03433254897553));
#8477=CARTESIAN_POINT('',(-1.37230093735755,11.4418523699917,8.25290649703819));
#8478=CARTESIAN_POINT('',(-1.60164226275561,13.5,8.03433254897553));
#8479=CARTESIAN_POINT('',(-1.37230093735755,13.5,8.25290649703819));
#8480=CARTESIAN_POINT('',(-1.37230093735755,35.829872791588,8.25290649703819));
#8481=CARTESIAN_POINT('',(-1.60164226275561,35.829872791588,8.03433254897553));
#8482=CARTESIAN_POINT('',(-1.60164226275561,8.61278361376611,8.03433254897553));
#8483=CARTESIAN_POINT('',(-1.37230093735755,8.6127836137661,8.25290649703819));
#8484=CARTESIAN_POINT('',(-1.37230093735755,35.829872791588,8.25290649703819));
#8485=CARTESIAN_POINT('',(-1.37230093735755,6.47186671716296,8.25290649703819));
#8486=CARTESIAN_POINT('',(-1.60164226275561,6.47186671716296,8.03433254897553));
#8487=CARTESIAN_POINT('',(-1.60164226275561,35.829872791588,8.03433254897553));
#8488=CARTESIAN_POINT('',(-1.60164226275561,3.60456730206946,8.03433254897553));
#8489=CARTESIAN_POINT('',(-1.37230093735755,3.60456730206946,8.25290649703819));
#8490=CARTESIAN_POINT('',(-1.37230093735755,35.829872791588,8.25290649703819));
#8491=CARTESIAN_POINT('',(-1.37230093735755,1.46126098928706,8.25290649703819));
#8492=CARTESIAN_POINT('',(-1.60164226275561,1.46126098928706,8.03433254897553));
#8493=CARTESIAN_POINT('',(-1.60164226275561,35.829872791588,8.03433254897553));
#8494=CARTESIAN_POINT('',(-1.60164226275561,-6.29466698616221,8.03433254897553));
#8495=CARTESIAN_POINT('',(-1.37230093735755,-6.29466698616221,8.25290649703819));
#8496=CARTESIAN_POINT('',(-1.37230093735755,35.829872791588,8.25290649703819));
#8497=CARTESIAN_POINT('',(-1.37230093735755,-8.58249304944328,8.25290649703819));
#8498=CARTESIAN_POINT('',(-1.60164226275561,-8.58249304944328,8.03433254897553));
#8499=CARTESIAN_POINT('',(-1.60164226275561,35.829872791588,8.03433254897553));
#8500=CARTESIAN_POINT('',(-1.60164226275561,-1.38241404505202,8.03433254897553));
#8501=CARTESIAN_POINT('',(-1.37230093735755,-1.38241404505202,8.25290649703819));
#8502=CARTESIAN_POINT('',(-1.37230093735755,35.829872791588,8.25290649703819));
#8503=CARTESIAN_POINT('',(-1.37230093735755,-3.61182114909434,8.25290649703819));
#8504=CARTESIAN_POINT('',(-1.60164226275561,-3.61182114909434,8.03433254897553));
#8505=CARTESIAN_POINT('',(-1.78406717916832,35.829872791588,8.68495714391577));
#8506=CARTESIAN_POINT('',(-1.78406717916832,11.4418523699917,8.68495714391577));
#8507=CARTESIAN_POINT('',(-1.78406717916832,11.4418523699917,8.68495714391577));
#8508=CARTESIAN_POINT('',(-2.65733205457123,13.5,9.60124074369346));
#8509=CARTESIAN_POINT('',(-1.78406717916832,13.5,8.68495714391577));
#8510=CARTESIAN_POINT('',(-1.78406717916832,35.829872791588,8.68495714391577));
#8511=CARTESIAN_POINT('',(-1.78406717916832,35.829872791588,8.68495714391577));
#8512=CARTESIAN_POINT('',(-1.78406717916832,8.6127836137661,8.68495714391577));
#8513=CARTESIAN_POINT('',(-1.78406717916832,8.61278361376611,8.68495714391577));
#8514=CARTESIAN_POINT('',(-1.78406717916832,35.829872791588,8.68495714391577));
#8515=CARTESIAN_POINT('',(-1.78406717916832,6.47186671716296,8.68495714391577));
#8516=CARTESIAN_POINT('',(-1.7840671791683,6.47186671716296,8.68495714391575));
#8517=CARTESIAN_POINT('',(-1.78406717916832,35.829872791588,8.68495714391577));
#8518=CARTESIAN_POINT('',(-1.78406717916832,3.60456730206946,8.68495714391577));
#8519=CARTESIAN_POINT('',(-1.78406717916832,3.60456730206946,8.68495714391577));
#8520=CARTESIAN_POINT('',(-1.78406717916832,35.829872791588,8.68495714391577));
#8521=CARTESIAN_POINT('',(-1.78406717916832,1.46126098928706,8.68495714391577));
#8522=CARTESIAN_POINT('',(-1.78406717916832,1.46126098928706,8.68495714391577));
#8523=CARTESIAN_POINT('',(-1.78406717916832,35.829872791588,8.68495714391577));
#8524=CARTESIAN_POINT('',(-1.78406717916832,-6.29466698616221,8.68495714391577));
#8525=CARTESIAN_POINT('',(-1.78406717916832,-6.29466698616221,8.68495714391577));
#8526=CARTESIAN_POINT('',(-1.78406717916832,35.829872791588,8.68495714391577));
#8527=CARTESIAN_POINT('',(-1.78406717916832,-8.58249304944328,8.68495714391577));
#8528=CARTESIAN_POINT('',(-1.78406717916824,-8.58249304944328,8.68495714391569));
#8529=CARTESIAN_POINT('',(-1.78406717916832,35.829872791588,8.68495714391577));
#8530=CARTESIAN_POINT('',(-1.78406717916832,-1.38241404505202,8.68495714391577));
#8531=CARTESIAN_POINT('',(-1.78406717916832,-1.38241404505202,8.68495714391577));
#8532=CARTESIAN_POINT('',(-1.78406717916832,35.829872791588,8.68495714391577));
#8533=CARTESIAN_POINT('',(-1.78406717916832,-3.61182114909434,8.68495714391577));
#8534=CARTESIAN_POINT('',(-1.78406717916832,-3.61182114909434,8.68495714391577));
#8535=CARTESIAN_POINT('',(-1.78406717916832,35.829872791588,24.0539297199753));
#8536=CARTESIAN_POINT('',(-1.78406717916832,11.4418523699917,24.0539297199753));
#8537=CARTESIAN_POINT('',(-1.78406717916832,11.4418523699917,24.0539297199753));
#8538=CARTESIAN_POINT('',(-1.78406717916832,13.5,25.));
#8539=CARTESIAN_POINT('',(-1.78406717916832,13.5,24.0539297199753));
#8540=CARTESIAN_POINT('',(-1.78406717916832,35.829872791588,24.0539297199753));
#8541=CARTESIAN_POINT('',(-1.78406717916832,35.829872791588,24.0539297199753));
#8542=CARTESIAN_POINT('',(-1.78406717916832,8.61278361376611,24.0539297199753));
#8543=CARTESIAN_POINT('',(-1.78406717916832,8.61278361376611,24.0539297199753));
#8544=CARTESIAN_POINT('',(-1.78406717916832,35.829872791588,24.0539297199753));
#8545=CARTESIAN_POINT('',(-1.78406717916832,6.47186671716295,24.0539297199753));
#8546=CARTESIAN_POINT('',(-1.78406717916832,6.47186671716295,24.0539297199753));
#8547=CARTESIAN_POINT('',(-1.78406717916832,35.829872791588,24.0539297199753));
#8548=CARTESIAN_POINT('',(-1.78406717916832,3.60456730206946,24.0539297199753));
#8549=CARTESIAN_POINT('',(-1.78406717916832,3.60456730206946,24.0539297199753));
#8550=CARTESIAN_POINT('',(-1.78406717916832,35.829872791588,24.0539297199753));
#8551=CARTESIAN_POINT('',(-1.78406717916832,1.46126098928706,24.0539297199753));
#8552=CARTESIAN_POINT('',(-1.78406717916832,1.46126098928706,24.0539297199753));
#8553=CARTESIAN_POINT('',(-1.78406717916832,35.829872791588,24.0539297199753));
#8554=CARTESIAN_POINT('',(-1.78406717916832,-6.29466698616221,24.0539297199753));
#8555=CARTESIAN_POINT('',(-1.78406717916832,-6.29466698616221,24.0539297199753));
#8556=CARTESIAN_POINT('',(-1.78406717916832,35.829872791588,24.0539297199753));
#8557=CARTESIAN_POINT('',(-1.78406717916832,-8.58249304944333,24.0539297199753));
#8558=CARTESIAN_POINT('',(-1.78406717916832,-8.58249304944333,24.0539297199752));
#8559=CARTESIAN_POINT('',(-1.78406717916832,35.829872791588,24.0539297199753));
#8560=CARTESIAN_POINT('',(-1.78406717916832,-1.38241404505202,24.0539297199753));
#8561=CARTESIAN_POINT('',(-1.78406717916832,-1.38241404505202,24.0539297199753));
#8562=CARTESIAN_POINT('',(-1.78406717916832,35.829872791588,24.0539297199753));
#8563=CARTESIAN_POINT('',(-1.78406717916832,-3.61182114909434,24.0539297199753));
#8564=CARTESIAN_POINT('',(-1.78406717916832,-3.61182114909434,24.0539297199753));
#8565=CARTESIAN_POINT('',(-2.73013745919297,35.829872791588,24.0539297199753));
#8566=CARTESIAN_POINT('',(-2.73013745919297,11.4418523699917,24.0539297199753));
#8567=CARTESIAN_POINT('',(-2.73013745919297,13.5,24.0539297199753));
#8568=CARTESIAN_POINT('',(-2.73013745919297,35.829872791588,24.0539297199753));
#8569=CARTESIAN_POINT('',(-2.73013745919297,8.61278361376611,24.0539297199753));
#8570=CARTESIAN_POINT('',(-2.73013745919297,6.47186671716295,24.0539297199753));
#8571=CARTESIAN_POINT('',(-2.73013745919297,35.829872791588,24.0539297199753));
#8572=CARTESIAN_POINT('',(-2.73013745919297,3.60456730206946,24.0539297199753));
#8573=CARTESIAN_POINT('',(-2.73013745919297,1.46126098928706,24.0539297199753));
#8574=CARTESIAN_POINT('',(-2.73013745919297,35.829872791588,24.0539297199753));
#8575=CARTESIAN_POINT('',(-2.73013745919297,-6.29466698616221,24.0539297199753));
#8576=CARTESIAN_POINT('',(-2.73013745919297,-8.58249304944333,24.0539297199753));
#8577=CARTESIAN_POINT('',(-2.73013745919297,35.829872791588,24.0539297199753));
#8578=CARTESIAN_POINT('',(-2.73013745919297,-1.38241404505202,24.0539297199753));
#8579=CARTESIAN_POINT('',(-2.73013745919297,-3.61182114909434,24.0539297199753));
#8580=CARTESIAN_POINT('',(-3.78406717916831,35.829872791588,2.05));
#8581=CARTESIAN_POINT('',(-3.78406717916831,11.4418523699917,2.05));
#8582=CARTESIAN_POINT('',(-3.78406717916832,11.4418523699917,23.9854419317347));
#8583=CARTESIAN_POINT('',(-3.78406717916832,11.4418523699917,2.05));
#8584=CARTESIAN_POINT('',(-3.78406717916832,35.829872791588,23.9854419317347));
#8585=CARTESIAN_POINT('',(-3.78406717916832,13.5,23.9854419317347));
#8586=CARTESIAN_POINT('',(-3.78406717916832,13.5,25.));
#8587=CARTESIAN_POINT('',(-3.78406717916831,13.5,2.05));
#8588=CARTESIAN_POINT('',(-3.78406717916831,35.829872791588,2.05));
#8589=CARTESIAN_POINT('',(-3.78406717916831,35.829872791588,2.05));
#8590=CARTESIAN_POINT('',(-3.78406717916831,8.61278361376611,2.05));
#8591=CARTESIAN_POINT('',(-3.78406717916832,8.61278361376611,2.05));
#8592=CARTESIAN_POINT('',(-3.78406717916832,8.61278361376611,23.9854419317347));
#8593=CARTESIAN_POINT('',(-3.78406717916831,35.829872791588,2.05));
#8594=CARTESIAN_POINT('',(-3.78406717916832,6.47186671716295,2.05));
#8595=CARTESIAN_POINT('',(-3.78406717916831,6.47186671716297,2.04999999999997));
#8596=CARTESIAN_POINT('',(-3.78406717916832,6.47186671716295,23.9854419317347));
#8597=CARTESIAN_POINT('',(-3.78406717916832,35.829872791588,23.9854419317347));
#8598=CARTESIAN_POINT('',(-3.78406717916831,35.829872791588,2.05));
#8599=CARTESIAN_POINT('',(-3.78406717916831,3.60456730206946,2.05));
#8600=CARTESIAN_POINT('',(-3.78406717916832,3.60456730206946,2.05));
#8601=CARTESIAN_POINT('',(-3.78406717916832,3.60456730206946,23.9854419317347));
#8602=CARTESIAN_POINT('',(-3.78406717916831,35.829872791588,2.05));
#8603=CARTESIAN_POINT('',(-3.78406717916832,1.46126098928706,2.05));
#8604=CARTESIAN_POINT('',(-3.78406717916831,1.46126098928706,2.05));
#8605=CARTESIAN_POINT('',(-3.78406717916832,1.46126098928706,23.9854419317347));
#8606=CARTESIAN_POINT('',(-3.78406717916832,35.829872791588,23.9854419317347));
#8607=CARTESIAN_POINT('',(-3.78406717916831,35.829872791588,2.05));
#8608=CARTESIAN_POINT('',(-3.78406717916831,-6.29466698616221,2.05));
#8609=CARTESIAN_POINT('',(-3.78406717916832,-6.29466698616221,2.05));
#8610=CARTESIAN_POINT('',(-3.78406717916832,-6.29466698616221,23.9854419317347));
#8611=CARTESIAN_POINT('',(-3.78406717916831,35.829872791588,2.05));
#8612=CARTESIAN_POINT('',(-3.78406717916832,-8.58249304944333,2.05));
#8613=CARTESIAN_POINT('',(-3.78406717916831,-8.58249304944326,2.04999999999984));
#8614=CARTESIAN_POINT('',(-3.78406717916832,-8.58249304944333,23.9854419317347));
#8615=CARTESIAN_POINT('',(-3.78406717916832,35.829872791588,23.9854419317347));
#8616=CARTESIAN_POINT('',(-3.78406717916831,35.829872791588,2.05));
#8617=CARTESIAN_POINT('',(-3.78406717916831,-1.38241404505202,2.05));
#8618=CARTESIAN_POINT('',(-3.78406717916832,-1.38241404505201,2.05));
#8619=CARTESIAN_POINT('',(-3.78406717916832,-1.38241404505202,23.9854419317347));
#8620=CARTESIAN_POINT('',(-3.78406717916831,35.829872791588,2.05));
#8621=CARTESIAN_POINT('',(-3.78406717916832,-3.61182114909434,2.05));
#8622=CARTESIAN_POINT('',(-3.78406717916831,-3.61182114909434,2.05));
#8623=CARTESIAN_POINT('',(-3.78406717916832,-3.61182114909434,23.9854419317347));
#8624=CARTESIAN_POINT('',(-3.78406717916832,35.829872791588,23.9854419317347));
#8625=CARTESIAN_POINT('',(-6.50360831840882,35.829872791588,24.142807213716));
#8626=CARTESIAN_POINT('',(-6.50360831840882,11.4418523699917,24.142807213716));
#8627=CARTESIAN_POINT('',(-6.50360831840883,11.4418523699917,2.05));
#8628=CARTESIAN_POINT('',(-6.50360831840882,11.4418523699917,24.142807213716));
#8629=CARTESIAN_POINT('',(-6.50360831840882,35.829872791588,2.05));
#8630=CARTESIAN_POINT('',(-6.50360831840882,13.5,2.05));
#8631=CARTESIAN_POINT('',(-6.50360831840882,13.5,25.));
#8632=CARTESIAN_POINT('',(-6.50360831840882,13.5,24.142807213716));
#8633=CARTESIAN_POINT('',(-6.50360831840882,35.829872791588,24.142807213716));
#8634=CARTESIAN_POINT('',(-6.50360831840882,35.829872791588,24.142807213716));
#8635=CARTESIAN_POINT('',(-6.50360831840882,8.61278361376611,24.142807213716));
#8636=CARTESIAN_POINT('',(-6.50360831840882,8.61278361376611,24.142807213716));
#8637=CARTESIAN_POINT('',(-6.50360831840883,8.61278361376611,2.05));
#8638=CARTESIAN_POINT('',(-6.50360831840882,35.829872791588,24.142807213716));
#8639=CARTESIAN_POINT('',(-6.50360831840882,6.47186671716295,24.142807213716));
#8640=CARTESIAN_POINT('',(-6.50360831840882,6.47186671716295,24.142807213716));
#8641=CARTESIAN_POINT('',(-6.50360831840883,6.47186671716295,2.05));
#8642=CARTESIAN_POINT('',(-6.50360831840882,35.829872791588,2.05));
#8643=CARTESIAN_POINT('',(-6.50360831840882,35.829872791588,24.142807213716));
#8644=CARTESIAN_POINT('',(-6.50360831840882,3.60456730206946,24.142807213716));
#8645=CARTESIAN_POINT('',(-6.50360831840882,3.60456730206946,24.142807213716));
#8646=CARTESIAN_POINT('',(-6.50360831840883,3.60456730206946,2.05));
#8647=CARTESIAN_POINT('',(-6.50360831840882,35.829872791588,24.142807213716));
#8648=CARTESIAN_POINT('',(-6.50360831840882,1.46126098928706,24.142807213716));
#8649=CARTESIAN_POINT('',(-6.50360831840882,1.46126098928706,24.142807213716));
#8650=CARTESIAN_POINT('',(-6.50360831840883,1.46126098928706,2.05));
#8651=CARTESIAN_POINT('',(-6.50360831840882,35.829872791588,2.05));
#8652=CARTESIAN_POINT('',(-6.50360831840882,35.829872791588,24.142807213716));
#8653=CARTESIAN_POINT('',(-6.50360831840882,-6.29466698616221,24.142807213716));
#8654=CARTESIAN_POINT('',(-6.50360831840882,-6.29466698616221,24.142807213716));
#8655=CARTESIAN_POINT('',(-6.50360831840883,-6.29466698616221,2.05));
#8656=CARTESIAN_POINT('',(-6.50360831840882,35.829872791588,24.142807213716));
#8657=CARTESIAN_POINT('',(-6.50360831840882,-8.58249304944333,24.142807213716));
#8658=CARTESIAN_POINT('',(-6.50360831840882,-8.58249304944333,24.1428072137159));
#8659=CARTESIAN_POINT('',(-6.50360831840883,-8.58249304944333,2.05));
#8660=CARTESIAN_POINT('',(-6.50360831840882,35.829872791588,2.05));
#8661=CARTESIAN_POINT('',(-6.50360831840882,35.829872791588,24.142807213716));
#8662=CARTESIAN_POINT('',(-6.50360831840882,-1.38241404505202,24.142807213716));
#8663=CARTESIAN_POINT('',(-6.50360831840882,-1.38241404505202,24.142807213716));
#8664=CARTESIAN_POINT('',(-6.50360831840883,-1.38241404505201,2.05));
#8665=CARTESIAN_POINT('',(-6.50360831840882,35.829872791588,24.142807213716));
#8666=CARTESIAN_POINT('',(-6.50360831840882,-3.61182114909434,24.142807213716));
#8667=CARTESIAN_POINT('',(-6.50360831840882,-3.61182114909434,24.142807213716));
#8668=CARTESIAN_POINT('',(-6.50360831840883,-3.61182114909434,2.05));
#8669=CARTESIAN_POINT('',(-6.50360831840882,35.829872791588,2.05));
#8670=CARTESIAN_POINT('',(-7.36080110469279,35.829872791588,24.142807213716));
#8671=CARTESIAN_POINT('',(-7.36080110469279,11.4418523699917,24.142807213716));
#8672=CARTESIAN_POINT('',(-7.36080110469279,13.5,24.142807213716));
#8673=CARTESIAN_POINT('',(-7.36080110469279,35.829872791588,24.142807213716));
#8674=CARTESIAN_POINT('',(-7.36080110469279,8.61278361376611,24.142807213716));
#8675=CARTESIAN_POINT('',(-7.36080110469279,6.47186671716295,24.142807213716));
#8676=CARTESIAN_POINT('',(-7.36080110469279,35.829872791588,24.142807213716));
#8677=CARTESIAN_POINT('',(-7.36080110469279,3.60456730206946,24.142807213716));
#8678=CARTESIAN_POINT('',(-7.36080110469279,1.46126098928706,24.142807213716));
#8679=CARTESIAN_POINT('',(-7.36080110469279,35.829872791588,24.142807213716));
#8680=CARTESIAN_POINT('',(-7.36080110469279,-6.29466698616221,24.142807213716));
#8681=CARTESIAN_POINT('',(-7.36080110469279,-8.58249304944333,24.142807213716));
#8682=CARTESIAN_POINT('',(-7.36080110469279,35.829872791588,24.142807213716));
#8683=CARTESIAN_POINT('',(-7.36080110469279,-1.38241404505202,24.142807213716));
#8684=CARTESIAN_POINT('',(-7.36080110469279,-3.61182114909434,24.142807213716));
#8685=CARTESIAN_POINT('',(-2.76950911090301,35.829872791588,23.9854419317347));
#8686=CARTESIAN_POINT('',(-2.76950911090301,11.4418523699917,23.9854419317347));
#8687=CARTESIAN_POINT('',(-2.76950911090301,13.5,23.9854419317347));
#8688=CARTESIAN_POINT('',(-2.76950911090301,35.829872791588,23.9854419317347));
#8689=CARTESIAN_POINT('',(-2.76950911090301,8.61278361376611,23.9854419317347));
#8690=CARTESIAN_POINT('',(-2.76950911090301,6.47186671716295,23.9854419317347));
#8691=CARTESIAN_POINT('',(-2.76950911090301,35.829872791588,23.9854419317347));
#8692=CARTESIAN_POINT('',(-2.76950911090301,3.60456730206946,23.9854419317347));
#8693=CARTESIAN_POINT('',(-2.76950911090301,1.46126098928706,23.9854419317347));
#8694=CARTESIAN_POINT('',(-2.76950911090301,35.829872791588,23.9854419317347));
#8695=CARTESIAN_POINT('',(-2.76950911090301,-6.29466698616221,23.9854419317347));
#8696=CARTESIAN_POINT('',(-2.76950911090301,-8.58249304944333,23.9854419317347));
#8697=CARTESIAN_POINT('',(-2.76950911090301,35.829872791588,23.9854419317347));
#8698=CARTESIAN_POINT('',(-2.76950911090301,-1.38241404505202,23.9854419317347));
#8699=CARTESIAN_POINT('',(-2.76950911090301,-3.61182114909434,23.9854419317347));
#8700=CARTESIAN_POINT('',(-8.5704595842316,35.829872791588,2.05));
#8701=CARTESIAN_POINT('',(-8.5704595842316,11.4418523699917,2.05));
#8702=CARTESIAN_POINT('',(-8.57045958423161,11.4418523699917,24.2505619067112));
#8703=CARTESIAN_POINT('',(-8.57045958423161,11.4418523699917,2.05));
#8704=CARTESIAN_POINT('',(-8.57045958423161,35.829872791588,24.2505619067112));
#8705=CARTESIAN_POINT('',(-8.57045958423161,13.5,24.2505619067112));
#8706=CARTESIAN_POINT('',(-8.5704595842316,13.5,25.));
#8707=CARTESIAN_POINT('',(-8.5704595842316,13.5,2.05));
#8708=CARTESIAN_POINT('',(-8.5704595842316,35.829872791588,2.05));
#8709=CARTESIAN_POINT('',(-8.5704595842316,35.829872791588,2.05));
#8710=CARTESIAN_POINT('',(-8.5704595842316,8.61278361376611,2.05));
#8711=CARTESIAN_POINT('',(-8.57045958423161,8.61278361376611,2.05));
#8712=CARTESIAN_POINT('',(-8.57045958423161,8.61278361376611,24.2505619067112));
#8713=CARTESIAN_POINT('',(-8.5704595842316,35.829872791588,2.05));
#8714=CARTESIAN_POINT('',(-8.57045958423161,6.47186671716295,2.05));
#8715=CARTESIAN_POINT('',(-8.5704595842316,6.47186671716297,2.04999999999997));
#8716=CARTESIAN_POINT('',(-8.57045958423161,6.47186671716295,24.2505619067112));
#8717=CARTESIAN_POINT('',(-8.57045958423161,35.829872791588,24.2505619067112));
#8718=CARTESIAN_POINT('',(-8.5704595842316,35.829872791588,2.05));
#8719=CARTESIAN_POINT('',(-8.5704595842316,3.60456730206946,2.05));
#8720=CARTESIAN_POINT('',(-8.57045958423161,3.60456730206946,2.05));
#8721=CARTESIAN_POINT('',(-8.57045958423161,3.60456730206946,24.2505619067112));
#8722=CARTESIAN_POINT('',(-8.5704595842316,35.829872791588,2.05));
#8723=CARTESIAN_POINT('',(-8.57045958423161,1.46126098928706,2.05));
#8724=CARTESIAN_POINT('',(-8.5704595842316,1.46126098928706,2.05));
#8725=CARTESIAN_POINT('',(-8.57045958423161,1.46126098928706,24.2505619067112));
#8726=CARTESIAN_POINT('',(-8.57045958423161,35.829872791588,24.2505619067112));
#8727=CARTESIAN_POINT('',(-8.5704595842316,35.829872791588,2.05));
#8728=CARTESIAN_POINT('',(-8.5704595842316,-6.29466698616221,2.05));
#8729=CARTESIAN_POINT('',(-8.57045958423161,-6.29466698616221,2.05));
#8730=CARTESIAN_POINT('',(-8.57045958423161,-6.29466698616221,24.2505619067112));
#8731=CARTESIAN_POINT('',(-8.5704595842316,35.829872791588,2.05));
#8732=CARTESIAN_POINT('',(-8.57045958423161,-8.58249304944333,2.05));
#8733=CARTESIAN_POINT('',(-8.5704595842316,-8.58249304944326,2.04999999999984));
#8734=CARTESIAN_POINT('',(-8.57045958423161,-8.58249304944333,24.2505619067112));
#8735=CARTESIAN_POINT('',(-8.57045958423161,35.829872791588,24.2505619067112));
#8736=CARTESIAN_POINT('',(-8.5704595842316,35.829872791588,2.05));
#8737=CARTESIAN_POINT('',(-8.5704595842316,-1.38241404505202,2.05));
#8738=CARTESIAN_POINT('',(-8.57045958423161,-1.38241404505201,2.05));
#8739=CARTESIAN_POINT('',(-8.57045958423161,-1.38241404505202,24.2505619067112));
#8740=CARTESIAN_POINT('',(-8.5704595842316,35.829872791588,2.05));
#8741=CARTESIAN_POINT('',(-8.57045958423161,-3.61182114909434,2.05));
#8742=CARTESIAN_POINT('',(-8.5704595842316,-3.61182114909434,2.05));
#8743=CARTESIAN_POINT('',(-8.57045958423161,-3.61182114909434,24.2505619067112));
#8744=CARTESIAN_POINT('',(-8.57045958423161,35.829872791588,24.2505619067112));
#8745=CARTESIAN_POINT('',(-11.3,35.829872791588,24.2127255458528));
#8746=CARTESIAN_POINT('',(-11.3,11.4418523699917,24.2127255458528));
#8747=CARTESIAN_POINT('',(-11.3,11.4418523699917,2.05));
#8748=CARTESIAN_POINT('',(-11.3,11.4418523699917,24.2127255458528));
#8749=CARTESIAN_POINT('',(-11.3,35.829872791588,2.05));
#8750=CARTESIAN_POINT('',(-11.3,13.5,2.05));
#8751=CARTESIAN_POINT('',(-11.3,13.5,25.));
#8752=CARTESIAN_POINT('',(-11.3,13.5,24.2127255458528));
#8753=CARTESIAN_POINT('',(-11.3,35.829872791588,24.2127255458528));
#8754=CARTESIAN_POINT('',(-11.3,35.829872791588,24.2127255458528));
#8755=CARTESIAN_POINT('',(-11.3,8.61278361376611,24.2127255458528));
#8756=CARTESIAN_POINT('',(-11.3,8.61278361376611,24.2127255458528));
#8757=CARTESIAN_POINT('',(-11.3,8.61278361376611,2.05));
#8758=CARTESIAN_POINT('',(-11.3,35.829872791588,24.2127255458528));
#8759=CARTESIAN_POINT('',(-11.3,6.47186671716295,24.2127255458528));
#8760=CARTESIAN_POINT('',(-11.3,6.47186671716295,24.2127255458528));
#8761=CARTESIAN_POINT('',(-11.3,6.47186671716295,2.05));
#8762=CARTESIAN_POINT('',(-11.3,35.829872791588,2.05));
#8763=CARTESIAN_POINT('',(-11.3,35.829872791588,24.2127255458528));
#8764=CARTESIAN_POINT('',(-11.3,3.60456730206946,24.2127255458528));
#8765=CARTESIAN_POINT('',(-11.3,3.60456730206946,24.2127255458528));
#8766=CARTESIAN_POINT('',(-11.3,3.60456730206946,2.05));
#8767=CARTESIAN_POINT('',(-11.3,35.829872791588,24.2127255458528));
#8768=CARTESIAN_POINT('',(-11.3,1.46126098928706,24.2127255458528));
#8769=CARTESIAN_POINT('',(-11.3,1.46126098928706,24.2127255458528));
#8770=CARTESIAN_POINT('',(-11.3,1.46126098928706,2.05));
#8771=CARTESIAN_POINT('',(-11.3,35.829872791588,2.05));
#8772=CARTESIAN_POINT('',(-11.3,35.829872791588,24.2127255458528));
#8773=CARTESIAN_POINT('',(-11.3,-6.29466698616221,24.2127255458528));
#8774=CARTESIAN_POINT('',(-11.3,-6.29466698616221,24.2127255458528));
#8775=CARTESIAN_POINT('',(-11.3,-6.29466698616221,2.05));
#8776=CARTESIAN_POINT('',(-11.3,35.829872791588,24.2127255458528));
#8777=CARTESIAN_POINT('',(-11.3,-8.58249304944333,24.2127255458528));
#8778=CARTESIAN_POINT('',(-11.3,-8.58249304944333,24.2127255458527));
#8779=CARTESIAN_POINT('',(-11.3,-8.58249304944333,2.05));
#8780=CARTESIAN_POINT('',(-11.3,35.829872791588,2.05));
#8781=CARTESIAN_POINT('',(-11.3,35.829872791588,24.2127255458528));
#8782=CARTESIAN_POINT('',(-11.3,-1.38241404505202,24.2127255458528));
#8783=CARTESIAN_POINT('',(-11.3,-1.38241404505202,24.2127255458528));
#8784=CARTESIAN_POINT('',(-11.3,-1.38241404505201,2.05));
#8785=CARTESIAN_POINT('',(-11.3,35.829872791588,24.2127255458528));
#8786=CARTESIAN_POINT('',(-11.3,-3.61182114909434,24.2127255458528));
#8787=CARTESIAN_POINT('',(-11.3,-3.61182114909434,24.2127255458528));
#8788=CARTESIAN_POINT('',(-11.3,-3.61182114909434,2.05));
#8789=CARTESIAN_POINT('',(-11.3,35.829872791588,2.05));
#8790=CARTESIAN_POINT('',(-7.82102149094282,35.829872791588,24.2505619067112));
#8791=CARTESIAN_POINT('',(-7.82102149094282,11.4418523699917,24.2505619067112));
#8792=CARTESIAN_POINT('',(-7.82102149094282,13.5,24.2505619067112));
#8793=CARTESIAN_POINT('',(-7.82102149094282,35.829872791588,24.2505619067112));
#8794=CARTESIAN_POINT('',(-7.82102149094282,8.61278361376611,24.2505619067112));
#8795=CARTESIAN_POINT('',(-7.82102149094282,6.47186671716295,24.2505619067112));
#8796=CARTESIAN_POINT('',(-7.82102149094282,35.829872791588,24.2505619067112));
#8797=CARTESIAN_POINT('',(-7.82102149094282,3.60456730206946,24.2505619067112));
#8798=CARTESIAN_POINT('',(-7.82102149094282,1.46126098928706,24.2505619067112));
#8799=CARTESIAN_POINT('',(-7.82102149094282,35.829872791588,24.2505619067112));
#8800=CARTESIAN_POINT('',(-7.82102149094282,-6.29466698616221,24.2505619067112));
#8801=CARTESIAN_POINT('',(-7.82102149094282,-8.58249304944333,24.2505619067112));
#8802=CARTESIAN_POINT('',(-7.82102149094282,35.829872791588,24.2505619067112));
#8803=CARTESIAN_POINT('',(-7.82102149094282,-1.38241404505202,24.2505619067112));
#8804=CARTESIAN_POINT('',(-7.82102149094282,-3.61182114909434,24.2505619067112));
#8805=CARTESIAN_POINT('',(-12.0872744541472,35.829872791588,24.2127255458528));
#8806=CARTESIAN_POINT('',(-12.0872744541472,11.4418523699917,24.2127255458528));
#8807=CARTESIAN_POINT('',(-12.0872744541472,13.5,24.2127255458528));
#8808=CARTESIAN_POINT('',(-12.0872744541472,35.829872791588,24.2127255458528));
#8809=CARTESIAN_POINT('',(-12.0872744541472,8.61278361376611,24.2127255458528));
#8810=CARTESIAN_POINT('',(-12.0872744541472,6.47186671716295,24.2127255458528));
#8811=CARTESIAN_POINT('',(-12.0872744541472,35.829872791588,24.2127255458528));
#8812=CARTESIAN_POINT('',(-12.0872744541472,3.60456730206946,24.2127255458528));
#8813=CARTESIAN_POINT('',(-12.0872744541472,1.46126098928706,24.2127255458528));
#8814=CARTESIAN_POINT('',(-12.0872744541472,35.829872791588,24.2127255458528));
#8815=CARTESIAN_POINT('',(-12.0872744541472,-6.29466698616221,24.2127255458528));
#8816=CARTESIAN_POINT('',(-12.0872744541472,-8.58249304944333,24.2127255458528));
#8817=CARTESIAN_POINT('',(-12.0872744541472,35.829872791588,24.2127255458528));
#8818=CARTESIAN_POINT('',(-12.0872744541472,-1.38241404505202,24.2127255458528));
#8819=CARTESIAN_POINT('',(-12.0872744541472,-3.61182114909434,24.2127255458528));
#8820=CARTESIAN_POINT('',(12.5088900067052,18.8713114147729,24.0088900067052));
#8821=CARTESIAN_POINT('',(12.5088900067052,11.4418523699917,24.0088900067052));
#8822=CARTESIAN_POINT('',(12.5088900067052,13.5,24.0088900067052));
#8823=CARTESIAN_POINT('',(12.5088900067052,18.8713114147729,24.0088900067052));
#8824=CARTESIAN_POINT('',(12.5088900067052,8.61278361376611,24.0088900067052));
#8825=CARTESIAN_POINT('',(12.5088900067052,6.47186671716295,24.0088900067052));
#8826=CARTESIAN_POINT('',(12.5088900067052,18.8713114147729,24.0088900067052));
#8827=CARTESIAN_POINT('',(12.5088900067052,3.60456730206946,24.0088900067052));
#8828=CARTESIAN_POINT('',(12.5088900067052,1.46126098928706,24.0088900067052));
#8829=CARTESIAN_POINT('',(12.5088900067052,18.8713114147729,24.0088900067052));
#8830=CARTESIAN_POINT('',(12.5088900067052,-6.29466698616221,24.0088900067052));
#8831=CARTESIAN_POINT('',(12.5088900067052,-8.58249304944333,24.0088900067052));
#8832=CARTESIAN_POINT('',(12.5088900067052,18.8713114147729,24.0088900067052));
#8833=CARTESIAN_POINT('',(12.5088900067052,-1.38241404505202,24.0088900067052));
#8834=CARTESIAN_POINT('',(12.5088900067052,-3.61182114909434,24.0088900067052));
#8835=CARTESIAN_POINT('',(-12.5088900067052,18.8713114147729,24.0088900067052));
#8836=CARTESIAN_POINT('',(-12.5088900067052,11.4418523699917,24.0088900067052));
#8837=CARTESIAN_POINT('',(-13.5,11.4418523699917,24.0088900067052));
#8838=CARTESIAN_POINT('',(-12.5088900067052,13.5,24.0088900067052));
#8839=CARTESIAN_POINT('',(-13.5,13.5,24.0088900067052));
#8840=CARTESIAN_POINT('',(-13.5,18.8713114147729,24.0088900067052));
#8841=CARTESIAN_POINT('',(-12.5088900067052,18.8713114147729,24.0088900067052));
#8842=CARTESIAN_POINT('',(-12.5088900067052,8.61278361376611,24.0088900067052));
#8843=CARTESIAN_POINT('',(-13.5,8.61278361376611,24.0088900067052));
#8844=CARTESIAN_POINT('',(-13.5,18.8713114147729,24.0088900067052));
#8845=CARTESIAN_POINT('',(-13.5,6.47186671716295,24.0088900067052));
#8846=CARTESIAN_POINT('',(-12.5088900067052,6.47186671716295,24.0088900067052));
#8847=CARTESIAN_POINT('',(-12.5088900067052,18.8713114147729,24.0088900067052));
#8848=CARTESIAN_POINT('',(-12.5088900067052,3.60456730206946,24.0088900067052));
#8849=CARTESIAN_POINT('',(-13.5,3.60456730206946,24.0088900067052));
#8850=CARTESIAN_POINT('',(-13.5,18.8713114147729,24.0088900067052));
#8851=CARTESIAN_POINT('',(-13.5,1.46126098928706,24.0088900067052));
#8852=CARTESIAN_POINT('',(-12.5088900067052,1.46126098928706,24.0088900067052));
#8853=CARTESIAN_POINT('',(-12.5088900067052,18.8713114147729,24.0088900067052));
#8854=CARTESIAN_POINT('',(-12.5088900067052,-6.29466698616221,24.0088900067052));
#8855=CARTESIAN_POINT('',(-13.5,-6.29466698616221,24.0088900067052));
#8856=CARTESIAN_POINT('',(-13.5,18.8713114147729,24.0088900067052));
#8857=CARTESIAN_POINT('',(-13.5,-8.58249304944333,24.0088900067052));
#8858=CARTESIAN_POINT('',(-12.5088900067052,-8.58249304944333,24.0088900067052));
#8859=CARTESIAN_POINT('',(-12.5088900067052,18.8713114147729,24.0088900067052));
#8860=CARTESIAN_POINT('',(-12.5088900067052,-1.38241404505202,24.0088900067052));
#8861=CARTESIAN_POINT('',(-13.5,-1.38241404505202,24.0088900067052));
#8862=CARTESIAN_POINT('',(-13.5,18.8713114147729,24.0088900067052));
#8863=CARTESIAN_POINT('',(-13.5,-3.61182114909434,24.0088900067052));
#8864=CARTESIAN_POINT('',(-12.5088900067052,-3.61182114909434,24.0088900067052));
#8865=CARTESIAN_POINT('',(13.5,13.5,25.));
#8866=CARTESIAN_POINT('',(13.5,13.5,2.05));
#8867=CARTESIAN_POINT('',(13.5,13.5,2.05));
#8868=CARTESIAN_POINT('',(13.5,13.5,2.05));
#8869=CARTESIAN_POINT('',(13.5,13.5,2.05));
#8870=CARTESIAN_POINT('',(13.5,13.5,0.));
#8871=CARTESIAN_POINT('',(-13.5,13.5,0.));
#8872=CARTESIAN_POINT('',(-13.5,13.5,25.));
#8873=CARTESIAN_POINT('',(-13.5,13.5,25.));
#8874=CARTESIAN_POINT('',(-13.5,13.5,2.05));
#8875=CARTESIAN_POINT('',(-13.5,8.61278361376611,2.05));
#8876=CARTESIAN_POINT('',(-13.5,11.4418523699917,2.05));
#8877=CARTESIAN_POINT('',(-13.5,11.4418523699917,25.));
#8878=CARTESIAN_POINT('',(-13.5,13.5,0.));
#8879=CARTESIAN_POINT('',(-13.5,-13.5,0.));
#8880=CARTESIAN_POINT('',(-13.5,-13.5,25.));
#8881=CARTESIAN_POINT('',(-13.5,-13.5,24.0088900067052));
#8882=CARTESIAN_POINT('',(-13.5,18.8713114147729,24.0088900067052));
#8883=CARTESIAN_POINT('',(-13.5,-11.2824930494433,24.0088900067052));
#8884=CARTESIAN_POINT('',(-13.5,-11.2824930494433,25.));
#8885=CARTESIAN_POINT('',(-13.5,-11.2824930494433,2.05));
#8886=CARTESIAN_POINT('',(-13.5,13.5,2.05));
#8887=CARTESIAN_POINT('',(-13.5,-8.58249304944333,2.05));
#8888=CARTESIAN_POINT('',(-13.5,-8.58249304944334,24.9999999999999));
#8889=CARTESIAN_POINT('',(-13.5,-6.29466698616221,25.));
#8890=CARTESIAN_POINT('',(-13.5,-6.29466698616221,2.05));
#8891=CARTESIAN_POINT('',(-13.5,13.5,2.05));
#8892=CARTESIAN_POINT('',(-13.5,-3.61182114909434,2.05));
#8893=CARTESIAN_POINT('',(-13.5,-3.61182114909433,25.));
#8894=CARTESIAN_POINT('',(-13.5,-1.38241404505201,25.));
#8895=CARTESIAN_POINT('',(-13.5,-1.38241404505201,2.05));
#8896=CARTESIAN_POINT('',(-13.5,13.5,2.05));
#8897=CARTESIAN_POINT('',(-13.5,1.46126098928706,2.05));
#8898=CARTESIAN_POINT('',(-13.5,1.46126098928706,25.));
#8899=CARTESIAN_POINT('',(-13.5,3.60456730206946,25.));
#8900=CARTESIAN_POINT('',(-13.5,3.60456730206946,2.05));
#8901=CARTESIAN_POINT('',(-13.5,13.5,2.05));
#8902=CARTESIAN_POINT('',(-13.5,6.47186671716295,2.05));
#8903=CARTESIAN_POINT('',(-13.5,6.47186671716295,25.));
#8904=CARTESIAN_POINT('',(-13.5,8.61278361376611,25.));
#8905=CARTESIAN_POINT('',(0.,0.,25.));
#8906=CARTESIAN_POINT('',(-29.8861638608737,-11.2824930494433,25.));
#8907=CARTESIAN_POINT('',(-12.5088900067052,-11.2824930494433,25.));
#8908=CARTESIAN_POINT('',(-12.0872744541472,-11.2824930494433,25.));
#8909=CARTESIAN_POINT('',(-12.5088900067052,18.8713114147729,25.));
#8910=CARTESIAN_POINT('',(-12.5088900067052,-13.5,25.));
#8911=CARTESIAN_POINT('',(-13.5,-13.5,25.));
#8912=CARTESIAN_POINT('',(-12.0872744541472,-13.5,25.));
#8913=CARTESIAN_POINT('',(-12.0872744541472,35.829872791588,25.));
#8914=CARTESIAN_POINT('',(0.,0.,25.));
#8915=CARTESIAN_POINT('',(-29.8861638608737,-11.2824930494433,25.));
#8916=CARTESIAN_POINT('',(-7.82102149094282,-11.2824930494433,25.));
#8917=CARTESIAN_POINT('',(-7.36080110469279,-11.2824930494433,25.));
#8918=CARTESIAN_POINT('',(-7.82102149094282,35.829872791588,25.));
#8919=CARTESIAN_POINT('',(-7.82102149094282,-13.5,25.));
#8920=CARTESIAN_POINT('',(-13.5,-13.5,25.));
#8921=CARTESIAN_POINT('',(-7.36080110469279,-13.5,25.));
#8922=CARTESIAN_POINT('',(-7.36080110469279,35.829872791588,25.));
#8923=CARTESIAN_POINT('',(0.,0.,25.));
#8924=CARTESIAN_POINT('',(-29.8861638608737,-11.2824930494433,25.));
#8925=CARTESIAN_POINT('',(-2.76950911090301,-11.2824930494433,25.));
#8926=CARTESIAN_POINT('',(-2.73013745919297,-11.2824930494433,25.));
#8927=CARTESIAN_POINT('',(-2.76950911090301,35.829872791588,25.));
#8928=CARTESIAN_POINT('',(-2.76950911090301,-13.5,25.));
#8929=CARTESIAN_POINT('',(-13.5,-13.5,25.));
#8930=CARTESIAN_POINT('',(-2.73013745919297,-13.5,25.));
#8931=CARTESIAN_POINT('',(-2.73013745919297,35.829872791588,25.));
#8932=CARTESIAN_POINT('',(0.,0.,25.));
#8933=CARTESIAN_POINT('',(-29.8861638608737,-11.2824930494433,25.));
#8934=CARTESIAN_POINT('',(1.78406717916831,-11.2824930494433,25.));
#8935=CARTESIAN_POINT('',(2.76950911090301,-11.2824930494433,25.));
#8936=CARTESIAN_POINT('',(1.78406717916832,35.829872791588,25.));
#8937=CARTESIAN_POINT('',(1.78406717916832,-13.5,25.));
#8938=CARTESIAN_POINT('',(-13.5,-13.5,25.));
#8939=CARTESIAN_POINT('',(2.76950911090301,-13.5,25.));
#8940=CARTESIAN_POINT('',(2.76950911090301,35.829872791588,25.));
#8941=CARTESIAN_POINT('',(0.,0.,25.));
#8942=CARTESIAN_POINT('',(-29.8861638608737,-11.2824930494433,25.));
#8943=CARTESIAN_POINT('',(7.36080110469279,-11.2824930494433,25.));
#8944=CARTESIAN_POINT('',(7.82102149094282,-11.2824930494433,25.));
#8945=CARTESIAN_POINT('',(7.36080110469279,35.829872791588,25.));
#8946=CARTESIAN_POINT('',(7.36080110469279,-13.5,25.));
#8947=CARTESIAN_POINT('',(-13.5,-13.5,25.));
#8948=CARTESIAN_POINT('',(7.82102149094282,-13.5,25.));
#8949=CARTESIAN_POINT('',(7.82102149094282,35.829872791588,25.));
#8950=CARTESIAN_POINT('',(0.,0.,25.));
#8951=CARTESIAN_POINT('',(-29.8861638608737,-11.2824930494433,25.));
#8952=CARTESIAN_POINT('',(12.0872744541472,-11.2824930494433,25.));
#8953=CARTESIAN_POINT('',(12.5088900067052,-11.2824930494433,25.));
#8954=CARTESIAN_POINT('',(12.0872744541472,35.829872791588,25.));
#8955=CARTESIAN_POINT('',(12.0872744541472,-13.5,25.));
#8956=CARTESIAN_POINT('',(-13.5,-13.5,25.));
#8957=CARTESIAN_POINT('',(12.5088900067052,-13.5,25.));
#8958=CARTESIAN_POINT('',(12.5088900067052,18.8713114147729,25.));
#8959=CARTESIAN_POINT('',(-13.5,-13.5,25.));
#8960=CARTESIAN_POINT('',(-12.5088900067052,-13.5,24.0088900067052));
#8961=CARTESIAN_POINT('',(-13.5,-13.5,0.));
#8962=CARTESIAN_POINT('',(12.5088900067052,-13.5,24.0088900067052));
#8963=CARTESIAN_POINT('',(12.0872744541472,-13.5,24.2127255458528));
#8964=CARTESIAN_POINT('',(11.3,-13.5,24.2127255458528));
#8965=CARTESIAN_POINT('',(11.3,-13.5,24.2127255458528));
#8966=CARTESIAN_POINT('',(11.3,-13.5,2.05));
#8967=CARTESIAN_POINT('',(11.3,-13.5,2.05));
#8968=CARTESIAN_POINT('',(8.5704595842316,-13.5,2.05));
#8969=CARTESIAN_POINT('',(8.5704595842316,-13.5,2.05));
#8970=CARTESIAN_POINT('',(8.57045958423161,-13.5,24.2505619067112));
#8971=CARTESIAN_POINT('',(7.82102149094282,-13.5,24.2505619067112));
#8972=CARTESIAN_POINT('',(7.36080110469279,-13.5,24.142807213716));
#8973=CARTESIAN_POINT('',(6.50360831840882,-13.5,24.142807213716));
#8974=CARTESIAN_POINT('',(6.50360831840882,-13.5,24.142807213716));
#8975=CARTESIAN_POINT('',(6.50360831840882,-13.5,2.05));
#8976=CARTESIAN_POINT('',(6.50360831840882,-13.5,2.05));
#8977=CARTESIAN_POINT('',(3.78406717916831,-13.5,2.05));
#8978=CARTESIAN_POINT('',(3.78406717916831,-13.5,2.05));
#8979=CARTESIAN_POINT('',(3.78406717916832,-13.5,23.9854419317347));
#8980=CARTESIAN_POINT('',(2.76950911090301,-13.5,23.9854419317347));
#8981=CARTESIAN_POINT('',(1.78406717916832,-13.5,24.0539297199753));
#8982=CARTESIAN_POINT('',(1.78406717916832,-13.5,8.68495714391577));
#8983=CARTESIAN_POINT('',(1.49752975507542,-13.5,8.38430432961617));
#8984=CARTESIAN_POINT('',(1.37230093735755,-13.5,8.25290649703819));
#8985=CARTESIAN_POINT('',(1.60164226275561,-13.5,8.03433254897553));
#8986=CARTESIAN_POINT('',(1.38306831469295,-13.5,7.80499122357748));
#8987=CARTESIAN_POINT('',(1.51446614727094,-13.5,7.67976240585961));
#8988=CARTESIAN_POINT('',(1.78406717916832,-13.5,7.42281890977884));
#8989=CARTESIAN_POINT('',(1.78406717916832,-13.5,7.42281890977884));
#8990=CARTESIAN_POINT('',(1.78406717916832,-13.5,4.67064814115416));
#8991=CARTESIAN_POINT('',(1.78406717916832,-13.5,4.67064814115416));
#8992=CARTESIAN_POINT('',(0.693484350793293,-13.5,2.78362187489489));
#8993=CARTESIAN_POINT('',(2.00254477656774E-16,-13.5,3.18441233459592));
#8994=CARTESIAN_POINT('',(-0.693484350793294,-13.5,2.7836218748949));
#8995=CARTESIAN_POINT('',(-1.78406717916832,-13.5,4.67064814115416));
#8996=CARTESIAN_POINT('',(-1.78406717916832,-13.5,4.67064814115416));
#8997=CARTESIAN_POINT('',(-1.78406717916832,-13.5,7.42281890977884));
#8998=CARTESIAN_POINT('',(-1.78406717916832,-13.5,7.42281890977884));
#8999=CARTESIAN_POINT('',(-1.38306831469295,-13.5,7.80499122357748));
#9000=CARTESIAN_POINT('',(-1.38306831469295,-13.5,7.80499122357748));
#9001=CARTESIAN_POINT('',(-1.60164226275561,-13.5,8.03433254897553));
#9002=CARTESIAN_POINT('',(-1.37230093735755,-13.5,8.25290649703819));
#9003=CARTESIAN_POINT('',(-1.78406717916832,-13.5,8.68495714391577));
#9004=CARTESIAN_POINT('',(-1.78406717916832,-13.5,8.68495714391577));
#9005=CARTESIAN_POINT('',(-1.78406717916832,-13.5,24.0539297199753));
#9006=CARTESIAN_POINT('',(-1.78406717916832,-13.5,24.0539297199753));
#9007=CARTESIAN_POINT('',(-2.73013745919297,-13.5,24.0539297199753));
#9008=CARTESIAN_POINT('',(-2.76950911090301,-13.5,23.9854419317347));
#9009=CARTESIAN_POINT('',(-3.78406717916832,-13.5,23.9854419317347));
#9010=CARTESIAN_POINT('',(-3.78406717916831,-13.5,2.05));
#9011=CARTESIAN_POINT('',(-3.78406717916831,-13.5,2.05));
#9012=CARTESIAN_POINT('',(-3.78406717916831,-13.5,2.05));
#9013=CARTESIAN_POINT('',(-6.50360831840882,-13.5,2.05));
#9014=CARTESIAN_POINT('',(-6.50360831840882,-13.5,24.142807213716));
#9015=CARTESIAN_POINT('',(-6.50360831840882,-13.5,24.142807213716));
#9016=CARTESIAN_POINT('',(-7.36080110469279,-13.5,24.142807213716));
#9017=CARTESIAN_POINT('',(-7.82102149094282,-13.5,24.2505619067112));
#9018=CARTESIAN_POINT('',(-8.57045958423161,-13.5,24.2505619067112));
#9019=CARTESIAN_POINT('',(-8.5704595842316,-13.5,2.05));
#9020=CARTESIAN_POINT('',(-8.5704595842316,-13.5,2.05));
#9021=CARTESIAN_POINT('',(-8.5704595842316,-13.5,2.05));
#9022=CARTESIAN_POINT('',(-11.3,-13.5,2.05));
#9023=CARTESIAN_POINT('',(-11.3,-13.5,24.2127255458528));
#9024=CARTESIAN_POINT('',(-11.3,-13.5,24.2127255458528));
#9025=CARTESIAN_POINT('',(-12.0872744541472,-13.5,24.2127255458528));
#9026=CARTESIAN_POINT('',(0.,0.,0.));
#9027=CARTESIAN_POINT('',(11.3,35.829872791588,24.2127255458528));
#9028=CARTESIAN_POINT('',(11.3,-11.2824930494433,24.2127255458528));
#9029=CARTESIAN_POINT('',(11.3,-11.2824930494433,2.05));
#9030=CARTESIAN_POINT('',(11.3,-11.2824930494433,24.2127255458528));
#9031=CARTESIAN_POINT('',(11.3,35.829872791588,2.05));
#9032=CARTESIAN_POINT('',(11.3,35.829872791588,24.2127255458528));
#9033=CARTESIAN_POINT('',(8.5704595842316,35.829872791588,2.05));
#9034=CARTESIAN_POINT('',(8.5704595842316,-11.2824930494433,2.05));
#9035=CARTESIAN_POINT('',(8.57045958423161,-11.2824930494433,24.2505619067112));
#9036=CARTESIAN_POINT('',(8.57045958423159,-11.2824930494433,2.05));
#9037=CARTESIAN_POINT('',(8.57045958423161,35.829872791588,24.2505619067112));
#9038=CARTESIAN_POINT('',(8.5704595842316,35.829872791588,2.05));
#9039=CARTESIAN_POINT('',(7.82102149094282,35.829872791588,24.2505619067112));
#9040=CARTESIAN_POINT('',(7.82102149094282,-11.2824930494433,24.2505619067112));
#9041=CARTESIAN_POINT('',(12.0872744541472,35.829872791588,24.2127255458528));
#9042=CARTESIAN_POINT('',(12.0872744541472,-11.2824930494433,24.2127255458528));
#9043=CARTESIAN_POINT('',(6.50360831840882,35.829872791588,24.142807213716));
#9044=CARTESIAN_POINT('',(6.50360831840882,-11.2824930494433,24.142807213716));
#9045=CARTESIAN_POINT('',(6.50360831840881,-11.2824930494433,2.05));
#9046=CARTESIAN_POINT('',(6.50360831840882,-11.2824930494433,24.142807213716));
#9047=CARTESIAN_POINT('',(6.50360831840882,35.829872791588,2.05));
#9048=CARTESIAN_POINT('',(6.50360831840882,35.829872791588,24.142807213716));
#9049=CARTESIAN_POINT('',(3.78406717916831,35.829872791588,2.05));
#9050=CARTESIAN_POINT('',(3.78406717916831,-11.2824930494433,2.05));
#9051=CARTESIAN_POINT('',(3.78406717916832,-11.2824930494433,23.9854419317347));
#9052=CARTESIAN_POINT('',(3.7840671791683,-11.2824930494433,2.05));
#9053=CARTESIAN_POINT('',(3.78406717916832,35.829872791588,23.9854419317347));
#9054=CARTESIAN_POINT('',(3.78406717916831,35.829872791588,2.05));
#9055=CARTESIAN_POINT('',(2.76950911090301,35.829872791588,23.9854419317347));
#9056=CARTESIAN_POINT('',(2.76950911090301,-11.2824930494433,23.9854419317347));
#9057=CARTESIAN_POINT('',(7.36080110469279,35.829872791588,24.142807213716));
#9058=CARTESIAN_POINT('',(7.36080110469279,-11.2824930494433,24.142807213716));
#9059=CARTESIAN_POINT('',(1.78406717916832,35.829872791588,24.0539297199753));
#9060=CARTESIAN_POINT('',(1.78406717916832,-11.2824930494433,24.0539297199753));
#9061=CARTESIAN_POINT('',(1.78406717916832,-11.2824930494433,8.68495714391577));
#9062=CARTESIAN_POINT('',(1.78406717916832,35.829872791588,8.68495714391577));
#9063=CARTESIAN_POINT('',(1.49752975507542,35.829872791588,8.38430432961617));
#9064=CARTESIAN_POINT('',(1.49752975507542,-11.2824930494433,8.38430432961617));
#9065=CARTESIAN_POINT('',(1.37230093735755,-11.2824930494433,8.25290649703819));
#9066=CARTESIAN_POINT('',(1.37230093735755,35.829872791588,8.25290649703819));
#9067=CARTESIAN_POINT('',(1.60164226275561,35.829872791588,8.03433254897553));
#9068=CARTESIAN_POINT('',(1.60164226275561,-11.2824930494433,8.03433254897553));
#9069=CARTESIAN_POINT('',(1.38306831469295,-11.2824930494433,7.80499122357748));
#9070=CARTESIAN_POINT('',(1.38306831469295,35.829872791588,7.80499122357748));
#9071=CARTESIAN_POINT('',(1.51446614727094,35.829872791588,7.67976240585961));
#9072=CARTESIAN_POINT('',(1.51446614727094,-11.2824930494433,7.67976240585961));
#9073=CARTESIAN_POINT('',(1.78406717916832,-11.2824930494433,7.42281890977884));
#9074=CARTESIAN_POINT('',(1.78406717916832,35.829872791588,7.42281890977884));
#9075=CARTESIAN_POINT('',(1.78406717916832,35.829872791588,7.42281890977884));
#9076=CARTESIAN_POINT('',(1.78406717916832,-11.2824930494433,7.42281890977884));
#9077=CARTESIAN_POINT('',(1.78406717916832,-11.2824930494433,4.67064814115416));
#9078=CARTESIAN_POINT('',(1.78406717916832,35.829872791588,4.67064814115416));
#9079=CARTESIAN_POINT('',(1.78406717916832,35.829872791588,4.67064814115416));
#9080=CARTESIAN_POINT('',(1.78406717916832,-11.2824930494433,4.67064814115416));
#9081=CARTESIAN_POINT('',(0.693484350793293,-11.2824930494433,2.78362187489489));
#9082=CARTESIAN_POINT('',(0.693484350793293,35.829872791588,2.78362187489489));
#9083=CARTESIAN_POINT('',(2.00254477656774E-16,35.829872791588,3.18441233459592));
#9084=CARTESIAN_POINT('',(2.00254477656774E-16,-11.2824930494433,3.18441233459592));
#9085=CARTESIAN_POINT('',(-0.693484350793293,-11.2824930494433,2.7836218748949));
#9086=CARTESIAN_POINT('',(-0.693484350793294,35.829872791588,2.7836218748949));
#9087=CARTESIAN_POINT('',(-1.78406717916832,35.829872791588,4.67064814115416));
#9088=CARTESIAN_POINT('',(-1.78406717916832,-11.2824930494433,4.67064814115416));
#9089=CARTESIAN_POINT('',(-1.78406717916832,-11.2824930494433,4.67064814115416));
#9090=CARTESIAN_POINT('',(-1.78406717916832,35.829872791588,4.67064814115416));
#9091=CARTESIAN_POINT('',(-1.78406717916832,35.829872791588,7.42281890977884));
#9092=CARTESIAN_POINT('',(-1.78406717916832,-11.2824930494433,7.42281890977884));
#9093=CARTESIAN_POINT('',(-1.78406717916832,-11.2824930494433,7.42281890977884));
#9094=CARTESIAN_POINT('',(-1.78406717916832,35.829872791588,7.42281890977884));
#9095=CARTESIAN_POINT('',(-1.38306831469295,35.829872791588,7.80499122357748));
#9096=CARTESIAN_POINT('',(-1.38306831469295,-11.2824930494433,7.80499122357748));
#9097=CARTESIAN_POINT('',(-1.38306831469295,-11.2824930494433,7.80499122357748));
#9098=CARTESIAN_POINT('',(-1.38306831469295,35.829872791588,7.80499122357748));
#9099=CARTESIAN_POINT('',(-1.60164226275561,35.829872791588,8.03433254897553));
#9100=CARTESIAN_POINT('',(-1.60164226275561,-11.2824930494433,8.03433254897553));
#9101=CARTESIAN_POINT('',(-1.37230093735755,-11.2824930494433,8.25290649703819));
#9102=CARTESIAN_POINT('',(-1.37230093735755,35.829872791588,8.25290649703819));
#9103=CARTESIAN_POINT('',(-1.78406717916832,35.829872791588,8.68495714391577));
#9104=CARTESIAN_POINT('',(-1.78406717916832,-11.2824930494433,8.68495714391577));
#9105=CARTESIAN_POINT('',(-1.78406717916832,-11.2824930494433,8.68495714391577));
#9106=CARTESIAN_POINT('',(-1.78406717916832,35.829872791588,8.68495714391577));
#9107=CARTESIAN_POINT('',(-1.78406717916832,35.829872791588,24.0539297199753));
#9108=CARTESIAN_POINT('',(-1.78406717916832,-11.2824930494433,24.0539297199753));
#9109=CARTESIAN_POINT('',(-1.78406717916832,-11.2824930494433,24.0539297199753));
#9110=CARTESIAN_POINT('',(-1.78406717916832,35.829872791588,24.0539297199753));
#9111=CARTESIAN_POINT('',(-2.73013745919297,35.829872791588,24.0539297199753));
#9112=CARTESIAN_POINT('',(-2.73013745919297,-11.2824930494433,24.0539297199753));
#9113=CARTESIAN_POINT('',(-3.78406717916831,35.829872791588,2.05));
#9114=CARTESIAN_POINT('',(-3.78406717916831,-11.2824930494433,2.05));
#9115=CARTESIAN_POINT('',(-3.78406717916832,-11.2824930494433,2.05));
#9116=CARTESIAN_POINT('',(-3.78406717916832,-11.2824930494433,23.9854419317347));
#9117=CARTESIAN_POINT('',(-3.78406717916831,35.829872791588,2.05));
#9118=CARTESIAN_POINT('',(-3.78406717916832,35.829872791588,23.9854419317347));
#9119=CARTESIAN_POINT('',(-6.50360831840882,35.829872791588,24.142807213716));
#9120=CARTESIAN_POINT('',(-6.50360831840882,-11.2824930494433,24.142807213716));
#9121=CARTESIAN_POINT('',(-6.50360831840882,-11.2824930494433,24.142807213716));
#9122=CARTESIAN_POINT('',(-6.50360831840883,-11.2824930494433,2.05));
#9123=CARTESIAN_POINT('',(-6.50360831840882,35.829872791588,24.142807213716));
#9124=CARTESIAN_POINT('',(-6.50360831840882,35.829872791588,2.05));
#9125=CARTESIAN_POINT('',(-7.36080110469279,35.829872791588,24.142807213716));
#9126=CARTESIAN_POINT('',(-7.36080110469279,-11.2824930494433,24.142807213716));
#9127=CARTESIAN_POINT('',(-2.76950911090301,35.829872791588,23.9854419317347));
#9128=CARTESIAN_POINT('',(-2.76950911090301,-11.2824930494433,23.9854419317347));
#9129=CARTESIAN_POINT('',(-8.5704595842316,35.829872791588,2.05));
#9130=CARTESIAN_POINT('',(-8.5704595842316,-11.2824930494433,2.05));
#9131=CARTESIAN_POINT('',(-8.57045958423161,-11.2824930494433,2.05));
#9132=CARTESIAN_POINT('',(-8.57045958423161,-11.2824930494433,24.2505619067112));
#9133=CARTESIAN_POINT('',(-8.5704595842316,35.829872791588,2.05));
#9134=CARTESIAN_POINT('',(-8.57045958423161,35.829872791588,24.2505619067112));
#9135=CARTESIAN_POINT('',(-8.5704595842316,35.829872791588,2.05));
#9136=CARTESIAN_POINT('',(-29.8861638608737,8.61278361376611,2.05));
#9137=CARTESIAN_POINT('',(-29.8861638608737,6.47186671716295,2.05));
#9138=CARTESIAN_POINT('',(-29.8861638608737,3.60456730206946,2.05));
#9139=CARTESIAN_POINT('',(-29.8861638608737,1.46126098928706,2.05));
#9140=CARTESIAN_POINT('',(-29.8861638608737,-1.38241404505201,2.05));
#9141=CARTESIAN_POINT('',(-29.8861638608737,-3.61182114909434,2.05));
#9142=CARTESIAN_POINT('',(-29.8861638608737,-6.29466698616221,2.05));
#9143=CARTESIAN_POINT('',(-29.8861638608737,-8.58249304944333,2.05));
#9144=CARTESIAN_POINT('',(-29.8861638608737,8.61278361376611,2.05));
#9145=CARTESIAN_POINT('',(-29.8861638608737,6.47186671716295,2.05));
#9146=CARTESIAN_POINT('',(-29.8861638608737,3.60456730206946,2.05));
#9147=CARTESIAN_POINT('',(-29.8861638608737,1.46126098928706,2.05));
#9148=CARTESIAN_POINT('',(-29.8861638608737,-1.38241404505201,2.05));
#9149=CARTESIAN_POINT('',(-29.8861638608737,-3.61182114909434,2.05));
#9150=CARTESIAN_POINT('',(-29.8861638608737,-6.29466698616221,2.05));
#9151=CARTESIAN_POINT('',(-29.8861638608737,-8.58249304944333,2.05));
#9152=CARTESIAN_POINT('',(-29.8861638608737,8.61278361376611,2.05));
#9153=CARTESIAN_POINT('',(-29.8861638608737,6.47186671716295,2.05));
#9154=CARTESIAN_POINT('',(-29.8861638608737,3.60456730206946,2.05));
#9155=CARTESIAN_POINT('',(-29.8861638608737,1.46126098928706,2.05));
#9156=CARTESIAN_POINT('',(-29.8861638608737,-1.38241404505201,2.05));
#9157=CARTESIAN_POINT('',(-29.8861638608737,-3.61182114909434,2.05));
#9158=CARTESIAN_POINT('',(-29.8861638608737,-6.29466698616221,2.05));
#9159=CARTESIAN_POINT('',(-29.8861638608737,-8.58249304944333,2.05));
#9160=CARTESIAN_POINT('',(-29.8861638608737,-11.2824930494433,2.05));
#9161=CARTESIAN_POINT('',(-29.8861638608737,-11.2824930494433,2.05));
#9162=CARTESIAN_POINT('',(-29.8861638608737,-11.2824930494433,2.05));
#9163=CARTESIAN_POINT('',(-29.8861638608737,-11.2824930494433,2.05));
#9164=CARTESIAN_POINT('',(-29.8861638608737,-8.58249304944333,2.05));
#9165=CARTESIAN_POINT('',(-29.8861638608737,-6.29466698616221,2.05));
#9166=CARTESIAN_POINT('',(-29.8861638608737,-3.61182114909434,2.05));
#9167=CARTESIAN_POINT('',(-29.8861638608737,-1.38241404505201,2.05));
#9168=CARTESIAN_POINT('',(-29.8861638608737,1.46126098928706,2.05));
#9169=CARTESIAN_POINT('',(-29.8861638608737,3.60456730206946,2.05));
#9170=CARTESIAN_POINT('',(-29.8861638608737,6.47186671716295,2.05));
#9171=CARTESIAN_POINT('',(-29.8861638608737,8.61278361376611,2.05));
#9172=CARTESIAN_POINT('',(-29.8861638608737,11.4418523699917,2.05));
#9173=CARTESIAN_POINT('',(-29.8861638608737,11.4418523699917,2.05));
#9174=CARTESIAN_POINT('',(-29.8861638608737,11.4418523699917,2.05));
#9175=CARTESIAN_POINT('',(-29.8861638608737,11.4418523699917,2.05));
#9176=CARTESIAN_POINT('',(-29.8861638608737,11.4418523699917,2.05));
#9177=CARTESIAN_POINT('',(-29.8861638608737,8.61278361376611,2.05));
#9178=CARTESIAN_POINT('',(-29.8861638608737,6.47186671716295,2.05));
#9179=CARTESIAN_POINT('',(-29.8861638608737,3.60456730206946,2.05));
#9180=CARTESIAN_POINT('',(-29.8861638608737,1.46126098928706,2.05));
#9181=CARTESIAN_POINT('',(-29.8861638608737,-1.38241404505201,2.05));
#9182=CARTESIAN_POINT('',(-29.8861638608737,-3.61182114909434,2.05));
#9183=CARTESIAN_POINT('',(-29.8861638608737,-6.29466698616221,2.05));
#9184=CARTESIAN_POINT('',(-29.8861638608737,-8.58249304944333,2.05));
#9185=CARTESIAN_POINT('',(-29.8861638608737,-11.2824930494433,2.05));
#9186=CARTESIAN_POINT('',(-11.3,-11.2824930494433,2.05));
#9187=CARTESIAN_POINT('',(-11.3,35.829872791588,2.05));
#9188=CARTESIAN_POINT('',(-11.3,35.829872791588,24.2127255458528));
#9189=CARTESIAN_POINT('',(-11.3,-11.2824930494433,24.2127255458528));
#9190=CARTESIAN_POINT('',(-11.3,-11.2824930494433,24.2127255458528));
#9191=CARTESIAN_POINT('',(-11.3,35.829872791588,24.2127255458528));
#9192=CARTESIAN_POINT('',(-7.82102149094282,35.829872791588,24.2505619067112));
#9193=CARTESIAN_POINT('',(-7.82102149094282,-11.2824930494433,24.2505619067112));
#9194=CARTESIAN_POINT('',(-12.0872744541472,35.829872791588,24.2127255458528));
#9195=CARTESIAN_POINT('',(-12.0872744541472,-11.2824930494433,24.2127255458528));
#9196=CARTESIAN_POINT('',(12.5088900067052,18.8713114147729,24.0088900067052));
#9197=CARTESIAN_POINT('',(12.5088900067052,-11.2824930494433,24.0088900067052));
#9198=CARTESIAN_POINT('',(-12.5088900067052,18.8713114147729,24.0088900067052));
#9199=CARTESIAN_POINT('',(-12.5088900067052,-11.2824930494433,24.0088900067052));
#9200=CARTESIAN_POINT('',(-29.8861638608737,-11.2824930494433,2.38344196224589));
#9201=CARTESIAN_POINT('',(-29.8861638608737,-8.58249304944333,24.0088900067052));
#9202=CARTESIAN_POINT('',(-29.8861638608737,-6.29466698616221,2.38344196224589));
#9203=CARTESIAN_POINT('',(-29.8861638608737,-3.61182114909434,2.38344196224589));
#9204=CARTESIAN_POINT('',(-29.8861638608737,-1.38241404505201,2.38344196224589));
#9205=CARTESIAN_POINT('',(-29.8861638608737,1.46126098928706,24.0088900067052));
#9206=CARTESIAN_POINT('',(-29.8861638608737,3.60456730206946,24.0088900067052));
#9207=CARTESIAN_POINT('',(-29.8861638608737,6.47186671716295,24.0088900067052));
#9208=CARTESIAN_POINT('',(-29.8861638608737,8.61278361376611,24.0088900067052));
#9209=CARTESIAN_POINT('',(-29.8861638608737,11.4418523699917,24.0088900067052));
#9210=CARTESIAN_POINT('',(-29.8861638608737,-11.2824930494433,2.38344196224589));
#9211=CARTESIAN_POINT('',(-29.8861638608737,-8.58249304944333,24.0088900067052));
#9212=CARTESIAN_POINT('',(-29.8861638608737,-6.29466698616221,2.38344196224589));
#9213=CARTESIAN_POINT('',(-29.8861638608737,-3.61182114909434,2.38344196224589));
#9214=CARTESIAN_POINT('',(-29.8861638608737,-1.38241404505201,2.38344196224589));
#9215=CARTESIAN_POINT('',(-29.8861638608737,1.46126098928706,24.0088900067052));
#9216=CARTESIAN_POINT('',(-29.8861638608737,3.60456730206946,24.0088900067052));
#9217=CARTESIAN_POINT('',(-29.8861638608737,6.47186671716295,24.0088900067052));
#9218=CARTESIAN_POINT('',(-29.8861638608737,8.61278361376611,24.0088900067052));
#9219=CARTESIAN_POINT('',(-29.8861638608737,11.4418523699917,24.0088900067052));
#9220=CARTESIAN_POINT('',(-29.8861638608737,-11.2824930494433,2.38344196224589));
#9221=CARTESIAN_POINT('',(-29.8861638608737,-8.58249304944333,24.0088900067052));
#9222=CARTESIAN_POINT('',(-29.8861638608737,-6.29466698616221,2.38344196224589));
#9223=CARTESIAN_POINT('',(-29.8861638608737,-3.61182114909434,2.38344196224589));
#9224=CARTESIAN_POINT('',(-29.8861638608737,-1.38241404505201,2.38344196224589));
#9225=CARTESIAN_POINT('',(-29.8861638608737,1.46126098928706,24.0088900067052));
#9226=CARTESIAN_POINT('',(-29.8861638608737,3.60456730206946,24.0088900067052));
#9227=CARTESIAN_POINT('',(-29.8861638608737,6.47186671716295,24.0088900067052));
#9228=CARTESIAN_POINT('',(-29.8861638608737,8.61278361376611,24.0088900067052));
#9229=CARTESIAN_POINT('',(-29.8861638608737,11.4418523699917,24.0088900067052));
#9230=CARTESIAN_POINT('',(-29.8861638608737,-11.2824930494433,2.38344196224589));
#9231=CARTESIAN_POINT('',(-29.8861638608737,-8.58249304944333,24.0088900067052));
#9232=CARTESIAN_POINT('',(-29.8861638608737,-6.29466698616221,2.38344196224589));
#9233=CARTESIAN_POINT('',(-29.8861638608737,-3.61182114909434,2.38344196224589));
#9234=CARTESIAN_POINT('',(-29.8861638608737,-1.38241404505201,2.38344196224589));
#9235=CARTESIAN_POINT('',(-29.8861638608737,1.46126098928706,24.0088900067052));
#9236=CARTESIAN_POINT('',(-29.8861638608737,3.60456730206946,24.0088900067052));
#9237=CARTESIAN_POINT('',(-29.8861638608737,6.47186671716295,24.0088900067052));
#9238=CARTESIAN_POINT('',(-29.8861638608737,8.61278361376611,24.0088900067052));
#9239=CARTESIAN_POINT('',(-29.8861638608737,11.4418523699917,24.0088900067052));
#9240=CARTESIAN_POINT('',(-29.8861638608737,-8.58249304944333,24.0088900067052));
#9241=CARTESIAN_POINT('',(-29.8861638608737,-11.2824930494433,2.38344196224589));
#9242=CARTESIAN_POINT('',(-29.8861638608737,-6.29466698616221,2.38344196224589));
#9243=CARTESIAN_POINT('',(-29.8861638608737,-3.61182114909434,2.38344196224589));
#9244=CARTESIAN_POINT('',(-29.8861638608737,1.46126098928706,24.0088900067052));
#9245=CARTESIAN_POINT('',(-29.8861638608737,-1.38241404505201,2.38344196224589));
#9246=CARTESIAN_POINT('',(-29.8861638608737,6.47186671716295,24.0088900067052));
#9247=CARTESIAN_POINT('',(-29.8861638608737,3.60456730206946,24.0088900067052));
#9248=CARTESIAN_POINT('',(-29.8861638608737,11.4418523699917,24.0088900067052));
#9249=CARTESIAN_POINT('',(-29.8861638608737,8.61278361376611,24.0088900067052));
#9250=MECHANICAL_DESIGN_GEOMETRIC_PRESENTATION_REPRESENTATION('',(#5603),
#9251);
#9251=(
GEOMETRIC_REPRESENTATION_CONTEXT(3)
GLOBAL_UNCERTAINTY_ASSIGNED_CONTEXT((#9252))
GLOBAL_UNIT_ASSIGNED_CONTEXT((#9255,#9254,#9253))
REPRESENTATION_CONTEXT('374524B60023G','TOP_LEVEL_ASSEMBLY_PART')
);
#9252=UNCERTAINTY_MEASURE_WITH_UNIT(LENGTH_MEASURE(0.005),#9255,
'DISTANCE_ACCURACY_VALUE','Maximum Tolerance applied to model');
#9253=(
NAMED_UNIT(*)
SI_UNIT($,.STERADIAN.)
SOLID_ANGLE_UNIT()
);
#9254=(
NAMED_UNIT(*)
PLANE_ANGLE_UNIT()
SI_UNIT($,.RADIAN.)
);
#9255=(
LENGTH_UNIT()
NAMED_UNIT(*)
SI_UNIT(.MILLI.,.METRE.)
);
#9256=PRODUCT_DEFINITION_SHAPE('','',#9257);
#9257=PRODUCT_DEFINITION('','',#9259,#9258);
#9258=PRODUCT_DEFINITION_CONTEXT('',#9265,'design');
#9259=PRODUCT_DEFINITION_FORMATION_WITH_SPECIFIED_SOURCE('','',#9261,
 .NOT_KNOWN.);
#9260=PRODUCT_RELATED_PRODUCT_CATEGORY('','',(#9261));
#9261=PRODUCT('374524B60023G','374524B60023G','374524B60023G',(#9263));
#9262=PRODUCT_CATEGORY('','');
#9263=PRODUCT_CONTEXT('',#9265,'mechanical');
#9264=APPLICATION_PROTOCOL_DEFINITION('international standard',
'automotive_design',2010,#9265);
#9265=APPLICATION_CONTEXT(
'core data for automotive mechanical design processes');
ENDSEC;
END-ISO-10303-21;
